conversion_id,campaign_id,customer_id,conversion_date,revenue_amount,product_category,discount_applied
1,1,830,2024-01-15,845.75,Home Appliances,0
2,1,103,2024-01-14,883.62,Computing,15
3,1,3430,2024-01-15,1025.32,Accessories,0
4,1,2302,2024-01-11,886.2,Accessories,15
5,1,6504,2024-01-09,851.65,Home Appliances,20
6,1,9837,2024-01-09,739.73,Computing,0
7,1,6925,2024-01-11,832.89,Mobile Accessories,15
8,1,4425,2024-01-09,839.42,Mobile Accessories,0
9,1,714,2024-01-15,780.46,Accessories,20
10,1,2243,2024-01-13,942.77,Home Appliances,5
11,1,7601,2024-01-16,809.65,Computing,10
12,1,4459,2024-01-08,610.31,Computing,5
13,1,2974,2024-01-12,964.95,Home Appliances,0
14,1,5952,2024-01-13,778.13,Electronics,20
15,1,9556,2024-01-13,733.09,Home Appliances,10
16,1,5902,2024-01-10,758.99,Accessories,0
17,1,9074,2024-01-07,835.02,Electronics,10
18,1,9750,2024-01-12,625.52,Accessories,20
19,1,960,2024-01-13,800.89,Electronics,15
20,1,9975,2024-01-16,787.6,Accessories,5
21,1,9592,2024-01-11,880.66,Electronics,5
22,1,5426,2024-01-12,933.44,Electronics,15
23,1,6164,2024-01-16,968.81,Mobile Accessories,5
24,1,3224,2024-01-14,817.75,Accessories,10
25,1,2165,2024-01-15,712.95,Home Appliances,0
26,1,554,2024-01-11,754.0,Electronics,10
27,1,8414,2024-01-09,685.96,Electronics,20
28,1,362,2024-01-11,748.23,Electronics,20
29,1,6082,2024-01-08,836.89,Electronics,20
30,1,5123,2024-01-08,759.81,Electronics,10
31,1,6949,2024-01-12,1101.45,Accessories,10
32,1,2057,2024-01-11,614.01,Home Appliances,15
33,1,5539,2024-01-07,704.52,Home Appliances,5
34,1,2485,2024-01-13,860.15,Mobile Accessories,10
35,1,7530,2024-01-07,815.14,Computing,5
36,1,5864,2024-01-12,901.09,Electronics,10
37,1,7588,2024-01-07,876.78,Electronics,0
38,1,627,2024-01-09,796.58,Computing,20
39,1,1480,2024-01-05,860.0,Accessories,10
40,1,3101,2024-01-05,842.45,Electronics,0
41,1,7408,2024-01-08,725.58,Mobile Accessories,10
42,1,1199,2024-01-09,908.68,Computing,15
43,1,7909,2024-01-06,778.98,Electronics,10
44,1,1100,2024-01-12,910.24,Accessories,10
45,1,4877,2024-01-08,1134.63,Electronics,5
46,1,9891,2024-01-10,629.61,Accessories,10
47,1,575,2024-01-13,868.05,Electronics,15
48,1,1793,2024-01-10,797.73,Accessories,5
49,1,7865,2024-01-12,696.4,Home Appliances,10
50,1,2045,2024-01-10,695.95,Electronics,10
51,1,9668,2024-01-16,862.85,Computing,20
52,1,1001,2024-01-13,950.94,Home Appliances,5
53,1,3310,2024-01-06,564.57,Accessories,0
54,1,1003,2024-01-15,883.12,Accessories,5
55,1,223,2024-01-12,837.15,Mobile Accessories,20
56,1,5957,2024-01-07,1068.39,Computing,0
57,1,6155,2024-01-13,666.09,Electronics,15
58,1,8049,2024-01-15,541.72,Home Appliances,5
59,1,8668,2024-01-15,1238.02,Accessories,5
60,1,5146,2024-01-13,894.59,Computing,10
61,1,7519,2024-01-13,822.39,Home Appliances,10
62,1,6536,2024-01-15,1007.26,Home Appliances,20
63,1,3288,2024-01-07,517.04,Mobile Accessories,15
64,1,9733,2024-01-13,833.74,Home Appliances,15
65,1,7665,2024-01-07,983.39,Mobile Accessories,15
66,1,4030,2024-01-13,782.83,Accessories,15
67,1,7744,2024-01-10,755.22,Mobile Accessories,10
68,1,6419,2024-01-13,586.98,Home Appliances,15
69,1,5667,2024-01-12,492.19,Accessories,5
70,1,652,2024-01-09,708.65,Home Appliances,15
71,1,8298,2024-01-12,564.29,Home Appliances,0
72,1,6811,2024-01-11,1079.94,Electronics,10
73,1,9284,2024-01-10,852.6,Accessories,15
74,1,7649,2024-01-16,905.01,Accessories,5
75,1,5323,2024-01-13,664.28,Accessories,15
76,1,5407,2024-01-07,936.38,Home Appliances,0
77,1,4690,2024-01-08,695.21,Accessories,20
78,1,9594,2024-01-05,766.75,Home Appliances,0
79,1,2822,2024-01-10,1001.61,Mobile Accessories,10
80,1,4071,2024-01-07,803.96,Mobile Accessories,20
81,1,8115,2024-01-10,1010.5,Home Appliances,10
82,1,485,2024-01-14,868.98,Electronics,20
83,1,7325,2024-01-10,949.56,Accessories,15
84,1,9446,2024-01-15,737.95,Electronics,15
85,1,2377,2024-01-15,858.34,Electronics,5
86,1,1564,2024-01-09,943.45,Computing,20
87,1,84,2024-01-16,799.48,Accessories,20
88,1,1590,2024-01-15,712.43,Electronics,5
89,1,2098,2024-01-13,918.95,Computing,5
90,1,7931,2024-01-07,623.96,Electronics,15
91,1,2594,2024-01-16,904.03,Home Appliances,5
92,1,9136,2024-01-05,893.75,Computing,15
93,1,4805,2024-01-10,965.23,Home Appliances,10
94,1,7248,2024-01-06,702.72,Electronics,5
95,1,6790,2024-01-08,907.88,Home Appliances,10
96,1,3437,2024-01-15,909.09,Mobile Accessories,10
97,1,4899,2024-01-08,867.36,Electronics,10
98,1,6486,2024-01-14,886.92,Computing,10
99,1,3168,2024-01-08,671.27,Electronics,5
100,1,533,2024-01-16,859.81,Mobile Accessories,5
101,1,8643,2024-01-16,806.51,Accessories,10
102,1,9056,2024-01-06,619.76,Mobile Accessories,20
103,1,7680,2024-01-12,853.6,Electronics,20
104,1,8109,2024-01-16,809.0,Accessories,5
105,1,3613,2024-01-09,1066.65,Electronics,15
106,1,7513,2024-01-06,1060.13,Accessories,5
107,1,1494,2024-01-07,977.93,Home Appliances,0
108,1,2776,2024-01-13,668.13,Mobile Accessories,5
109,1,5596,2024-01-10,927.56,Accessories,5
110,1,5534,2024-01-05,681.9,Home Appliances,5
111,1,7376,2024-01-05,959.7,Home Appliances,15
112,1,6672,2024-01-09,1042.04,Computing,10
113,1,1009,2024-01-12,594.34,Accessories,15
114,1,9477,2024-01-13,822.12,Mobile Accessories,20
115,1,465,2024-01-06,503.25,Computing,0
116,1,7962,2024-01-14,796.61,Computing,5
117,1,2162,2024-01-05,677.69,Mobile Accessories,15
118,1,3785,2024-01-08,417.56,Mobile Accessories,5
119,1,5438,2024-01-10,642.41,Accessories,10
120,1,2870,2024-01-10,1171.34,Computing,5
121,1,8684,2024-01-10,886.85,Accessories,20
122,1,5859,2024-01-11,751.75,Computing,15
123,1,7642,2024-01-08,604.59,Accessories,10
124,1,1949,2024-01-11,622.52,Accessories,10
125,1,5848,2024-01-12,844.05,Mobile Accessories,20
126,1,5531,2024-01-15,578.35,Electronics,0
127,1,3285,2024-01-11,751.68,Computing,15
128,1,4813,2024-01-14,858.69,Computing,0
129,1,6317,2024-01-13,994.97,Accessories,15
130,1,8633,2024-01-08,709.77,Home Appliances,15
131,1,726,2024-01-10,871.44,Electronics,15
132,1,1166,2024-01-11,1090.91,Mobile Accessories,20
133,1,9342,2024-01-12,915.17,Home Appliances,5
134,1,6745,2024-01-06,983.54,Accessories,10
135,1,5150,2024-01-15,1061.63,Home Appliances,0
136,1,5021,2024-01-10,965.24,Electronics,10
137,1,9930,2024-01-06,956.18,Home Appliances,20
138,1,2232,2024-01-09,915.9,Home Appliances,10
139,1,2411,2024-01-11,1094.76,Mobile Accessories,15
140,1,7735,2024-01-15,635.85,Electronics,0
141,1,2885,2024-01-11,1244.65,Mobile Accessories,5
142,1,4265,2024-01-10,917.5,Computing,0
143,1,3557,2024-01-08,599.56,Accessories,20
144,1,6424,2024-01-09,1030.09,Electronics,15
145,1,4909,2024-01-09,685.08,Accessories,5
146,1,6286,2024-01-14,627.62,Electronics,15
147,1,2847,2024-01-13,860.33,Accessories,0
148,1,1894,2024-01-10,735.53,Computing,10
149,1,2539,2024-01-11,657.62,Electronics,5
150,1,2166,2024-01-16,873.43,Mobile Accessories,20
151,1,4556,2024-01-16,933.95,Accessories,20
152,1,8787,2024-01-05,754.62,Mobile Accessories,15
153,1,7981,2024-01-14,723.11,Electronics,15
154,1,9999,2024-01-05,893.45,Accessories,5
155,1,7451,2024-01-08,887.03,Computing,0
156,1,9082,2024-01-13,886.07,Computing,0
157,1,1261,2024-01-07,961.55,Home Appliances,15
158,1,4189,2024-01-13,827.35,Mobile Accessories,5
159,1,1581,2024-01-16,704.6,Mobile Accessories,10
160,1,3116,2024-01-12,661.5,Computing,0
161,1,7964,2024-01-05,833.7,Computing,15
162,1,8303,2024-01-09,719.84,Home Appliances,20
163,1,7120,2024-01-16,939.54,Computing,0
164,1,4731,2024-01-06,521.27,Electronics,5
165,1,6464,2024-01-05,889.49,Computing,5
166,1,7263,2024-01-07,949.37,Home Appliances,10
167,1,4549,2024-01-15,851.91,Accessories,15
168,1,5302,2024-01-13,896.49,Home Appliances,10
169,1,1130,2024-01-15,821.64,Mobile Accessories,0
170,1,1492,2024-01-12,510.46,Home Appliances,20
171,1,3695,2024-01-06,913.92,Computing,0
172,1,2217,2024-01-10,759.77,Mobile Accessories,20
173,1,9906,2024-01-08,642.88,Electronics,0
174,1,2473,2024-01-08,700.43,Accessories,5
175,1,3386,2024-01-13,905.98,Computing,15
176,1,1117,2024-01-13,686.89,Computing,15
177,1,9476,2024-01-11,935.61,Computing,20
178,1,6742,2024-01-16,919.39,Computing,15
179,1,1361,2024-01-16,785.95,Electronics,5
180,1,3218,2024-01-07,877.03,Mobile Accessories,15
181,1,7130,2024-01-06,590.66,Mobile Accessories,0
182,1,8062,2024-01-12,844.58,Accessories,5
183,1,7367,2024-01-10,866.19,Computing,20
184,1,9235,2024-01-10,910.25,Mobile Accessories,5
185,1,9417,2024-01-08,975.85,Computing,0
186,1,874,2024-01-15,740.31,Electronics,10
187,1,2446,2024-01-13,959.63,Electronics,0
188,1,8164,2024-01-06,595.17,Accessories,0
189,1,337,2024-01-06,1003.19,Computing,0
190,1,4961,2024-01-13,849.12,Home Appliances,20
191,1,7407,2024-01-12,601.0,Home Appliances,15
192,1,7100,2024-01-11,579.85,Home Appliances,20
193,1,5793,2024-01-14,717.33,Computing,0
194,1,9547,2024-01-14,617.69,Home Appliances,10
195,1,3273,2024-01-08,665.85,Home Appliances,15
196,1,5626,2024-01-07,1053.08,Electronics,20
197,1,1948,2024-01-09,897.34,Computing,15
198,1,1064,2024-01-08,809.04,Computing,5
199,1,899,2024-01-06,1134.28,Mobile Accessories,15
200,1,2689,2024-01-09,941.22,Home Appliances,0
201,1,7670,2024-01-13,326.95,Computing,10
202,1,3247,2024-01-06,950.09,Mobile Accessories,0
203,1,2691,2024-01-09,891.02,Accessories,0
204,1,505,2024-01-07,722.72,Home Appliances,15
205,1,8119,2024-01-11,750.91,Computing,20
206,1,147,2024-01-12,1049.12,Electronics,0
207,1,3750,2024-01-07,804.28,Computing,10
208,1,7549,2024-01-13,967.81,Accessories,5
209,1,2937,2024-01-06,988.3,Mobile Accessories,15
210,1,3719,2024-01-08,1016.81,Accessories,20
211,1,9100,2024-01-14,700.48,Mobile Accessories,0
212,1,6632,2024-01-05,1041.73,Computing,5
213,1,7866,2024-01-14,825.09,Accessories,5
214,1,447,2024-01-11,996.2,Accessories,5
215,1,6591,2024-01-07,648.39,Home Appliances,5
216,1,9670,2024-01-11,907.96,Accessories,10
217,1,3428,2024-01-11,1058.72,Accessories,0
218,1,8540,2024-01-05,877.64,Home Appliances,0
219,1,3388,2024-01-06,819.03,Computing,0
220,1,2437,2024-01-12,959.99,Home Appliances,20
221,1,5019,2024-01-11,748.71,Computing,10
222,1,7459,2024-01-06,710.84,Home Appliances,15
223,2,3990,2024-02-13,560.11,Home Appliances,5
224,2,7632,2024-02-08,627.63,Computing,10
225,2,4814,2024-02-16,319.06,Computing,20
226,2,5993,2024-02-12,515.46,Computing,5
227,2,6137,2024-02-14,724.21,Mobile Accessories,15
228,2,3389,2024-02-10,502.94,Accessories,15
229,2,6932,2024-02-09,564.53,Computing,15
230,2,2213,2024-02-11,564.5,Home Appliances,10
231,2,3737,2024-02-11,595.67,Accessories,15
232,2,6406,2024-02-11,491.86,Accessories,0
233,2,1531,2024-02-16,753.12,Electronics,0
234,2,8424,2024-02-12,501.16,Electronics,20
235,2,7364,2024-02-17,481.79,Accessories,0
236,2,3087,2024-02-17,427.7,Home Appliances,10
237,2,1265,2024-02-13,328.45,Computing,5
238,2,8759,2024-02-08,879.33,Electronics,5
239,2,1558,2024-02-11,647.86,Electronics,10
240,2,3854,2024-02-08,701.06,Electronics,20
241,2,8583,2024-02-08,553.83,Electronics,5
242,2,2329,2024-02-16,692.98,Mobile Accessories,0
243,2,8949,2024-02-17,609.49,Computing,20
244,2,1237,2024-02-09,597.37,Accessories,5
245,2,167,2024-02-13,342.05,Home Appliances,15
246,2,1034,2024-02-17,443.08,Computing,5
247,2,1837,2024-02-17,570.16,Mobile Accessories,15
248,2,4671,2024-02-17,357.44,Home Appliances,10
249,2,816,2024-02-14,515.3,Computing,20
250,2,7123,2024-02-09,444.3,Electronics,10
251,2,1582,2024-02-10,624.9,Electronics,10
252,2,2709,2024-02-13,486.09,Accessories,20
253,2,1029,2024-02-12,551.84,Mobile Accessories,20
254,2,7412,2024-02-17,562.94,Computing,15
255,2,509,2024-02-16,543.64,Computing,10
256,2,5105,2024-02-17,439.34,Electronics,20
257,2,9838,2024-02-17,566.41,Electronics,5
258,2,3097,2024-02-16,568.42,Mobile Accessories,0
259,2,1544,2024-02-14,148.67,Accessories,10
260,2,6030,2024-02-09,385.89,Accessories,10
261,2,3170,2024-02-15,662.64,Accessories,20
262,2,107,2024-02-13,457.63,Accessories,15
263,2,5851,2024-02-16,587.52,Accessories,15
264,2,2768,2024-02-12,565.05,Accessories,20
265,2,7870,2024-02-09,406.24,Mobile Accessories,15
266,2,996,2024-02-09,616.44,Electronics,0
267,2,725,2024-02-12,624.26,Mobile Accessories,10
268,2,9917,2024-02-15,639.61,Mobile Accessories,0
269,2,7458,2024-02-08,592.2,Home Appliances,5
270,2,2136,2024-02-12,565.91,Electronics,20
271,2,7907,2024-02-14,429.44,Accessories,15
272,2,5567,2024-02-15,594.25,Mobile Accessories,10
273,2,1509,2024-02-17,483.61,Computing,15
274,2,3010,2024-02-08,603.75,Mobile Accessories,20
275,2,160,2024-02-17,599.31,Mobile Accessories,0
276,2,991,2024-02-10,498.08,Computing,10
277,2,8926,2024-02-15,711.48,Computing,0
278,2,9755,2024-02-12,612.15,Mobile Accessories,15
279,2,7297,2024-02-11,672.96,Mobile Accessories,10
280,2,3455,2024-02-14,390.36,Mobile Accessories,20
281,2,9040,2024-02-16,560.25,Mobile Accessories,15
282,2,9714,2024-02-17,445.35,Mobile Accessories,10
283,2,2888,2024-02-11,527.77,Mobile Accessories,20
284,2,4440,2024-02-12,477.41,Home Appliances,0
285,2,7284,2024-02-12,439.92,Computing,5
286,2,3832,2024-02-08,343.39,Electronics,0
287,2,8507,2024-02-17,568.02,Home Appliances,5
288,2,7997,2024-02-16,618.74,Computing,10
289,2,3924,2024-02-08,618.79,Computing,0
290,2,5048,2024-02-16,430.22,Computing,10
291,2,5454,2024-02-15,534.08,Accessories,5
292,2,1963,2024-02-11,625.26,Home Appliances,15
293,2,4991,2024-02-10,386.58,Home Appliances,10
294,2,8990,2024-02-09,553.27,Accessories,15
295,2,7750,2024-02-15,551.11,Accessories,0
296,2,2476,2024-02-10,382.66,Accessories,15
297,2,4545,2024-02-08,689.95,Mobile Accessories,5
298,2,9195,2024-02-10,487.55,Mobile Accessories,20
299,2,1245,2024-02-16,524.93,Home Appliances,15
300,2,6004,2024-02-15,429.61,Accessories,20
301,2,8856,2024-02-09,378.02,Electronics,5
302,2,5013,2024-02-09,525.39,Electronics,0
303,2,6444,2024-02-14,606.5,Home Appliances,20
304,2,6692,2024-02-11,423.26,Electronics,20
305,2,8475,2024-02-12,502.06,Electronics,15
306,2,2299,2024-02-16,717.99,Electronics,15
307,2,4611,2024-02-14,544.73,Accessories,15
308,2,2308,2024-02-14,403.57,Accessories,5
309,2,4695,2024-02-10,624.25,Electronics,5
310,2,5714,2024-02-14,439.11,Accessories,0
311,2,8737,2024-02-16,700.08,Computing,10
312,2,2408,2024-02-10,654.35,Electronics,0
313,2,6425,2024-02-08,437.29,Electronics,10
314,2,7617,2024-02-17,609.06,Accessories,0
315,2,8937,2024-02-16,361.21,Accessories,10
316,2,4589,2024-02-14,623.76,Mobile Accessories,10
317,2,9497,2024-02-16,663.78,Home Appliances,15
318,2,9810,2024-02-12,659.11,Mobile Accessories,5
319,2,8186,2024-02-13,828.46,Computing,15
320,2,2653,2024-02-13,620.06,Mobile Accessories,0
321,2,9628,2024-02-13,499.57,Electronics,5
322,2,2759,2024-02-09,503.5,Home Appliances,0
323,2,3507,2024-02-12,500.52,Electronics,5
324,2,3746,2024-02-12,632.12,Home Appliances,10
325,2,7689,2024-02-15,465.23,Computing,20
326,2,2786,2024-02-14,464.05,Accessories,5
327,2,4623,2024-02-14,425.19,Computing,20
328,2,4143,2024-02-09,598.99,Computing,10
329,2,8279,2024-02-12,662.79,Mobile Accessories,15
330,2,3270,2024-02-16,564.77,Accessories,5
331,2,9348,2024-02-10,453.9,Computing,15
332,2,6501,2024-02-14,677.16,Computing,5
333,2,6855,2024-02-12,466.59,Electronics,15
334,2,9168,2024-02-12,706.02,Electronics,5
335,2,8511,2024-02-17,507.76,Computing,5
336,2,276,2024-02-10,527.1,Mobile Accessories,10
337,2,6599,2024-02-16,439.04,Mobile Accessories,0
338,2,2443,2024-02-17,447.35,Electronics,15
339,2,5092,2024-02-14,605.28,Electronics,15
340,2,6216,2024-02-17,547.77,Mobile Accessories,15
341,2,5658,2024-02-11,343.06,Electronics,10
342,2,7134,2024-02-15,429.13,Electronics,10
343,2,8495,2024-02-17,447.35,Accessories,0
344,2,5863,2024-02-15,570.66,Computing,0
345,2,5588,2024-02-09,742.52,Computing,20
346,2,6418,2024-02-09,647.44,Home Appliances,10
347,2,6431,2024-02-16,474.43,Electronics,10
348,2,6902,2024-02-12,754.41,Accessories,15
349,2,1863,2024-02-08,555.3,Accessories,20
350,2,2261,2024-02-08,713.41,Electronics,5
351,2,3667,2024-02-15,608.36,Computing,10
352,2,9572,2024-02-11,637.53,Electronics,5
353,2,7704,2024-02-17,535.58,Electronics,10
354,2,4211,2024-02-13,567.44,Home Appliances,0
355,2,9069,2024-02-16,565.07,Electronics,15
356,2,9341,2024-02-12,616.19,Mobile Accessories,5
357,2,2327,2024-02-13,705.6,Accessories,5
358,2,1751,2024-02-15,384.3,Mobile Accessories,5
359,2,4398,2024-02-16,642.11,Electronics,15
360,2,3903,2024-02-12,428.13,Computing,10
361,2,2606,2024-02-15,923.14,Computing,5
362,2,8342,2024-02-13,381.16,Accessories,5
363,2,1490,2024-02-16,539.96,Home Appliances,10
364,2,3732,2024-02-11,366.01,Computing,15
365,2,1343,2024-02-17,408.9,Accessories,15
366,2,7055,2024-02-12,410.74,Electronics,5
367,2,3227,2024-02-11,645.79,Mobile Accessories,15
368,2,3862,2024-02-13,407.37,Computing,20
369,2,4927,2024-02-16,706.66,Mobile Accessories,20
370,2,3245,2024-02-11,418.7,Computing,15
371,2,3494,2024-02-08,645.81,Electronics,0
372,2,2617,2024-02-09,489.83,Home Appliances,20
373,2,4665,2024-02-15,532.44,Home Appliances,0
374,2,7066,2024-02-12,505.0,Electronics,5
375,2,1341,2024-02-14,666.5,Computing,0
376,2,3901,2024-02-12,512.95,Home Appliances,0
377,2,114,2024-02-13,484.82,Electronics,0
378,2,3741,2024-02-08,456.44,Electronics,5
379,2,4152,2024-02-17,427.49,Home Appliances,20
380,2,5634,2024-02-16,508.26,Electronics,20
381,2,7385,2024-02-15,587.04,Home Appliances,10
382,2,242,2024-02-14,588.98,Accessories,20
383,2,6813,2024-02-11,589.07,Computing,10
384,2,723,2024-02-08,483.05,Electronics,5
385,2,1476,2024-02-13,424.16,Home Appliances,15
386,2,5954,2024-02-17,522.43,Mobile Accessories,5
387,2,6300,2024-02-14,499.05,Home Appliances,15
388,2,7534,2024-02-15,652.64,Electronics,0
389,2,2460,2024-02-13,555.2,Mobile Accessories,5
390,2,68,2024-02-10,659.13,Computing,15
391,2,4688,2024-02-08,663.31,Mobile Accessories,5
392,2,2172,2024-02-12,478.99,Computing,20
393,2,3445,2024-02-13,543.42,Home Appliances,0
394,2,1671,2024-02-15,581.67,Mobile Accessories,10
395,2,4729,2024-02-17,569.15,Home Appliances,0
396,2,9083,2024-02-15,689.4,Home Appliances,10
397,2,9465,2024-02-16,531.83,Home Appliances,15
398,2,6668,2024-02-13,509.16,Electronics,20
399,2,2981,2024-02-10,401.0,Accessories,20
400,2,5339,2024-02-08,560.95,Accessories,15
401,2,2649,2024-02-13,478.19,Electronics,0
402,2,3801,2024-02-17,471.48,Accessories,20
403,2,4452,2024-02-10,603.75,Computing,5
404,2,7119,2024-02-11,425.06,Mobile Accessories,0
405,2,3650,2024-02-13,593.86,Home Appliances,15
406,2,1547,2024-02-12,368.5,Mobile Accessories,0
407,2,360,2024-02-11,588.41,Electronics,10
408,2,1224,2024-02-10,427.28,Electronics,10
409,2,4368,2024-02-14,251.51,Home Appliances,10
410,2,6490,2024-02-17,628.44,Computing,15
411,2,5067,2024-02-13,496.0,Electronics,15
412,2,3568,2024-02-08,471.7,Accessories,15
413,2,7229,2024-02-08,417.89,Accessories,10
414,2,351,2024-02-16,539.02,Mobile Accessories,20
415,2,3152,2024-02-09,722.3,Accessories,10
416,2,106,2024-02-17,477.85,Computing,20
417,2,7400,2024-02-10,388.76,Computing,20
418,2,2470,2024-02-10,383.31,Accessories,0
419,2,7460,2024-02-17,438.63,Home Appliances,5
420,2,7922,2024-02-12,450.9,Mobile Accessories,15
421,2,6054,2024-02-12,419.38,Mobile Accessories,15
422,2,6801,2024-02-16,495.55,Electronics,10
423,2,2026,2024-02-11,574.16,Home Appliances,20
424,2,507,2024-02-08,427.03,Electronics,20
425,2,8409,2024-02-08,551.28,Electronics,10
426,2,8689,2024-02-14,369.63,Computing,5
427,2,5886,2024-02-15,494.83,Accessories,15
428,2,5,2024-02-15,599.7,Computing,0
429,2,9335,2024-02-08,476.31,Home Appliances,0
430,2,1739,2024-02-14,466.99,Home Appliances,5
431,2,559,2024-02-09,492.65,Electronics,10
432,2,8933,2024-02-17,377.92,Electronics,5
433,2,5239,2024-02-12,651.39,Computing,15
434,2,5098,2024-02-14,413.98,Home Appliances,10
435,2,6938,2024-02-15,427.68,Accessories,15
436,2,4526,2024-02-17,585.41,Mobile Accessories,10
437,2,8756,2024-02-16,611.82,Computing,20
438,2,93,2024-02-12,605.24,Computing,20
439,2,4594,2024-02-17,511.51,Electronics,5
440,2,8685,2024-02-12,435.0,Electronics,0
441,2,48,2024-02-16,743.73,Accessories,0
442,2,6171,2024-02-13,362.88,Accessories,0
443,2,7683,2024-02-08,675.09,Mobile Accessories,20
444,2,7846,2024-02-11,552.37,Mobile Accessories,10
445,2,1728,2024-02-17,543.09,Mobile Accessories,5
446,2,2125,2024-02-09,530.2,Mobile Accessories,0
447,2,9284,2024-02-17,572.84,Home Appliances,10
448,2,8801,2024-02-10,719.99,Mobile Accessories,0
449,2,3397,2024-02-08,246.36,Computing,15
450,2,9234,2024-02-15,432.83,Home Appliances,15
451,2,4738,2024-02-16,403.25,Home Appliances,0
452,2,2881,2024-02-10,717.4,Computing,10
453,2,6548,2024-02-12,552.9,Home Appliances,0
454,2,4637,2024-02-13,463.88,Home Appliances,20
455,2,7326,2024-02-12,512.16,Mobile Accessories,5
456,2,4090,2024-02-14,564.57,Mobile Accessories,0
457,2,187,2024-02-16,466.2,Accessories,20
458,2,400,2024-02-09,425.44,Accessories,0
459,2,7496,2024-02-16,534.74,Mobile Accessories,10
460,2,1151,2024-02-16,358.13,Accessories,10
461,2,5017,2024-02-09,735.96,Accessories,20
462,2,4064,2024-02-10,473.07,Accessories,0
463,2,3372,2024-02-11,761.96,Accessories,0
464,3,1740,2024-03-25,642.84,Computing,10
465,3,1941,2024-03-17,523.78,Home Appliances,0
466,3,9655,2024-03-26,478.86,Home Appliances,5
467,3,9567,2024-03-26,560.18,Electronics,5
468,3,6016,2024-03-14,496.09,Accessories,0
469,3,9693,2024-03-26,634.29,Mobile Accessories,10
470,3,9639,2024-03-15,310.79,Home Appliances,20
471,3,6455,2024-03-22,585.15,Electronics,0
472,3,9137,2024-03-19,451.92,Electronics,0
473,3,5737,2024-03-24,537.99,Home Appliances,10
474,3,2498,2024-03-13,455.47,Home Appliances,20
475,3,8411,2024-03-16,402.59,Home Appliances,15
476,3,2115,2024-03-25,751.04,Computing,5
477,3,3671,2024-03-27,442.29,Mobile Accessories,15
478,3,8471,2024-03-18,563.88,Home Appliances,20
479,3,1794,2024-03-27,518.9,Electronics,5
480,3,1374,2024-03-25,503.03,Home Appliances,0
481,3,8323,2024-03-27,544.73,Computing,5
482,3,5687,2024-03-28,517.37,Electronics,15
483,3,5372,2024-03-16,662.74,Mobile Accessories,15
484,3,4170,2024-03-17,393.64,Electronics,5
485,3,47,2024-03-19,404.87,Computing,20
486,3,489,2024-03-22,593.06,Mobile Accessories,20
487,3,334,2024-03-18,625.57,Mobile Accessories,10
488,3,7127,2024-03-18,725.73,Mobile Accessories,15
489,3,5438,2024-03-19,475.32,Accessories,0
490,3,9169,2024-03-13,594.02,Mobile Accessories,0
491,3,5245,2024-03-16,653.89,Accessories,15
492,3,108,2024-03-20,559.1,Computing,0
493,3,2514,2024-03-26,533.38,Mobile Accessories,20
494,3,4217,2024-03-15,343.41,Computing,0
495,3,7871,2024-03-27,541.43,Electronics,15
496,3,7759,2024-03-18,477.53,Accessories,5
497,3,153,2024-03-17,629.4,Accessories,0
498,3,649,2024-03-27,596.04,Electronics,15
499,3,9800,2024-03-28,621.75,Accessories,0
500,3,9742,2024-03-20,530.85,Mobile Accessories,20
501,3,229,2024-03-20,626.3,Home Appliances,5
502,3,3036,2024-03-19,468.59,Accessories,20
503,3,154,2024-03-26,691.86,Electronics,10
504,3,5917,2024-03-20,336.6,Electronics,0
505,3,5068,2024-03-14,578.6,Mobile Accessories,10
506,3,6336,2024-03-22,584.73,Computing,20
507,3,8820,2024-03-24,528.36,Mobile Accessories,0
508,3,1721,2024-03-19,539.59,Accessories,15
509,3,4814,2024-03-26,513.97,Home Appliances,20
510,3,7709,2024-03-22,614.63,Computing,15
511,3,8860,2024-03-17,550.39,Mobile Accessories,5
512,3,5023,2024-03-13,524.27,Home Appliances,20
513,3,1397,2024-03-24,545.24,Accessories,10
514,3,4512,2024-03-21,622.53,Mobile Accessories,5
515,3,1254,2024-03-25,577.74,Accessories,15
516,3,2670,2024-03-20,612.56,Home Appliances,20
517,3,5806,2024-03-20,525.4,Mobile Accessories,0
518,3,9857,2024-03-17,579.59,Electronics,15
519,3,3857,2024-03-26,652.62,Mobile Accessories,10
520,3,662,2024-03-14,537.87,Mobile Accessories,15
521,3,6430,2024-03-26,462.45,Computing,15
522,3,4298,2024-03-19,540.9,Electronics,10
523,3,8943,2024-03-15,704.93,Electronics,10
524,3,3265,2024-03-25,679.12,Computing,20
525,3,5805,2024-03-22,436.84,Computing,10
526,3,4360,2024-03-14,456.02,Accessories,5
527,3,7816,2024-03-21,659.12,Electronics,10
528,3,2063,2024-03-25,458.01,Home Appliances,0
529,3,9253,2024-03-26,357.81,Electronics,15
530,3,4674,2024-03-13,475.99,Accessories,10
531,3,2983,2024-03-25,344.67,Computing,15
532,3,3061,2024-03-28,434.69,Accessories,15
533,3,1139,2024-03-21,609.12,Computing,10
534,3,798,2024-03-18,667.16,Computing,10
535,3,1509,2024-03-24,378.05,Home Appliances,0
536,3,4647,2024-03-15,736.02,Mobile Accessories,0
537,3,7420,2024-03-24,652.79,Home Appliances,0
538,3,2355,2024-03-19,687.4,Home Appliances,0
539,3,9049,2024-03-24,544.03,Accessories,15
540,3,6274,2024-03-19,634.04,Home Appliances,20
541,3,5160,2024-03-22,400.48,Accessories,20
542,3,9516,2024-03-26,491.02,Accessories,10
543,3,1253,2024-03-15,569.38,Computing,20
544,3,7855,2024-03-13,561.09,Accessories,20
545,3,3345,2024-03-13,534.95,Home Appliances,10
546,3,138,2024-03-22,533.68,Home Appliances,20
547,3,4319,2024-03-28,341.75,Mobile Accessories,5
548,3,7968,2024-03-26,509.53,Computing,0
549,3,5056,2024-03-27,534.34,Home Appliances,15
550,3,9287,2024-03-24,493.98,Computing,20
551,3,7826,2024-03-21,720.48,Home Appliances,0
552,3,5219,2024-03-14,606.66,Home Appliances,5
553,3,7405,2024-03-14,562.08,Electronics,20
554,3,6390,2024-03-24,422.64,Computing,15
555,3,9943,2024-03-28,335.15,Home Appliances,15
556,3,2957,2024-03-15,308.95,Accessories,20
557,3,8175,2024-03-19,534.84,Home Appliances,10
558,3,4599,2024-03-15,654.36,Computing,10
559,3,5966,2024-03-24,591.02,Electronics,15
560,3,9388,2024-03-16,609.34,Accessories,10
561,3,7461,2024-03-18,641.19,Home Appliances,5
562,3,6461,2024-03-19,484.57,Mobile Accessories,20
563,3,2909,2024-03-16,558.72,Computing,10
564,3,7700,2024-03-16,504.29,Electronics,20
565,3,4885,2024-03-28,518.69,Computing,0
566,3,2214,2024-03-24,381.53,Mobile Accessories,0
567,3,5782,2024-03-24,727.01,Accessories,15
568,3,9799,2024-03-19,539.21,Electronics,20
569,3,2357,2024-03-22,526.59,Computing,5
570,3,685,2024-03-18,677.39,Mobile Accessories,20
571,3,3239,2024-03-17,572.36,Mobile Accessories,0
572,3,717,2024-03-23,486.53,Computing,15
573,3,7772,2024-03-23,476.14,Electronics,15
574,3,2031,2024-03-13,489.66,Electronics,20
575,3,6087,2024-03-19,517.65,Home Appliances,0
576,3,1418,2024-03-15,592.89,Home Appliances,15
577,3,3077,2024-03-17,379.93,Home Appliances,10
578,3,377,2024-03-21,555.03,Accessories,10
579,3,1605,2024-03-22,438.86,Computing,0
580,3,9785,2024-03-19,519.26,Home Appliances,0
581,3,2223,2024-03-13,605.59,Computing,10
582,3,8800,2024-03-27,566.67,Computing,0
583,3,1601,2024-03-16,693.75,Computing,10
584,3,8266,2024-03-14,503.32,Mobile Accessories,20
585,3,6837,2024-03-27,653.67,Mobile Accessories,5
586,3,7261,2024-03-15,556.99,Accessories,10
587,3,6880,2024-03-26,577.43,Computing,10
588,3,5459,2024-03-18,398.68,Accessories,15
589,3,8772,2024-03-27,590.41,Computing,5
590,3,4153,2024-03-16,413.56,Accessories,0
591,3,9517,2024-03-28,583.11,Computing,0
592,3,901,2024-03-28,364.01,Mobile Accessories,0
593,3,9440,2024-03-18,516.46,Electronics,15
594,3,6049,2024-03-20,464.55,Mobile Accessories,0
595,3,4273,2024-03-16,325.49,Computing,15
596,3,1261,2024-03-27,647.26,Electronics,10
597,3,483,2024-03-13,504.69,Mobile Accessories,5
598,3,5632,2024-03-24,481.4,Home Appliances,0
599,3,5633,2024-03-23,513.23,Electronics,10
600,3,5406,2024-03-22,538.58,Mobile Accessories,20
601,3,951,2024-03-22,497.93,Electronics,20
602,3,1065,2024-03-16,435.94,Mobile Accessories,15
603,3,3692,2024-03-21,421.42,Mobile Accessories,15
604,3,8458,2024-03-16,530.9,Electronics,15
605,3,7372,2024-03-18,584.63,Electronics,10
606,3,6810,2024-03-24,527.83,Electronics,10
607,3,7013,2024-03-20,461.77,Mobile Accessories,0
608,3,4287,2024-03-25,479.84,Electronics,15
609,3,7492,2024-03-17,538.46,Mobile Accessories,15
610,3,6298,2024-03-23,462.14,Home Appliances,10
611,3,5950,2024-03-21,607.97,Computing,0
612,3,1936,2024-03-19,336.93,Accessories,5
613,3,878,2024-03-15,664.5,Computing,20
614,3,6621,2024-03-28,429.86,Home Appliances,0
615,3,9422,2024-03-21,559.85,Home Appliances,20
616,3,4659,2024-03-14,502.89,Electronics,10
617,3,6241,2024-03-25,449.52,Home Appliances,10
618,3,101,2024-03-21,642.83,Mobile Accessories,5
619,3,4216,2024-03-22,488.57,Mobile Accessories,20
620,3,731,2024-03-23,387.64,Electronics,15
621,3,3349,2024-03-14,546.6,Home Appliances,5
622,3,4621,2024-03-26,601.93,Electronics,0
623,3,5204,2024-03-17,472.44,Electronics,20
624,3,6150,2024-03-17,569.42,Mobile Accessories,5
625,3,5014,2024-03-15,482.57,Computing,0
626,4,6004,2024-05-16,780.17,Electronics,15
627,4,1676,2024-05-11,869.29,Home Appliances,0
628,4,6927,2024-05-17,416.07,Computing,5
629,4,8118,2024-05-04,842.42,Mobile Accessories,15
630,4,3214,2024-05-21,674.25,Mobile Accessories,15
631,4,8150,2024-05-20,871.54,Accessories,10
632,4,6501,2024-05-20,684.0,Electronics,10
633,4,5497,2024-05-05,555.39,Accessories,10
634,4,6968,2024-05-07,717.93,Accessories,20
635,4,1601,2024-05-12,1061.73,Electronics,15
636,4,8961,2024-05-21,643.08,Mobile Accessories,20
637,4,3940,2024-05-05,718.33,Computing,10
638,4,1244,2024-05-21,801.55,Mobile Accessories,5
639,4,5842,2024-05-11,942.2,Computing,15
640,4,751,2024-05-14,840.15,Mobile Accessories,0
641,4,8552,2024-05-08,609.43,Electronics,15
642,4,2245,2024-05-10,478.67,Mobile Accessories,10
643,4,3297,2024-05-18,747.78,Accessories,0
644,4,2016,2024-05-05,476.32,Home Appliances,10
645,4,79,2024-05-19,651.69,Accessories,20
646,4,8609,2024-05-09,772.63,Computing,15
647,4,7191,2024-05-12,948.38,Electronics,20
648,4,9235,2024-05-07,666.7,Mobile Accessories,15
649,4,2260,2024-05-17,811.66,Electronics,0
650,4,4022,2024-05-20,660.19,Accessories,10
651,4,8280,2024-05-18,627.27,Computing,20
652,4,1176,2024-05-07,545.5,Electronics,10
653,4,2305,2024-05-04,679.78,Accessories,10
654,4,9444,2024-05-14,587.25,Mobile Accessories,20
655,4,8928,2024-05-04,727.65,Electronics,10
656,4,5603,2024-05-09,952.15,Home Appliances,10
657,4,6136,2024-05-11,649.52,Accessories,0
658,4,2191,2024-05-16,937.24,Home Appliances,0
659,4,441,2024-05-21,553.2,Electronics,15
660,4,9662,2024-05-14,977.66,Accessories,20
661,4,4726,2024-05-19,871.85,Mobile Accessories,20
662,4,479,2024-05-18,712.84,Electronics,20
663,4,8142,2024-05-19,716.35,Accessories,20
664,4,3138,2024-05-08,876.25,Mobile Accessories,5
665,4,9160,2024-05-09,886.47,Home Appliances,0
666,4,850,2024-05-05,790.65,Electronics,0
667,4,3880,2024-05-09,677.96,Computing,10
668,4,3877,2024-05-14,734.71,Electronics,15
669,4,8600,2024-05-16,740.37,Mobile Accessories,20
670,4,5705,2024-05-20,654.48,Mobile Accessories,5
671,4,5346,2024-05-14,619.62,Electronics,0
672,4,3701,2024-05-16,749.68,Accessories,15
673,4,1410,2024-05-09,639.95,Mobile Accessories,15
674,4,8069,2024-05-06,770.42,Accessories,10
675,4,7112,2024-05-18,744.34,Computing,15
676,4,3669,2024-05-17,936.41,Accessories,15
677,4,7501,2024-05-05,874.83,Home Appliances,0
678,4,9015,2024-05-11,630.1,Electronics,15
679,4,9597,2024-05-17,787.29,Accessories,5
680,4,1622,2024-05-06,712.25,Mobile Accessories,0
681,4,6249,2024-05-04,710.11,Mobile Accessories,15
682,4,7964,2024-05-19,646.19,Mobile Accessories,10
683,4,1859,2024-05-10,759.21,Computing,15
684,4,9373,2024-05-18,684.1,Home Appliances,15
685,4,9394,2024-05-17,724.43,Home Appliances,5
686,4,1635,2024-05-16,853.83,Home Appliances,5
687,4,7624,2024-05-21,845.33,Home Appliances,5
688,4,9679,2024-05-07,621.58,Home Appliances,15
689,4,8797,2024-05-04,648.45,Accessories,5
690,4,8542,2024-05-18,740.9,Electronics,10
691,4,214,2024-05-11,1106.6,Home Appliances,15
692,4,5517,2024-05-06,627.68,Electronics,10
693,4,7805,2024-05-19,571.92,Mobile Accessories,10
694,4,3090,2024-05-14,491.27,Accessories,5
695,4,8568,2024-05-21,912.24,Home Appliances,20
696,4,6777,2024-05-12,489.41,Home Appliances,15
697,4,2217,2024-05-18,747.39,Accessories,0
698,4,9171,2024-05-11,864.6,Electronics,10
699,4,5731,2024-05-20,609.94,Accessories,20
700,4,2878,2024-05-04,261.02,Mobile Accessories,15
701,4,4861,2024-05-16,646.31,Electronics,15
702,4,5518,2024-05-05,976.59,Electronics,15
703,4,744,2024-05-21,734.95,Mobile Accessories,10
704,4,4266,2024-05-09,766.83,Computing,0
705,4,8102,2024-05-08,568.67,Home Appliances,5
706,4,5086,2024-05-04,593.92,Electronics,0
707,4,5480,2024-05-20,980.96,Home Appliances,0
708,4,6571,2024-05-20,985.9,Computing,20
709,4,4931,2024-05-19,381.99,Electronics,5
710,4,5913,2024-05-13,668.49,Computing,10
711,4,1555,2024-05-14,631.52,Accessories,5
712,4,1865,2024-05-04,404.51,Electronics,5
713,4,993,2024-05-05,753.83,Mobile Accessories,10
714,4,5524,2024-05-10,748.1,Computing,5
715,4,5488,2024-05-18,675.98,Computing,10
716,4,9137,2024-05-06,587.98,Home Appliances,15
717,4,7131,2024-05-13,1017.96,Accessories,0
718,4,8561,2024-05-06,910.74,Accessories,15
719,4,7644,2024-05-18,695.75,Accessories,0
720,4,60,2024-05-16,916.38,Home Appliances,0
721,4,1899,2024-05-21,817.22,Mobile Accessories,0
722,4,4807,2024-05-21,680.37,Electronics,0
723,4,9965,2024-05-18,649.46,Computing,20
724,4,7168,2024-05-05,660.92,Home Appliances,15
725,4,1733,2024-05-04,711.21,Computing,15
726,4,9864,2024-05-17,572.13,Home Appliances,15
727,4,4933,2024-05-15,895.44,Electronics,15
728,4,4883,2024-05-06,565.29,Electronics,10
729,4,2919,2024-05-21,1116.08,Computing,5
730,4,1496,2024-05-20,857.41,Electronics,20
731,4,9776,2024-05-14,830.71,Home Appliances,15
732,4,1869,2024-05-17,579.96,Home Appliances,10
733,4,6692,2024-05-05,688.26,Mobile Accessories,0
734,4,5646,2024-05-05,878.29,Accessories,0
735,4,2807,2024-05-15,624.7,Home Appliances,10
736,4,6161,2024-05-16,806.78,Accessories,15
737,4,4398,2024-05-10,926.94,Computing,15
738,4,7071,2024-05-13,850.15,Mobile Accessories,10
739,4,3913,2024-05-06,893.98,Home Appliances,15
740,4,1201,2024-05-07,596.05,Accessories,15
741,4,9322,2024-05-19,973.76,Accessories,20
742,4,3502,2024-05-09,823.27,Home Appliances,5
743,4,5176,2024-05-08,495.3,Mobile Accessories,20
744,4,9226,2024-05-05,929.87,Computing,0
745,4,5845,2024-05-12,925.5,Mobile Accessories,20
746,4,732,2024-05-09,877.56,Accessories,0
747,4,5203,2024-05-11,1096.26,Computing,5
748,4,2098,2024-05-07,461.98,Home Appliances,20
749,4,6707,2024-05-20,818.19,Home Appliances,15
750,4,2830,2024-05-15,806.61,Home Appliances,0
751,4,5858,2024-05-12,742.36,Mobile Accessories,10
752,4,9875,2024-05-10,760.33,Accessories,0
753,4,3729,2024-05-07,933.03,Accessories,0
754,4,7407,2024-05-11,604.16,Home Appliances,15
755,4,9677,2024-05-07,816.26,Mobile Accessories,5
756,4,4164,2024-05-18,692.4,Computing,15
757,4,7855,2024-05-07,642.34,Accessories,15
758,4,1995,2024-05-19,826.82,Computing,20
759,4,2994,2024-05-05,905.75,Mobile Accessories,0
760,4,2705,2024-05-19,723.74,Home Appliances,5
761,4,7201,2024-05-20,523.4,Accessories,20
762,4,6981,2024-05-14,330.55,Mobile Accessories,15
763,4,1312,2024-05-06,828.89,Electronics,15
764,4,7167,2024-05-09,642.07,Mobile Accessories,20
765,4,4683,2024-05-20,698.7,Electronics,15
766,4,4136,2024-05-16,664.86,Electronics,20
767,4,4259,2024-05-06,797.03,Mobile Accessories,5
768,4,9976,2024-05-12,709.31,Mobile Accessories,0
769,4,9647,2024-05-16,413.2,Mobile Accessories,10
770,4,1198,2024-05-06,816.79,Accessories,15
771,4,7382,2024-05-19,746.21,Home Appliances,0
772,4,7489,2024-05-19,729.84,Computing,10
773,4,3,2024-05-08,403.81,Accessories,20
774,4,8477,2024-05-10,829.0,Mobile Accessories,5
775,4,8810,2024-05-19,604.63,Electronics,5
776,4,733,2024-05-16,604.24,Electronics,0
777,4,517,2024-05-13,572.89,Mobile Accessories,15
778,4,5955,2024-05-04,781.57,Computing,5
779,4,5289,2024-05-15,759.33,Accessories,0
780,4,6904,2024-05-07,592.55,Electronics,15
781,4,9178,2024-05-13,625.09,Mobile Accessories,20
782,4,3785,2024-05-18,587.83,Electronics,15
783,4,1789,2024-05-15,889.17,Mobile Accessories,15
784,4,7240,2024-05-13,721.31,Electronics,15
785,4,4949,2024-05-15,804.83,Computing,10
786,4,3631,2024-05-18,866.99,Computing,0
787,4,8212,2024-05-06,871.14,Computing,15
788,4,1452,2024-05-08,459.79,Electronics,20
789,4,1216,2024-05-19,634.3,Accessories,20
790,4,7658,2024-05-07,728.52,Computing,15
791,4,7099,2024-05-20,528.27,Mobile Accessories,5
792,4,5560,2024-05-20,901.95,Electronics,5
793,4,5962,2024-05-04,670.62,Accessories,20
794,4,1814,2024-05-09,742.36,Home Appliances,0
795,4,5001,2024-05-10,583.45,Accessories,0
796,4,3220,2024-05-14,453.5,Electronics,0
797,4,2216,2024-05-19,744.1,Home Appliances,5
798,4,6264,2024-05-11,848.6,Accessories,20
799,4,4924,2024-05-20,730.24,Home Appliances,5
800,4,3556,2024-05-06,765.11,Accessories,15
801,4,3433,2024-05-18,1023.44,Computing,20
802,4,914,2024-05-12,971.51,Electronics,20
803,4,1022,2024-05-15,854.93,Mobile Accessories,0
804,4,3121,2024-05-08,854.39,Computing,15
805,4,7398,2024-05-18,744.46,Electronics,10
806,4,6583,2024-05-17,881.41,Mobile Accessories,20
807,4,4017,2024-05-11,803.78,Mobile Accessories,20
808,4,4692,2024-05-17,723.92,Computing,10
809,4,702,2024-05-19,581.87,Accessories,20
810,4,3542,2024-05-06,630.78,Mobile Accessories,0
811,4,725,2024-05-14,966.33,Accessories,10
812,4,3772,2024-05-11,808.61,Mobile Accessories,20
813,4,1427,2024-05-15,733.3,Electronics,5
814,4,5009,2024-05-10,554.04,Computing,0
815,4,6494,2024-05-13,694.87,Electronics,10
816,4,6322,2024-05-07,633.66,Accessories,0
817,4,6207,2024-05-18,631.57,Electronics,10
818,4,6036,2024-05-07,1114.32,Home Appliances,20
819,4,8824,2024-05-05,799.82,Electronics,5
820,4,7593,2024-05-04,554.83,Computing,10
821,4,2029,2024-05-13,613.96,Mobile Accessories,5
822,4,8091,2024-05-19,744.17,Electronics,20
823,4,4977,2024-05-15,707.09,Computing,5
824,4,5278,2024-05-15,602.91,Accessories,5
825,4,2041,2024-05-20,630.31,Accessories,5
826,4,2083,2024-05-04,434.47,Computing,0
827,4,9590,2024-05-12,937.62,Home Appliances,0
828,4,4728,2024-05-16,1031.19,Electronics,0
829,4,8915,2024-05-04,702.83,Accessories,10
830,4,1418,2024-05-13,874.74,Home Appliances,0
831,4,4294,2024-05-07,892.01,Electronics,0
832,4,4064,2024-05-15,799.09,Home Appliances,10
833,4,1945,2024-05-07,788.11,Computing,0
834,4,4553,2024-05-15,592.5,Electronics,5
835,4,4267,2024-05-17,677.74,Mobile Accessories,0
836,4,1687,2024-05-09,867.53,Computing,10
837,4,4134,2024-05-06,812.17,Mobile Accessories,20
838,4,9438,2024-05-09,633.09,Home Appliances,0
839,4,7521,2024-05-12,597.91,Accessories,10
840,4,4942,2024-05-17,604.15,Computing,15
841,4,7937,2024-05-17,502.31,Electronics,20
842,4,9449,2024-05-06,853.84,Accessories,5
843,4,6466,2024-05-11,795.02,Accessories,15
844,4,8267,2024-05-06,818.09,Accessories,10
845,4,2381,2024-05-20,827.84,Home Appliances,10
846,4,5900,2024-05-07,665.4,Accessories,0
847,5,5145,2024-06-18,514.45,Computing,5
848,5,1031,2024-06-26,803.75,Electronics,5
849,5,2679,2024-06-24,595.63,Electronics,0
850,5,3179,2024-06-18,637.24,Computing,0
851,5,9324,2024-06-25,553.83,Electronics,15
852,5,3624,2024-06-20,539.02,Computing,0
853,5,6980,2024-06-25,423.72,Computing,15
854,5,1872,2024-06-20,540.95,Mobile Accessories,15
855,5,6701,2024-06-21,404.65,Accessories,15
856,5,9116,2024-06-21,629.37,Computing,15
857,5,2832,2024-06-30,401.0,Accessories,10
858,5,5810,2024-06-20,625.05,Computing,0
859,5,3858,2024-06-23,653.62,Home Appliances,5
860,5,8601,2024-06-23,405.77,Computing,20
861,5,7832,2024-06-25,649.34,Accessories,0
862,5,1042,2024-06-28,447.86,Accessories,15
863,5,493,2024-06-22,608.92,Accessories,15
864,5,2310,2024-06-26,568.35,Computing,0
865,5,3622,2024-06-24,655.81,Accessories,10
866,5,3536,2024-06-26,552.66,Mobile Accessories,5
867,5,476,2024-06-27,643.27,Electronics,10
868,5,2675,2024-06-21,496.12,Mobile Accessories,15
869,5,5536,2024-06-23,681.77,Mobile Accessories,5
870,5,7696,2024-06-25,685.31,Home Appliances,20
871,5,2152,2024-06-26,577.18,Electronics,10
872,5,4204,2024-06-30,495.25,Accessories,10
873,5,7163,2024-06-25,536.42,Computing,15
874,5,2901,2024-06-18,585.22,Mobile Accessories,20
875,5,8176,2024-06-19,573.17,Computing,5
876,5,1175,2024-06-26,431.68,Accessories,20
877,5,8882,2024-06-21,604.67,Home Appliances,10
878,5,1270,2024-06-28,549.61,Accessories,5
879,5,7071,2024-06-22,326.19,Mobile Accessories,5
880,5,7540,2024-06-28,549.99,Accessories,0
881,5,9877,2024-06-26,530.45,Accessories,20
882,5,9487,2024-06-27,604.91,Electronics,10
883,5,720,2024-06-28,438.64,Electronics,15
884,5,5540,2024-06-22,411.21,Computing,5
885,5,7310,2024-06-27,579.87,Home Appliances,5
886,5,8392,2024-06-24,735.73,Home Appliances,0
887,5,9912,2024-06-19,402.95,Computing,20
888,5,7741,2024-06-23,384.25,Computing,0
889,5,7187,2024-06-28,532.01,Electronics,5
890,5,8652,2024-06-25,627.23,Home Appliances,15
891,5,6410,2024-06-28,439.34,Accessories,0
892,5,9245,2024-06-18,565.15,Accessories,5
893,5,1510,2024-06-28,643.79,Home Appliances,5
894,5,9987,2024-06-18,378.99,Home Appliances,10
895,5,3139,2024-06-18,563.77,Accessories,20
896,5,4539,2024-06-26,512.84,Electronics,0
897,5,4964,2024-06-25,669.25,Accessories,10
898,5,5728,2024-06-24,635.06,Electronics,20
899,5,2278,2024-06-28,580.06,Accessories,10
900,5,1943,2024-06-22,475.48,Mobile Accessories,0
901,5,1466,2024-06-21,616.87,Accessories,15
902,5,3678,2024-06-21,665.5,Accessories,5
903,5,437,2024-06-20,622.69,Mobile Accessories,15
904,5,785,2024-06-23,418.33,Mobile Accessories,5
905,5,9139,2024-06-18,630.11,Computing,20
906,5,2855,2024-06-19,455.04,Mobile Accessories,15
907,5,2659,2024-06-23,532.72,Mobile Accessories,10
908,5,144,2024-06-22,457.61,Accessories,0
909,5,3424,2024-06-20,668.83,Mobile Accessories,10
910,5,2696,2024-06-29,595.73,Computing,5
911,5,7464,2024-06-20,639.47,Mobile Accessories,15
912,5,4700,2024-06-24,642.31,Mobile Accessories,0
913,5,519,2024-06-20,581.06,Electronics,15
914,5,6512,2024-06-22,631.81,Accessories,10
915,5,2192,2024-06-29,627.23,Electronics,10
916,5,3393,2024-06-21,519.02,Electronics,15
917,5,632,2024-06-27,433.46,Electronics,15
918,5,3958,2024-06-30,272.46,Accessories,5
919,5,7377,2024-06-21,595.72,Mobile Accessories,15
920,5,9900,2024-06-27,703.46,Accessories,20
921,5,7439,2024-06-23,570.43,Electronics,0
922,5,5800,2024-06-23,514.5,Accessories,20
923,5,3989,2024-06-30,519.31,Accessories,5
924,5,7494,2024-06-29,393.4,Electronics,10
925,5,4987,2024-06-26,345.47,Computing,0
926,5,4772,2024-06-21,574.52,Mobile Accessories,15
927,5,5844,2024-06-20,773.05,Accessories,0
928,5,8513,2024-06-29,595.22,Home Appliances,0
929,5,6184,2024-06-29,542.64,Accessories,0
930,5,4828,2024-06-25,656.33,Electronics,5
931,5,5463,2024-06-19,729.59,Electronics,5
932,5,9916,2024-06-23,622.62,Mobile Accessories,15
933,5,5633,2024-06-22,544.87,Mobile Accessories,5
934,5,1020,2024-06-25,610.23,Home Appliances,5
935,5,8621,2024-06-26,660.49,Mobile Accessories,0
936,5,4655,2024-06-22,575.3,Mobile Accessories,20
937,5,3584,2024-06-18,522.4,Accessories,20
938,5,6785,2024-06-24,508.86,Home Appliances,5
939,5,8878,2024-06-21,613.1,Computing,0
940,5,7654,2024-06-20,475.31,Mobile Accessories,20
941,5,4866,2024-06-24,718.02,Computing,20
942,5,34,2024-06-23,427.04,Mobile Accessories,5
943,5,7586,2024-06-23,492.14,Home Appliances,15
944,5,712,2024-06-20,656.19,Computing,15
945,5,5876,2024-06-19,723.13,Mobile Accessories,20
946,5,3724,2024-06-22,599.05,Mobile Accessories,5
947,5,740,2024-06-20,444.05,Computing,5
948,5,6731,2024-06-18,318.39,Computing,20
949,5,1012,2024-06-20,628.55,Mobile Accessories,5
950,5,2334,2024-06-18,545.96,Accessories,5
951,5,6836,2024-06-30,661.04,Accessories,5
952,5,5237,2024-06-22,599.77,Electronics,15
953,5,7245,2024-06-22,517.96,Home Appliances,15
954,5,957,2024-06-22,547.5,Computing,15
955,5,8809,2024-06-22,544.42,Mobile Accessories,10
956,5,6784,2024-06-30,455.5,Home Appliances,20
957,5,8673,2024-06-28,292.39,Home Appliances,20
958,5,1501,2024-06-18,430.13,Electronics,0
959,5,8826,2024-06-23,603.07,Home Appliances,5
960,5,4335,2024-06-24,712.05,Home Appliances,0
961,5,5360,2024-06-26,534.95,Mobile Accessories,0
962,5,6910,2024-06-25,316.69,Mobile Accessories,5
963,5,4173,2024-06-18,671.96,Electronics,5
964,5,4362,2024-06-18,557.7,Electronics,10
965,5,9882,2024-06-22,526.2,Mobile Accessories,15
966,5,4273,2024-06-25,519.64,Home Appliances,0
967,5,2088,2024-06-18,640.73,Electronics,15
968,5,5868,2024-06-20,383.39,Accessories,15
969,5,791,2024-06-20,573.58,Home Appliances,0
970,5,5829,2024-06-24,470.86,Electronics,20
971,5,8539,2024-06-26,682.41,Electronics,10
972,5,249,2024-06-23,757.73,Home Appliances,10
973,5,6423,2024-06-29,626.07,Home Appliances,15
974,5,1180,2024-06-19,358.62,Accessories,20
975,5,5936,2024-06-30,450.05,Mobile Accessories,20
976,5,6628,2024-06-23,644.4,Computing,5
977,5,1727,2024-06-25,514.83,Home Appliances,10
978,5,6605,2024-06-19,539.45,Mobile Accessories,0
979,5,3245,2024-06-21,548.65,Computing,10
980,5,8697,2024-06-27,677.43,Computing,0
981,5,3868,2024-06-18,525.96,Computing,15
982,5,3496,2024-06-18,890.16,Electronics,15
983,5,4834,2024-06-18,642.23,Accessories,10
984,5,6451,2024-06-25,540.38,Mobile Accessories,0
985,5,4413,2024-06-27,695.58,Mobile Accessories,0
986,5,8419,2024-06-18,503.8,Electronics,15
987,5,6111,2024-06-20,427.79,Accessories,10
988,5,9841,2024-06-25,581.22,Mobile Accessories,10
989,5,6230,2024-06-21,563.3,Mobile Accessories,20
990,5,1675,2024-06-19,464.18,Mobile Accessories,20
991,5,1919,2024-06-24,609.1,Computing,15
992,5,120,2024-06-23,693.75,Mobile Accessories,10
993,5,9059,2024-06-27,466.92,Home Appliances,15
994,5,1162,2024-06-25,504.49,Mobile Accessories,20
995,5,61,2024-06-25,643.92,Accessories,15
996,5,5803,2024-06-27,493.38,Accessories,10
997,5,4068,2024-06-27,588.59,Electronics,10
998,5,8960,2024-06-25,513.5,Mobile Accessories,10
999,5,5727,2024-06-19,475.16,Electronics,15
1000,6,4604,2024-08-07,754.2,Electronics,5
1001,6,3045,2024-08-13,759.74,Mobile Accessories,15
1002,6,1824,2024-08-13,918.73,Home Appliances,0
1003,6,7018,2024-08-12,1027.91,Computing,10
1004,6,6715,2024-08-08,858.95,Electronics,15
1005,6,9831,2024-08-04,1030.94,Computing,0
1006,6,7407,2024-08-06,959.28,Electronics,5
1007,6,9375,2024-08-05,958.7,Electronics,15
1008,6,7945,2024-08-09,759.72,Electronics,10
1009,6,3095,2024-08-07,1095.58,Computing,0
1010,6,183,2024-08-07,754.03,Computing,20
1011,6,8025,2024-08-14,1002.03,Home Appliances,0
1012,6,8407,2024-08-14,1061.87,Home Appliances,15
1013,6,5678,2024-08-14,804.16,Computing,15
1014,6,4761,2024-08-04,899.58,Home Appliances,5
1015,6,117,2024-08-09,479.2,Mobile Accessories,0
1016,6,4479,2024-08-11,1005.1,Accessories,15
1017,6,9813,2024-08-04,866.58,Computing,0
1018,6,1165,2024-08-10,1054.92,Home Appliances,15
1019,6,8593,2024-08-08,603.67,Computing,15
1020,6,2625,2024-08-12,889.83,Computing,15
1021,6,4941,2024-08-04,536.41,Mobile Accessories,5
1022,6,4081,2024-08-14,890.84,Computing,0
1023,6,8184,2024-08-14,706.91,Electronics,15
1024,6,6033,2024-08-10,687.77,Computing,20
1025,6,9242,2024-08-13,619.88,Mobile Accessories,15
1026,6,2176,2024-08-12,822.08,Electronics,10
1027,6,5692,2024-08-05,846.34,Accessories,5
1028,6,9546,2024-08-04,922.2,Electronics,0
1029,6,9912,2024-08-08,449.03,Electronics,20
1030,6,8925,2024-08-14,723.72,Accessories,10
1031,6,3477,2024-08-14,484.79,Accessories,0
1032,6,1806,2024-08-09,906.94,Computing,10
1033,6,226,2024-08-15,742.78,Mobile Accessories,20
1034,6,566,2024-08-12,751.41,Mobile Accessories,10
1035,6,6667,2024-08-09,900.41,Mobile Accessories,15
1036,6,90,2024-08-10,1143.55,Home Appliances,10
1037,6,5047,2024-08-13,1055.31,Home Appliances,10
1038,6,2632,2024-08-14,774.63,Accessories,5
1039,6,9679,2024-08-10,977.87,Home Appliances,10
1040,6,8114,2024-08-10,693.54,Computing,15
1041,6,8362,2024-08-04,639.08,Computing,0
1042,6,7078,2024-08-09,464.19,Computing,10
1043,6,8835,2024-08-05,481.73,Electronics,20
1044,6,8665,2024-08-15,1109.2,Home Appliances,0
1045,6,1950,2024-08-09,1104.08,Electronics,0
1046,6,5219,2024-08-07,865.83,Mobile Accessories,15
1047,6,3913,2024-08-05,864.19,Electronics,15
1048,6,4376,2024-08-05,766.17,Electronics,10
1049,6,2774,2024-08-10,876.18,Electronics,10
1050,6,780,2024-08-06,359.41,Accessories,15
1051,6,7929,2024-08-05,660.04,Accessories,5
1052,6,6873,2024-08-10,726.13,Computing,0
1053,6,2770,2024-08-13,561.95,Electronics,20
1054,6,9323,2024-08-09,752.46,Computing,5
1055,6,1346,2024-08-12,521.1,Home Appliances,15
1056,6,6262,2024-08-15,541.5,Home Appliances,5
1057,6,5787,2024-08-09,746.75,Mobile Accessories,5
1058,6,5357,2024-08-12,812.36,Home Appliances,20
1059,6,7907,2024-08-12,690.63,Electronics,15
1060,6,557,2024-08-14,505.87,Computing,5
1061,6,3450,2024-08-14,816.55,Computing,0
1062,6,9906,2024-08-07,905.81,Home Appliances,15
1063,6,2318,2024-08-04,779.1,Home Appliances,10
1064,6,9843,2024-08-09,768.41,Accessories,0
1065,6,9233,2024-08-07,704.4,Accessories,5
1066,6,6250,2024-08-05,957.91,Mobile Accessories,5
1067,6,8229,2024-08-15,931.05,Electronics,5
1068,6,9647,2024-08-12,778.45,Mobile Accessories,15
1069,6,3414,2024-08-05,785.06,Electronics,15
1070,6,2066,2024-08-10,757.17,Electronics,20
1071,6,753,2024-08-07,712.54,Computing,5
1072,6,4675,2024-08-06,944.98,Home Appliances,20
1073,6,1840,2024-08-09,709.76,Mobile Accessories,5
1074,6,3598,2024-08-05,918.98,Electronics,20
1075,6,536,2024-08-11,918.09,Accessories,5
1076,6,3370,2024-08-12,910.44,Accessories,0
1077,6,4921,2024-08-10,766.28,Computing,10
1078,6,4264,2024-08-15,652.07,Home Appliances,15
1079,6,8726,2024-08-14,636.94,Accessories,5
1080,6,1914,2024-08-06,961.87,Electronics,5
1081,6,9815,2024-08-10,768.57,Computing,20
1082,6,2911,2024-08-15,729.64,Accessories,5
1083,6,2797,2024-08-15,709.23,Home Appliances,0
1084,6,2735,2024-08-09,593.07,Accessories,20
1085,6,3239,2024-08-04,734.31,Mobile Accessories,5
1086,6,5821,2024-08-06,677.54,Accessories,0
1087,6,8075,2024-08-09,702.36,Electronics,5
1088,6,8318,2024-08-12,712.75,Mobile Accessories,15
1089,6,7391,2024-08-07,767.15,Electronics,20
1090,6,7542,2024-08-12,795.33,Home Appliances,10
1091,6,1491,2024-08-14,822.88,Electronics,10
1092,6,3198,2024-08-12,948.31,Home Appliances,5
1093,6,9253,2024-08-07,806.32,Computing,5
1094,6,1272,2024-08-10,870.65,Home Appliances,0
1095,6,3586,2024-08-12,681.1,Home Appliances,15
1096,6,9272,2024-08-09,949.3,Electronics,0
1097,6,9901,2024-08-04,446.43,Computing,0
1098,6,8340,2024-08-14,758.81,Computing,15
1099,6,5430,2024-08-15,890.08,Accessories,0
1100,6,5300,2024-08-11,567.19,Electronics,10
1101,6,4815,2024-08-14,837.65,Mobile Accessories,0
1102,6,8659,2024-08-10,1002.6,Home Appliances,20
1103,6,7131,2024-08-06,772.83,Accessories,5
1104,6,8684,2024-08-05,618.93,Computing,0
1105,6,9206,2024-08-04,907.73,Computing,0
1106,6,3159,2024-08-06,794.48,Home Appliances,15
1107,6,6272,2024-08-04,692.01,Electronics,0
1108,6,933,2024-08-11,989.04,Electronics,20
1109,6,6865,2024-08-06,840.3,Accessories,0
1110,6,3108,2024-08-12,617.71,Electronics,0
1111,6,4840,2024-08-08,734.74,Accessories,20
1112,6,2343,2024-08-05,552.87,Home Appliances,20
1113,6,1354,2024-08-14,814.39,Accessories,15
1114,6,2521,2024-08-05,640.43,Mobile Accessories,0
1115,6,5229,2024-08-11,818.39,Computing,20
1116,6,8525,2024-08-05,821.69,Electronics,15
1117,6,9613,2024-08-09,871.54,Mobile Accessories,0
1118,6,5660,2024-08-14,895.13,Accessories,15
1119,6,2710,2024-08-13,595.3,Mobile Accessories,15
1120,6,6241,2024-08-14,559.32,Electronics,0
1121,6,9096,2024-08-08,740.12,Home Appliances,5
1122,6,4578,2024-08-11,962.64,Accessories,0
1123,6,7648,2024-08-10,938.72,Home Appliances,10
1124,6,5380,2024-08-11,569.36,Accessories,15
1125,6,2679,2024-08-05,854.2,Mobile Accessories,0
1126,6,9743,2024-08-06,898.47,Accessories,20
1127,6,4240,2024-08-08,710.63,Electronics,10
1128,6,633,2024-08-10,933.9,Computing,20
1129,6,3810,2024-08-13,1282.21,Home Appliances,20
1130,6,1159,2024-08-08,754.0,Home Appliances,0
1131,6,8587,2024-08-14,939.84,Mobile Accessories,0
1132,6,7147,2024-08-10,986.8,Computing,10
1133,6,1231,2024-08-14,579.54,Mobile Accessories,20
1134,6,2380,2024-08-15,844.98,Home Appliances,10
1135,6,3531,2024-08-08,810.16,Accessories,10
1136,6,2348,2024-08-05,781.89,Electronics,10
1137,6,3433,2024-08-15,776.65,Home Appliances,5
1138,6,512,2024-08-08,889.09,Accessories,10
1139,6,9805,2024-08-04,589.45,Electronics,0
1140,6,5890,2024-08-13,500.97,Home Appliances,5
1141,6,7857,2024-08-04,763.58,Home Appliances,5
1142,6,4594,2024-08-14,826.46,Mobile Accessories,20
1143,6,8353,2024-08-12,720.3,Home Appliances,15
1144,6,5570,2024-08-12,830.15,Accessories,20
1145,6,7327,2024-08-15,865.4,Home Appliances,10
1146,6,6289,2024-08-05,529.67,Computing,20
1147,6,828,2024-08-10,526.14,Mobile Accessories,10
1148,6,5196,2024-08-05,877.99,Computing,0
1149,6,7129,2024-08-10,796.49,Home Appliances,15
1150,6,9014,2024-08-12,654.98,Accessories,0
1151,6,3897,2024-08-11,679.11,Accessories,20
1152,6,7727,2024-08-14,678.64,Home Appliances,10
1153,6,4084,2024-08-09,911.16,Accessories,0
1154,6,1635,2024-08-14,1027.9,Computing,20
1155,6,9712,2024-08-09,739.46,Computing,5
1156,6,5547,2024-08-06,777.43,Electronics,5
1157,6,5977,2024-08-05,676.41,Mobile Accessories,15
1158,6,2982,2024-08-07,716.02,Mobile Accessories,15
1159,6,7704,2024-08-12,954.8,Home Appliances,5
1160,6,9570,2024-08-13,613.27,Computing,0
1161,6,6910,2024-08-07,910.55,Mobile Accessories,15
1162,6,806,2024-08-11,792.01,Computing,10
1163,6,8873,2024-08-14,891.65,Electronics,20
1164,6,9861,2024-08-10,593.7,Mobile Accessories,20
1165,6,4267,2024-08-08,627.42,Mobile Accessories,20
1166,6,1610,2024-08-12,749.87,Accessories,5
1167,6,6778,2024-08-14,787.46,Accessories,10
1168,6,2497,2024-08-05,765.9,Home Appliances,5
1169,6,8531,2024-08-14,659.47,Accessories,0
1170,6,353,2024-08-07,875.3,Electronics,20
1171,6,447,2024-08-09,748.49,Electronics,20
1172,6,4329,2024-08-09,871.98,Computing,20
1173,6,7549,2024-08-08,905.01,Electronics,0
1174,6,3698,2024-08-04,584.27,Computing,10
1175,6,5614,2024-08-04,845.39,Home Appliances,10
1176,6,8164,2024-08-08,667.44,Accessories,5
1177,6,9078,2024-08-04,792.3,Mobile Accessories,10
1178,6,9182,2024-08-08,961.26,Electronics,5
1179,6,1285,2024-08-09,831.3,Accessories,20
1180,6,2920,2024-08-14,832.66,Computing,20
1181,6,7564,2024-08-08,900.62,Mobile Accessories,15
1182,6,7068,2024-08-06,679.49,Home Appliances,15
1183,6,218,2024-08-10,1044.21,Accessories,10
1184,6,5808,2024-08-14,770.99,Home Appliances,5
1185,6,2944,2024-08-15,889.3,Accessories,20
1186,6,1390,2024-08-12,757.75,Mobile Accessories,15
1187,6,3172,2024-08-12,1013.58,Computing,15
1188,6,8509,2024-08-11,830.75,Electronics,0
1189,6,4582,2024-08-13,933.21,Computing,0
1190,6,3701,2024-08-11,760.25,Computing,15
1191,6,4551,2024-08-08,785.49,Accessories,15
1192,6,9840,2024-08-13,680.8,Electronics,10
1193,6,642,2024-08-07,579.68,Electronics,20
1194,6,2845,2024-08-04,732.3,Mobile Accessories,20
1195,6,1405,2024-08-06,703.08,Accessories,20
1196,6,7498,2024-08-14,329.35,Computing,10
1197,6,2771,2024-08-15,643.26,Home Appliances,0
1198,6,5913,2024-08-09,953.07,Accessories,20
1199,6,9079,2024-08-07,697.65,Mobile Accessories,20
1200,6,2789,2024-08-08,891.93,Accessories,15
1201,6,4770,2024-08-15,791.94,Mobile Accessories,5
1202,6,4125,2024-08-06,931.08,Electronics,5
1203,6,394,2024-08-04,527.05,Home Appliances,5
1204,6,6317,2024-08-07,565.56,Home Appliances,10
1205,6,5579,2024-08-10,952.47,Accessories,20
1206,6,2230,2024-08-05,1082.12,Electronics,15
1207,6,1529,2024-08-04,735.92,Home Appliances,10
1208,6,1355,2024-08-15,801.19,Mobile Accessories,10
1209,6,8010,2024-08-11,787.03,Home Appliances,5
1210,6,8679,2024-08-08,635.77,Computing,0
1211,6,1560,2024-08-12,893.19,Home Appliances,10
1212,6,4465,2024-08-11,913.23,Home Appliances,20
1213,6,7665,2024-08-15,1016.33,Electronics,20
1214,6,2546,2024-08-12,575.36,Electronics,0
1215,6,1989,2024-08-06,697.58,Computing,5
1216,6,9888,2024-08-15,863.8,Accessories,15
1217,6,3927,2024-08-11,716.83,Computing,15
1218,6,2875,2024-08-13,668.31,Electronics,15
1219,6,3442,2024-08-13,961.36,Home Appliances,10
1220,6,844,2024-08-12,820.74,Accessories,0
1221,6,9910,2024-08-04,767.84,Electronics,10
1222,6,6237,2024-08-15,670.78,Home Appliances,20
1223,6,9941,2024-08-04,860.68,Electronics,10
1224,6,2715,2024-08-06,986.97,Computing,10
1225,6,2905,2024-08-10,629.43,Mobile Accessories,10
1226,6,9555,2024-08-12,918.15,Computing,0
1227,6,6540,2024-08-07,1037.01,Home Appliances,15
1228,6,7526,2024-08-13,956.62,Accessories,0
1229,6,2665,2024-08-06,705.33,Home Appliances,15
1230,6,1601,2024-08-04,497.66,Computing,15
1231,6,4998,2024-08-14,815.03,Mobile Accessories,10
1232,6,8657,2024-08-12,618.78,Accessories,5
1233,6,8292,2024-08-13,446.29,Electronics,15
1234,6,433,2024-08-07,1030.5,Accessories,5
1235,6,2143,2024-08-12,827.28,Home Appliances,0
1236,6,6520,2024-08-15,684.33,Home Appliances,15
1237,6,8583,2024-08-06,706.17,Mobile Accessories,15
1238,6,2232,2024-08-06,434.91,Home Appliances,0
1239,6,6213,2024-08-15,891.98,Mobile Accessories,10
1240,6,897,2024-08-04,868.4,Accessories,15
1241,6,4947,2024-08-08,839.42,Electronics,10
1242,6,893,2024-08-07,550.71,Computing,20
1243,6,7540,2024-08-08,900.55,Accessories,0
1244,6,1418,2024-08-04,1000.25,Electronics,15
1245,6,6748,2024-08-08,716.17,Home Appliances,5
1246,6,9355,2024-08-07,327.46,Computing,15
1247,6,8609,2024-08-08,580.03,Computing,10
1248,6,3987,2024-08-09,815.61,Computing,0
1249,6,5972,2024-08-15,624.79,Computing,0
1250,6,2518,2024-08-11,669.9,Computing,20
1251,6,4015,2024-08-14,906.87,Accessories,15
1252,6,6980,2024-08-08,925.75,Computing,0
1253,6,6022,2024-08-14,746.49,Electronics,0
1254,6,3162,2024-08-13,675.62,Computing,0
1255,6,3852,2024-08-13,748.28,Electronics,20
1256,6,3711,2024-08-14,685.92,Mobile Accessories,10
1257,6,9154,2024-08-04,959.44,Home Appliances,10
1258,6,3684,2024-08-10,920.18,Computing,20
1259,6,2509,2024-08-15,1091.97,Accessories,20
1260,6,1926,2024-08-11,869.64,Computing,0
1261,6,8602,2024-08-14,898.54,Accessories,20
1262,6,4513,2024-08-11,854.51,Electronics,20
1263,6,3512,2024-08-14,695.79,Electronics,0
1264,6,3522,2024-08-08,876.3,Home Appliances,15
1265,6,8790,2024-08-04,1069.67,Accessories,20
1266,6,971,2024-08-10,686.46,Computing,0
1267,6,4114,2024-08-08,907.02,Mobile Accessories,0
1268,6,5552,2024-08-04,822.6,Home Appliances,15
1269,6,9237,2024-08-06,784.65,Accessories,10
1270,6,9149,2024-08-04,779.06,Electronics,15
1271,6,3297,2024-08-07,830.27,Mobile Accessories,5
1272,6,1142,2024-08-10,689.87,Mobile Accessories,10
1273,6,2388,2024-08-04,554.2,Accessories,5
1274,6,9779,2024-08-14,729.27,Mobile Accessories,15
1275,6,3931,2024-08-10,554.11,Mobile Accessories,15
1276,6,4401,2024-08-09,846.08,Computing,5
1277,6,2897,2024-08-11,788.69,Mobile Accessories,20
1278,6,8733,2024-08-07,701.75,Mobile Accessories,20
1279,6,7000,2024-08-04,608.21,Home Appliances,20
1280,6,9027,2024-08-07,730.28,Home Appliances,20
1281,6,3447,2024-08-10,834.72,Home Appliances,15
1282,6,1756,2024-08-09,825.46,Computing,0
1283,6,1732,2024-08-07,492.08,Computing,15
1284,6,862,2024-08-08,707.17,Accessories,15
1285,6,2871,2024-08-05,936.22,Accessories,15
1286,6,1166,2024-08-14,891.69,Computing,10
1287,6,5942,2024-08-07,710.16,Home Appliances,15
1288,6,7795,2024-08-09,915.98,Mobile Accessories,0
1289,7,338,2024-09-19,849.78,Mobile Accessories,20
1290,7,45,2024-09-23,859.32,Computing,20
1291,7,6666,2024-09-22,723.16,Mobile Accessories,20
1292,7,1577,2024-09-20,797.76,Computing,15
1293,7,3315,2024-09-29,485.96,Computing,15
1294,7,7426,2024-09-21,713.89,Home Appliances,15
1295,7,6745,2024-09-30,883.79,Home Appliances,15
1296,7,1369,2024-09-25,665.89,Home Appliances,20
1297,7,400,2024-09-29,787.18,Electronics,15
1298,7,4281,2024-09-29,703.97,Accessories,5
1299,7,6500,2024-09-22,522.11,Computing,20
1300,7,6215,2024-09-27,618.59,Computing,20
1301,7,2371,2024-10-04,545.07,Mobile Accessories,20
1302,7,6083,2024-09-20,582.48,Electronics,5
1303,7,5141,2024-10-02,579.44,Electronics,0
1304,7,7151,2024-09-26,426.34,Home Appliances,5
1305,7,8117,2024-10-02,475.26,Electronics,0
1306,7,8911,2024-09-25,641.29,Accessories,5
1307,7,1469,2024-09-30,644.24,Mobile Accessories,15
1308,7,7374,2024-09-28,577.21,Home Appliances,10
1309,7,4604,2024-10-04,676.48,Accessories,15
1310,7,3718,2024-09-23,697.2,Electronics,0
1311,7,9966,2024-10-04,545.05,Accessories,15
1312,7,7691,2024-09-20,835.77,Mobile Accessories,20
1313,7,2122,2024-09-22,640.64,Electronics,20
1314,7,8939,2024-09-30,944.05,Electronics,20
1315,7,3576,2024-09-26,529.4,Accessories,5
1316,7,8342,2024-09-29,578.41,Electronics,15
1317,7,7232,2024-10-05,784.08,Electronics,10
1318,7,5553,2024-09-20,807.39,Accessories,15
1319,7,4730,2024-10-03,728.66,Mobile Accessories,15
1320,7,3868,2024-09-23,853.44,Home Appliances,15
1321,7,3619,2024-09-18,849.09,Home Appliances,5
1322,7,8364,2024-09-24,885.64,Computing,10
1323,7,2097,2024-09-30,702.89,Electronics,0
1324,7,1151,2024-09-24,515.31,Electronics,10
1325,7,7317,2024-10-02,691.68,Electronics,20
1326,7,2476,2024-09-28,833.07,Electronics,15
1327,7,5610,2024-09-25,845.97,Computing,10
1328,7,6581,2024-09-20,852.81,Mobile Accessories,10
1329,7,7788,2024-09-22,876.02,Mobile Accessories,20
1330,7,7831,2024-10-03,698.11,Electronics,5
1331,7,856,2024-10-04,707.79,Home Appliances,10
1332,7,2043,2024-10-05,792.08,Computing,20
1333,7,3803,2024-10-03,853.42,Computing,5
1334,7,8274,2024-09-24,605.37,Home Appliances,20
1335,7,6431,2024-09-27,679.81,Accessories,0
1336,7,6448,2024-09-20,616.55,Home Appliances,15
1337,7,9058,2024-09-24,567.68,Accessories,20
1338,7,3412,2024-09-21,634.22,Accessories,20
1339,7,5724,2024-09-20,659.6,Electronics,20
1340,7,3008,2024-10-02,584.2,Computing,0
1341,7,8877,2024-09-23,541.96,Computing,20
1342,7,6464,2024-09-18,572.3,Computing,15
1343,7,7591,2024-09-27,845.89,Mobile Accessories,10
1344,7,5170,2024-10-05,643.66,Computing,0
1345,7,2739,2024-10-03,1021.73,Electronics,10
1346,7,6897,2024-10-04,702.05,Accessories,0
1347,7,5106,2024-09-22,643.64,Mobile Accessories,20
1348,7,4968,2024-09-18,572.38,Electronics,15
1349,7,2350,2024-10-02,575.23,Mobile Accessories,0
1350,7,7140,2024-09-20,621.29,Electronics,20
1351,7,1862,2024-09-26,996.77,Accessories,15
1352,7,4240,2024-09-22,837.61,Computing,15
1353,7,3281,2024-10-02,698.92,Mobile Accessories,10
1354,7,1207,2024-09-18,504.51,Mobile Accessories,5
1355,7,4017,2024-09-29,678.93,Electronics,0
1356,7,7709,2024-09-28,617.73,Electronics,15
1357,7,6697,2024-09-30,897.1,Electronics,5
1358,7,8641,2024-09-26,672.88,Computing,0
1359,7,251,2024-09-23,610.02,Accessories,0
1360,7,335,2024-09-25,787.16,Mobile Accessories,10
1361,7,2745,2024-09-26,593.27,Electronics,20
1362,7,3804,2024-09-30,871.62,Accessories,10
1363,7,6546,2024-10-05,651.08,Home Appliances,20
1364,7,8696,2024-09-19,602.71,Computing,20
1365,7,9897,2024-09-25,628.93,Accessories,5
1366,7,3261,2024-09-30,634.23,Home Appliances,5
1367,7,5853,2024-09-25,589.66,Mobile Accessories,15
1368,7,6644,2024-09-18,596.58,Home Appliances,20
1369,7,7996,2024-09-19,859.59,Mobile Accessories,15
1370,7,5159,2024-09-25,532.77,Mobile Accessories,10
1371,7,4384,2024-10-02,728.05,Mobile Accessories,20
1372,7,7124,2024-09-21,572.42,Home Appliances,10
1373,7,47,2024-09-22,672.79,Computing,20
1374,7,4902,2024-09-30,641.09,Computing,10
1375,7,6166,2024-09-24,581.98,Electronics,0
1376,7,5140,2024-09-26,491.1,Electronics,5
1377,7,4452,2024-09-18,741.38,Accessories,5
1378,7,5779,2024-09-27,677.63,Accessories,0
1379,7,981,2024-09-30,843.79,Accessories,0
1380,7,5744,2024-09-30,983.1,Home Appliances,0
1381,7,6980,2024-10-05,665.87,Mobile Accessories,20
1382,7,2456,2024-09-21,675.79,Electronics,10
1383,7,1329,2024-10-03,655.64,Home Appliances,0
1384,7,9940,2024-09-26,629.42,Home Appliances,20
1385,7,8511,2024-09-21,603.17,Home Appliances,15
1386,7,7237,2024-09-28,784.78,Accessories,0
1387,7,4314,2024-10-02,602.42,Accessories,0
1388,7,3601,2024-09-29,580.32,Electronics,5
1389,7,2450,2024-09-24,866.7,Mobile Accessories,5
1390,7,9344,2024-09-23,621.21,Electronics,10
1391,7,9786,2024-10-05,1003.01,Mobile Accessories,0
1392,7,2852,2024-09-26,462.38,Accessories,10
1393,7,9300,2024-09-28,615.38,Computing,5
1394,7,7091,2024-09-27,853.24,Home Appliances,10
1395,7,9020,2024-09-24,814.77,Electronics,20
1396,7,541,2024-09-25,489.78,Computing,15
1397,7,1376,2024-09-25,717.61,Home Appliances,20
1398,7,6446,2024-09-27,597.77,Computing,10
1399,7,1326,2024-09-27,812.38,Computing,20
1400,7,7736,2024-09-20,580.5,Home Appliances,15
1401,7,1727,2024-10-05,806.97,Computing,20
1402,7,309,2024-09-18,684.13,Home Appliances,5
1403,7,4763,2024-10-04,877.82,Mobile Accessories,0
1404,7,1838,2024-09-24,880.41,Home Appliances,5
1405,7,2998,2024-09-29,529.47,Accessories,10
1406,7,706,2024-09-26,573.44,Mobile Accessories,10
1407,7,5753,2024-10-01,688.36,Mobile Accessories,0
1408,7,7297,2024-09-27,709.95,Home Appliances,5
1409,7,6883,2024-09-25,777.2,Home Appliances,0
1410,7,3875,2024-09-23,865.88,Home Appliances,15
1411,7,698,2024-09-20,652.66,Electronics,0
1412,7,4435,2024-10-01,814.27,Computing,15
1413,7,2423,2024-10-03,637.44,Mobile Accessories,5
1414,7,5481,2024-09-28,709.08,Home Appliances,10
1415,7,2282,2024-10-01,671.54,Home Appliances,15
1416,7,5839,2024-10-05,603.11,Electronics,5
1417,7,6212,2024-09-30,827.65,Home Appliances,5
1418,7,4979,2024-09-18,801.76,Home Appliances,10
1419,7,6165,2024-09-29,521.41,Electronics,15
1420,7,6032,2024-09-24,614.29,Electronics,20
1421,7,9606,2024-09-23,536.12,Mobile Accessories,5
1422,7,385,2024-09-26,900.49,Mobile Accessories,10
1423,7,6904,2024-09-20,652.31,Computing,10
1424,7,7076,2024-09-20,606.63,Accessories,10
1425,7,2544,2024-09-29,528.96,Electronics,5
1426,7,2816,2024-09-22,578.18,Accessories,15
1427,7,492,2024-10-03,756.26,Home Appliances,10
1428,7,2863,2024-09-19,681.94,Electronics,15
1429,7,9416,2024-09-19,676.57,Computing,20
1430,7,5939,2024-09-27,654.09,Home Appliances,10
1431,7,8003,2024-09-23,626.71,Home Appliances,0
1432,7,7793,2024-10-04,778.1,Computing,10
1433,7,9660,2024-09-22,695.7,Mobile Accessories,10
1434,7,6246,2024-09-21,794.82,Mobile Accessories,15
1435,7,5228,2024-09-26,397.67,Home Appliances,5
1436,7,6496,2024-10-01,844.11,Mobile Accessories,20
1437,7,2120,2024-09-23,799.23,Electronics,20
1438,7,3705,2024-10-02,723.89,Computing,10
1439,7,5450,2024-09-19,600.78,Accessories,5
1440,7,7023,2024-09-28,604.28,Electronics,10
1441,7,7605,2024-09-26,1031.64,Mobile Accessories,20
1442,7,5692,2024-10-04,620.73,Mobile Accessories,0
1443,7,620,2024-09-26,778.73,Electronics,10
1444,7,9260,2024-09-27,615.62,Accessories,10
1445,7,3915,2024-09-26,761.73,Mobile Accessories,20
1446,7,5379,2024-09-23,576.15,Computing,5
1447,7,4684,2024-09-20,553.51,Home Appliances,10
1448,7,2127,2024-09-20,668.34,Home Appliances,10
1449,7,539,2024-09-22,678.12,Computing,10
1450,7,5156,2024-09-27,917.72,Electronics,20
1451,7,9442,2024-09-28,717.87,Home Appliances,15
1452,7,6951,2024-10-02,805.82,Electronics,15
1453,7,1337,2024-09-21,756.5,Home Appliances,0
1454,7,7860,2024-09-27,777.82,Accessories,15
1455,7,3508,2024-09-24,523.0,Electronics,10
1456,7,153,2024-10-03,726.6,Accessories,5
1457,7,6395,2024-10-01,671.03,Home Appliances,0
1458,7,8388,2024-10-03,822.88,Mobile Accessories,10
1459,7,4051,2024-09-28,671.13,Accessories,10
1460,7,7617,2024-09-24,626.36,Home Appliances,15
1461,7,3108,2024-09-18,678.37,Mobile Accessories,10
1462,7,3040,2024-09-23,785.35,Electronics,20
1463,7,1735,2024-09-26,621.05,Accessories,10
1464,7,5064,2024-09-21,1001.23,Electronics,20
1465,7,6326,2024-09-18,839.53,Home Appliances,0
1466,7,3541,2024-09-29,625.03,Home Appliances,20
1467,7,7428,2024-09-20,786.31,Accessories,0
1468,7,8975,2024-09-18,940.94,Mobile Accessories,15
1469,7,6313,2024-09-22,864.33,Home Appliances,0
1470,7,689,2024-09-19,665.97,Home Appliances,5
1471,7,9472,2024-09-20,761.86,Computing,10
1472,7,5742,2024-09-19,761.67,Home Appliances,0
1473,7,8278,2024-09-26,945.69,Electronics,0
1474,7,4322,2024-09-20,460.31,Electronics,0
1475,7,5767,2024-09-18,919.48,Accessories,20
1476,7,3346,2024-09-26,526.09,Mobile Accessories,0
1477,7,6548,2024-09-18,726.12,Home Appliances,0
1478,7,137,2024-09-21,682.85,Computing,20
1479,7,4444,2024-10-03,788.14,Mobile Accessories,0
1480,7,1394,2024-10-04,528.99,Computing,20
1481,7,3980,2024-10-05,801.85,Home Appliances,15
1482,7,529,2024-10-03,656.64,Electronics,15
1483,7,4062,2024-10-01,696.35,Mobile Accessories,5
1484,7,7018,2024-09-29,587.27,Home Appliances,5
1485,7,6589,2024-10-03,633.89,Mobile Accessories,15
1486,7,9882,2024-09-24,707.48,Electronics,10
1487,7,5587,2024-09-28,427.11,Mobile Accessories,20
1488,7,2387,2024-09-30,961.28,Accessories,20
1489,7,8472,2024-10-05,529.84,Accessories,0
1490,7,2829,2024-09-28,736.04,Home Appliances,5
1491,7,4072,2024-09-30,745.19,Mobile Accessories,20
1492,7,2400,2024-09-25,647.52,Home Appliances,10
1493,7,1138,2024-10-05,768.65,Home Appliances,10
1494,7,4338,2024-09-23,469.04,Mobile Accessories,5
1495,7,5947,2024-10-05,647.72,Electronics,0
1496,7,4722,2024-09-27,612.62,Electronics,0
1497,7,7753,2024-09-30,470.45,Computing,0
1498,7,5323,2024-09-28,527.05,Electronics,10
1499,7,2237,2024-09-19,839.79,Home Appliances,20
1500,7,9750,2024-10-05,584.73,Accessories,10
1501,7,1119,2024-10-04,578.18,Home Appliances,20
1502,7,2219,2024-10-02,690.75,Home Appliances,5
1503,7,3580,2024-09-20,713.23,Mobile Accessories,10
1504,7,6721,2024-09-22,822.91,Accessories,5
1505,7,5700,2024-09-21,839.89,Home Appliances,20
1506,7,5841,2024-09-22,581.36,Computing,20
1507,7,8409,2024-10-04,870.67,Mobile Accessories,10
1508,7,1126,2024-09-30,834.07,Home Appliances,5
1509,7,3104,2024-09-29,599.53,Computing,5
1510,7,7318,2024-10-05,821.55,Accessories,5
1511,7,836,2024-10-03,880.19,Home Appliances,5
1512,7,282,2024-09-19,612.09,Electronics,5
1513,7,1162,2024-10-01,517.83,Mobile Accessories,10
1514,7,1820,2024-09-20,643.37,Home Appliances,15
1515,7,7875,2024-10-04,749.55,Electronics,20
1516,7,2117,2024-09-21,837.53,Accessories,5
1517,7,9623,2024-09-22,740.82,Mobile Accessories,0
1518,7,545,2024-10-05,649.74,Accessories,5
1519,7,535,2024-09-30,959.65,Home Appliances,0
1520,7,9437,2024-09-25,463.16,Home Appliances,5
1521,7,7554,2024-09-27,671.5,Computing,20
1522,7,75,2024-09-25,680.0,Mobile Accessories,10
1523,7,5903,2024-09-27,564.28,Mobile Accessories,5
1524,7,2140,2024-09-25,518.41,Computing,15
1525,7,8859,2024-09-24,727.3,Electronics,0
1526,7,4665,2024-09-21,397.13,Electronics,20
1527,7,43,2024-10-01,614.77,Computing,20
1528,7,1524,2024-09-30,805.71,Electronics,15
1529,7,9905,2024-09-22,553.35,Computing,0
1530,7,4316,2024-09-29,857.52,Mobile Accessories,0
1531,7,3487,2024-09-18,526.21,Home Appliances,15
1532,7,8984,2024-09-29,501.3,Mobile Accessories,5
1533,7,4925,2024-09-29,750.11,Electronics,5
1534,7,900,2024-09-18,722.67,Electronics,0
1535,7,9385,2024-09-22,929.0,Accessories,10
1536,7,7828,2024-09-24,671.36,Home Appliances,0
1537,7,5253,2024-09-27,650.79,Mobile Accessories,10
1538,7,2508,2024-10-02,469.07,Mobile Accessories,20
1539,7,8675,2024-10-04,658.54,Mobile Accessories,15
1540,7,9321,2024-10-05,770.56,Mobile Accessories,10
1541,7,6816,2024-10-02,806.34,Electronics,15
1542,7,3056,2024-09-24,574.86,Home Appliances,15
1543,7,3377,2024-09-20,700.52,Home Appliances,0
1544,7,8355,2024-09-28,627.01,Computing,10
1545,7,7347,2024-10-04,559.18,Accessories,5
1546,7,8449,2024-09-22,378.03,Electronics,15
1547,7,2333,2024-10-01,778.23,Home Appliances,15
1548,7,7038,2024-09-20,973.8,Mobile Accessories,0
1549,7,9283,2024-10-01,532.43,Home Appliances,15
1550,7,2323,2024-09-26,595.17,Computing,5
1551,7,4209,2024-09-19,583.14,Mobile Accessories,10
1552,7,8174,2024-09-19,745.97,Home Appliances,20
1553,7,3361,2024-09-23,788.08,Computing,10
1554,7,1532,2024-09-20,632.44,Home Appliances,5
1555,7,3167,2024-09-22,682.55,Home Appliances,0
1556,7,8300,2024-10-02,571.34,Mobile Accessories,10
1557,7,1886,2024-09-25,755.63,Home Appliances,10
1558,7,2690,2024-09-22,427.51,Mobile Accessories,20
1559,7,1995,2024-09-25,541.86,Computing,20
1560,7,3170,2024-09-26,769.82,Electronics,10
1561,7,2698,2024-09-29,432.58,Home Appliances,20
1562,7,863,2024-10-02,919.87,Electronics,15
1563,7,9580,2024-10-02,574.44,Electronics,5
1564,7,3706,2024-09-25,712.15,Accessories,15
1565,7,6706,2024-09-19,572.95,Computing,0
1566,7,5239,2024-09-19,636.75,Mobile Accessories,10
1567,7,187,2024-09-18,494.47,Electronics,5
1568,7,3826,2024-09-20,817.05,Electronics,10
1569,7,5874,2024-10-03,684.01,Computing,10
1570,7,692,2024-10-04,765.98,Accessories,15
1571,7,6461,2024-09-23,850.99,Home Appliances,0
1572,7,1347,2024-09-24,603.34,Mobile Accessories,0
1573,7,5567,2024-10-03,757.69,Mobile Accessories,20
1574,7,2815,2024-09-18,687.74,Home Appliances,0
1575,7,8596,2024-09-30,699.06,Accessories,10
1576,7,7708,2024-10-03,734.83,Electronics,10
1577,7,3543,2024-09-28,569.25,Accessories,5
1578,7,4074,2024-09-22,742.34,Mobile Accessories,0
1579,7,1671,2024-10-01,927.75,Accessories,20
1580,7,909,2024-09-28,573.97,Accessories,15
1581,7,3105,2024-10-02,608.74,Mobile Accessories,20
1582,7,4221,2024-09-24,565.51,Electronics,20
1583,7,574,2024-09-20,743.32,Electronics,5
1584,7,8190,2024-10-05,709.14,Computing,5
1585,7,7745,2024-09-18,518.61,Mobile Accessories,20
1586,7,4247,2024-09-29,568.87,Computing,20
1587,7,1223,2024-09-27,784.97,Mobile Accessories,5
1588,7,8765,2024-09-29,544.09,Mobile Accessories,0
1589,7,8223,2024-09-26,581.23,Electronics,5
1590,7,5353,2024-09-26,526.31,Home Appliances,15
1591,7,4515,2024-09-23,853.99,Accessories,10
1592,7,392,2024-09-27,721.59,Mobile Accessories,15
1593,7,4528,2024-09-26,573.82,Computing,10
1594,7,2824,2024-09-25,1109.6,Electronics,5
1595,7,2654,2024-09-28,681.84,Computing,5
1596,7,6153,2024-09-22,783.31,Computing,20
1597,7,2390,2024-09-21,537.33,Computing,5
1598,7,6870,2024-10-03,584.08,Electronics,5
1599,7,3574,2024-09-24,706.43,Home Appliances,15
1600,7,2909,2024-09-22,997.78,Home Appliances,20
1601,7,932,2024-09-30,813.39,Home Appliances,0
1602,7,4036,2024-09-20,701.19,Mobile Accessories,15
1603,7,2842,2024-09-30,566.33,Computing,20
1604,7,6807,2024-09-20,749.29,Electronics,20
1605,7,9202,2024-09-18,661.73,Home Appliances,20
1606,7,148,2024-10-05,836.69,Accessories,15
1607,7,4023,2024-09-25,789.88,Mobile Accessories,15
1608,7,7320,2024-09-21,715.06,Computing,20
1609,7,29,2024-10-03,757.73,Mobile Accessories,5
1610,7,630,2024-09-19,458.83,Computing,15
1611,7,6012,2024-09-27,681.66,Computing,5
1612,7,7689,2024-10-05,669.91,Computing,15
1613,7,2604,2024-09-20,778.81,Home Appliances,10
1614,7,3145,2024-09-20,503.76,Home Appliances,10
1615,7,5149,2024-09-29,726.39,Electronics,20
1616,7,5439,2024-10-01,438.31,Computing,10
1617,7,9516,2024-09-22,721.07,Home Appliances,10
1618,7,2567,2024-09-25,997.96,Mobile Accessories,10
1619,7,345,2024-10-01,784.76,Electronics,20
1620,7,3919,2024-10-05,661.7,Home Appliances,5
1621,7,8703,2024-09-28,735.19,Mobile Accessories,5
1622,7,4833,2024-09-21,597.64,Mobile Accessories,10
1623,7,5048,2024-10-03,669.92,Mobile Accessories,20
1624,7,7368,2024-09-22,782.7,Mobile Accessories,10
1625,7,3331,2024-10-02,708.93,Home Appliances,0
1626,7,5036,2024-10-03,735.94,Home Appliances,20
1627,7,1972,2024-09-25,760.32,Mobile Accessories,20
1628,7,259,2024-09-24,864.22,Mobile Accessories,20
1629,7,9276,2024-10-05,829.72,Accessories,20
1630,7,3862,2024-09-29,574.59,Accessories,0
1631,7,7706,2024-09-30,703.52,Electronics,20
1632,7,6331,2024-09-27,744.18,Mobile Accessories,0
1633,7,2727,2024-10-03,519.59,Mobile Accessories,20
1634,7,4399,2024-09-20,727.1,Home Appliances,20
1635,7,9337,2024-09-18,586.92,Electronics,15
1636,7,1161,2024-10-05,696.26,Mobile Accessories,15
1637,7,8970,2024-09-30,779.44,Accessories,0
1638,7,8303,2024-09-23,590.33,Mobile Accessories,0
1639,7,182,2024-09-18,837.97,Mobile Accessories,15
1640,7,6253,2024-09-26,620.45,Mobile Accessories,5
1641,7,9972,2024-09-27,673.64,Computing,0
1642,7,1009,2024-10-04,779.68,Computing,15
1643,7,9896,2024-09-21,624.62,Computing,10
1644,7,2422,2024-09-29,579.16,Electronics,0
1645,7,5452,2024-09-20,625.04,Mobile Accessories,5
1646,7,3887,2024-09-27,783.45,Electronics,10
1647,7,2489,2024-09-19,897.93,Electronics,0
1648,7,6380,2024-09-26,545.59,Accessories,15
1649,7,7657,2024-09-23,662.87,Computing,5
1650,7,9084,2024-09-25,658.69,Mobile Accessories,10
1651,7,4467,2024-10-01,483.25,Home Appliances,15
1652,7,1158,2024-10-05,704.61,Accessories,10
1653,7,2554,2024-09-28,481.64,Home Appliances,5
1654,7,5214,2024-09-21,744.52,Computing,5
1655,7,2113,2024-10-01,540.31,Accessories,0
1656,7,9361,2024-10-01,591.32,Accessories,10
1657,8,5765,2024-11-11,826.04,Accessories,5
1658,8,564,2024-10-28,870.52,Mobile Accessories,5
1659,8,643,2024-10-29,931.53,Electronics,5
1660,8,7332,2024-11-06,671.59,Accessories,10
1661,8,9110,2024-11-13,1148.62,Mobile Accessories,10
1662,8,7543,2024-10-24,917.35,Mobile Accessories,0
1663,8,3631,2024-10-31,934.08,Computing,5
1664,8,62,2024-11-11,935.9,Mobile Accessories,5
1665,8,5838,2024-11-09,501.47,Computing,15
1666,8,4183,2024-10-28,730.29,Mobile Accessories,0
1667,8,2235,2024-11-12,681.78,Computing,10
1668,8,90,2024-10-24,1150.54,Electronics,20
1669,8,8345,2024-10-23,922.76,Accessories,5
1670,8,6707,2024-10-30,575.38,Home Appliances,15
1671,8,2430,2024-10-26,1220.48,Accessories,20
1672,8,8262,2024-10-30,818.41,Electronics,5
1673,8,6209,2024-11-06,1046.87,Accessories,5
1674,8,4078,2024-10-31,992.58,Home Appliances,15
1675,8,5346,2024-10-23,813.65,Mobile Accessories,20
1676,8,5043,2024-11-09,726.71,Electronics,20
1677,8,1452,2024-10-30,901.18,Electronics,20
1678,8,6142,2024-10-24,927.85,Electronics,5
1679,8,9605,2024-11-03,707.06,Home Appliances,15
1680,8,3467,2024-10-31,733.33,Electronics,0
1681,8,7925,2024-10-24,768.38,Electronics,15
1682,8,9576,2024-10-31,829.26,Accessories,15
1683,8,5046,2024-10-27,832.54,Accessories,0
1684,8,729,2024-11-04,705.09,Computing,0
1685,8,7701,2024-10-25,926.67,Home Appliances,15
1686,8,8224,2024-10-29,856.9,Electronics,0
1687,8,2207,2024-11-04,915.18,Mobile Accessories,15
1688,8,7210,2024-10-25,982.07,Accessories,10
1689,8,3087,2024-10-29,1012.53,Accessories,20
1690,8,1734,2024-10-26,1045.33,Computing,0
1691,8,9112,2024-11-14,1197.94,Home Appliances,0
1692,8,9863,2024-11-10,674.2,Computing,20
1693,8,4836,2024-11-14,706.84,Computing,5
1694,8,3407,2024-11-07,498.55,Mobile Accessories,0
1695,8,2701,2024-11-13,550.23,Home Appliances,15
1696,8,6434,2024-10-24,676.76,Mobile Accessories,15
1697,8,7165,2024-11-13,872.64,Home Appliances,10
1698,8,340,2024-11-10,950.44,Computing,5
1699,8,2857,2024-11-12,725.83,Home Appliances,20
1700,8,5990,2024-11-08,992.58,Accessories,0
1701,8,4969,2024-11-05,667.77,Home Appliances,15
1702,8,1743,2024-10-31,658.56,Accessories,15
1703,8,1964,2024-11-05,732.38,Mobile Accessories,10
1704,8,500,2024-10-29,486.45,Computing,5
1705,8,5032,2024-11-09,410.66,Computing,10
1706,8,2767,2024-11-06,933.52,Computing,0
1707,8,5200,2024-11-10,960.1,Accessories,15
1708,8,3180,2024-11-07,1155.46,Mobile Accessories,20
1709,8,2648,2024-11-03,693.0,Electronics,15
1710,8,7345,2024-10-24,972.81,Mobile Accessories,5
1711,8,6917,2024-10-26,912.8,Home Appliances,20
1712,8,3612,2024-10-25,1147.49,Home Appliances,15
1713,8,9805,2024-11-12,1054.22,Mobile Accessories,5
1714,8,2300,2024-11-02,899.16,Accessories,15
1715,8,2881,2024-11-08,771.54,Mobile Accessories,20
1716,8,3606,2024-11-13,1156.29,Mobile Accessories,5
1717,8,5824,2024-11-12,523.83,Computing,0
1718,8,2268,2024-10-31,1017.31,Accessories,15
1719,8,8314,2024-11-04,1090.91,Mobile Accessories,5
1720,8,9384,2024-11-11,859.64,Home Appliances,0
1721,8,5510,2024-10-27,756.76,Home Appliances,0
1722,8,7764,2024-11-13,1078.82,Computing,5
1723,8,5231,2024-10-30,718.33,Accessories,15
1724,8,1335,2024-11-05,777.42,Electronics,0
1725,8,2148,2024-10-25,999.76,Mobile Accessories,10
1726,8,2244,2024-11-13,739.44,Accessories,20
1727,8,9373,2024-11-06,903.11,Mobile Accessories,15
1728,8,9445,2024-10-24,558.48,Mobile Accessories,10
1729,8,4473,2024-10-26,1174.31,Mobile Accessories,15
1730,8,7162,2024-10-25,796.65,Home Appliances,20
1731,8,9723,2024-10-27,716.63,Computing,15
1732,8,8189,2024-10-23,1105.48,Accessories,10
1733,8,9186,2024-10-26,964.04,Accessories,0
1734,8,9626,2024-11-14,769.99,Computing,5
1735,8,1545,2024-11-11,829.84,Electronics,0
1736,8,9387,2024-10-30,681.39,Accessories,5
1737,8,4304,2024-10-28,892.11,Home Appliances,20
1738,8,1037,2024-10-25,789.81,Home Appliances,20
1739,8,6356,2024-10-30,859.94,Accessories,10
1740,8,6080,2024-11-01,764.8,Home Appliances,20
1741,8,6446,2024-10-26,665.6,Home Appliances,0
1742,8,6342,2024-10-27,990.51,Electronics,10
1743,8,5427,2024-10-31,882.9,Computing,20
1744,8,8955,2024-10-31,1213.52,Computing,10
1745,8,2229,2024-10-26,789.82,Home Appliances,20
1746,8,8083,2024-10-24,873.32,Electronics,10
1747,8,4118,2024-10-31,730.06,Home Appliances,20
1748,8,9468,2024-11-13,725.21,Electronics,10
1749,8,3085,2024-10-31,984.16,Computing,5
1750,8,1261,2024-10-30,690.59,Accessories,10
1751,8,9291,2024-10-29,901.2,Home Appliances,0
1752,8,3814,2024-10-31,1060.43,Mobile Accessories,10
1753,8,4864,2024-11-12,668.38,Accessories,10
1754,8,5530,2024-10-29,697.2,Accessories,0
1755,8,7791,2024-10-30,724.04,Mobile Accessories,5
1756,8,7336,2024-11-02,765.86,Home Appliances,15
1757,8,2348,2024-10-31,1165.26,Home Appliances,20
1758,8,4239,2024-10-24,687.61,Computing,20
1759,8,294,2024-11-13,994.31,Electronics,5
1760,8,8589,2024-11-14,911.86,Computing,15
1761,8,5670,2024-11-07,1000.44,Home Appliances,5
1762,8,9125,2024-11-05,905.44,Electronics,10
1763,8,2745,2024-10-31,793.82,Mobile Accessories,0
1764,8,1831,2024-11-08,594.99,Mobile Accessories,10
1765,8,317,2024-11-04,644.23,Mobile Accessories,10
1766,8,970,2024-10-28,599.25,Computing,5
1767,8,8465,2024-10-24,991.83,Computing,0
1768,8,6617,2024-11-03,670.36,Accessories,20
1769,8,8676,2024-10-26,752.11,Electronics,10
1770,8,1336,2024-10-30,990.26,Computing,20
1771,8,8283,2024-10-31,717.65,Electronics,15
1772,8,8412,2024-11-04,882.94,Home Appliances,10
1773,8,6274,2024-11-13,807.7,Home Appliances,5
1774,8,5083,2024-11-07,926.44,Electronics,10
1775,8,3218,2024-11-06,914.71,Home Appliances,0
1776,8,4418,2024-10-27,933.31,Accessories,5
1777,8,208,2024-11-12,857.81,Mobile Accessories,10
1778,8,6093,2024-11-06,992.48,Computing,20
1779,8,6536,2024-11-11,550.44,Home Appliances,0
1780,8,4377,2024-10-29,781.55,Computing,10
1781,8,5075,2024-11-04,948.26,Home Appliances,0
1782,8,9665,2024-11-12,822.48,Electronics,5
1783,8,769,2024-11-07,699.39,Electronics,5
1784,8,9104,2024-11-03,815.79,Home Appliances,10
1785,8,6447,2024-10-31,753.65,Mobile Accessories,10
1786,8,5864,2024-10-25,736.03,Accessories,10
1787,8,2098,2024-11-01,733.17,Mobile Accessories,20
1788,8,5458,2024-11-07,1031.44,Electronics,10
1789,8,5512,2024-10-29,777.71,Computing,20
1790,8,5243,2024-11-02,1108.01,Electronics,10
1791,8,8687,2024-11-12,836.85,Electronics,20
1792,8,6764,2024-10-23,845.7,Computing,20
1793,8,985,2024-11-12,1024.35,Accessories,10
1794,8,9132,2024-11-13,422.45,Home Appliances,10
1795,8,6871,2024-11-03,678.81,Computing,0
1796,8,9004,2024-11-13,481.37,Electronics,5
1797,8,6674,2024-11-12,898.87,Home Appliances,10
1798,8,8457,2024-11-11,749.74,Mobile Accessories,10
1799,8,2896,2024-11-11,851.68,Accessories,10
1800,8,7724,2024-10-23,900.76,Computing,10
1801,8,9845,2024-11-03,899.65,Home Appliances,20
1802,8,1311,2024-10-23,983.93,Mobile Accessories,5
1803,8,366,2024-10-23,956.84,Electronics,10
1804,8,3244,2024-11-03,690.12,Accessories,10
1805,8,3371,2024-11-11,846.12,Mobile Accessories,15
1806,8,687,2024-10-26,1002.6,Electronics,5
1807,8,8222,2024-11-12,579.48,Home Appliances,20
1808,8,2700,2024-10-24,1002.41,Electronics,10
1809,8,6408,2024-10-24,701.04,Electronics,0
1810,8,4091,2024-11-12,547.92,Computing,20
1811,8,5369,2024-10-29,670.58,Computing,5
1812,8,6477,2024-10-23,860.84,Electronics,0
1813,8,9229,2024-11-09,651.52,Home Appliances,10
1814,8,6651,2024-11-10,589.03,Mobile Accessories,5
1815,8,8356,2024-11-08,776.66,Home Appliances,5
1816,8,814,2024-10-30,710.34,Computing,10
1817,8,6339,2024-10-25,830.32,Electronics,0
1818,8,513,2024-11-12,1023.12,Accessories,20
1819,8,1006,2024-11-08,1120.92,Accessories,20
1820,8,3834,2024-10-26,718.0,Computing,10
1821,8,7351,2024-11-04,1203.36,Electronics,0
1822,8,337,2024-11-11,803.44,Mobile Accessories,10
1823,8,9189,2024-11-11,756.21,Computing,0
1824,8,7881,2024-11-01,900.75,Computing,5
1825,8,737,2024-11-11,664.01,Electronics,5
1826,8,8695,2024-10-30,667.9,Mobile Accessories,0
1827,8,5771,2024-11-01,866.21,Accessories,15
1828,8,6289,2024-10-25,930.56,Accessories,20
1829,8,2830,2024-11-07,786.72,Electronics,15
1830,8,1642,2024-11-07,744.31,Home Appliances,0
1831,8,7155,2024-11-10,906.09,Computing,5
1832,8,3404,2024-11-14,873.75,Electronics,0
1833,8,6528,2024-11-04,1016.95,Electronics,15
1834,8,2911,2024-11-07,668.65,Home Appliances,20
1835,8,1725,2024-11-03,877.02,Electronics,5
1836,8,9738,2024-10-29,772.96,Home Appliances,0
1837,8,1467,2024-10-31,652.4,Home Appliances,15
1838,8,5735,2024-10-31,1025.4,Home Appliances,10
1839,8,4704,2024-10-24,918.88,Computing,10
1840,8,3297,2024-10-26,607.85,Computing,5
1841,8,9952,2024-11-02,969.01,Electronics,15
1842,8,6302,2024-11-08,843.09,Computing,20
1843,8,4208,2024-11-07,918.97,Electronics,15
1844,8,9840,2024-10-26,701.69,Mobile Accessories,15
1845,8,3008,2024-11-02,809.9,Accessories,10
1846,8,9950,2024-11-07,639.0,Electronics,0
1847,8,2351,2024-10-29,821.07,Mobile Accessories,20
1848,8,8061,2024-11-04,611.92,Electronics,20
1849,8,4727,2024-10-25,676.18,Electronics,0
1850,8,2469,2024-10-29,1091.55,Electronics,5
1851,8,7299,2024-11-06,437.22,Home Appliances,5
1852,8,4976,2024-11-13,1093.42,Mobile Accessories,15
1853,8,3273,2024-10-30,733.1,Home Appliances,5
1854,8,4619,2024-11-01,760.33,Mobile Accessories,0
1855,8,5785,2024-11-11,831.06,Accessories,5
1856,8,9366,2024-11-07,721.12,Mobile Accessories,10
1857,8,6065,2024-11-03,639.12,Mobile Accessories,20
1858,8,1280,2024-10-26,779.32,Electronics,15
1859,8,9862,2024-11-09,353.18,Computing,15
1860,8,5697,2024-11-12,687.41,Mobile Accessories,15
1861,8,6573,2024-11-12,833.41,Computing,15
1862,8,4786,2024-11-07,753.2,Electronics,5
1863,8,4696,2024-10-27,978.69,Electronics,10
1864,8,9948,2024-10-26,664.07,Computing,0
1865,8,6241,2024-11-06,1083.26,Computing,5
1866,8,4318,2024-10-27,672.92,Electronics,15
1867,8,9663,2024-11-03,818.1,Accessories,0
1868,8,3118,2024-11-04,1101.06,Computing,10
1869,8,5506,2024-10-29,976.7,Accessories,10
1870,8,3364,2024-10-31,760.51,Mobile Accessories,10
1871,8,8120,2024-11-12,793.26,Accessories,10
1872,8,2259,2024-11-09,882.46,Electronics,0
1873,8,4157,2024-10-31,999.95,Accessories,10
1874,8,2021,2024-11-12,851.6,Home Appliances,15
1875,8,8572,2024-11-13,654.3,Accessories,0
1876,8,8323,2024-10-23,614.12,Mobile Accessories,20
1877,8,2609,2024-11-12,602.77,Mobile Accessories,10
1878,8,3717,2024-11-12,1101.42,Electronics,20
1879,8,7799,2024-10-27,588.24,Computing,10
1880,8,7139,2024-11-02,740.95,Accessories,5
1881,8,9512,2024-11-13,739.55,Computing,0
1882,8,6592,2024-10-28,1006.55,Mobile Accessories,20
1883,8,166,2024-10-29,826.17,Electronics,20
1884,8,3509,2024-11-13,830.05,Computing,0
1885,8,7532,2024-11-04,1018.38,Accessories,5
1886,8,9014,2024-10-29,786.84,Electronics,10
1887,8,4752,2024-11-06,722.16,Electronics,20
1888,8,5901,2024-11-11,852.52,Home Appliances,5
1889,8,7549,2024-11-12,789.68,Electronics,0
1890,8,3556,2024-11-14,1152.63,Accessories,15
1891,8,5446,2024-11-05,651.83,Computing,20
1892,8,5281,2024-11-09,879.58,Accessories,20
1893,8,7622,2024-11-01,939.95,Home Appliances,15
1894,8,2644,2024-11-06,642.51,Mobile Accessories,5
1895,8,5143,2024-11-13,1152.92,Electronics,5
1896,8,3643,2024-10-31,899.3,Home Appliances,20
1897,8,9043,2024-11-12,809.91,Accessories,20
1898,8,3854,2024-11-13,561.34,Accessories,20
1899,8,8740,2024-10-30,621.81,Home Appliances,10
1900,8,5497,2024-10-25,643.25,Electronics,5
1901,8,6344,2024-11-03,990.41,Electronics,0
1902,8,1732,2024-11-14,904.49,Home Appliances,15
1903,8,9621,2024-10-23,873.71,Computing,0
1904,8,1120,2024-11-14,488.69,Mobile Accessories,20
1905,8,4240,2024-11-14,990.5,Computing,15
1906,8,7665,2024-11-10,654.84,Accessories,15
1907,8,7823,2024-10-26,991.64,Computing,15
1908,8,5167,2024-11-01,904.06,Computing,10
1909,8,1319,2024-11-02,1032.43,Accessories,15
1910,8,3582,2024-10-29,790.97,Computing,0
1911,8,1289,2024-11-09,926.35,Home Appliances,5
1912,8,6603,2024-10-28,748.46,Electronics,10
1913,8,754,2024-11-09,722.76,Home Appliances,5
1914,8,9649,2024-11-07,961.07,Electronics,20
1915,8,1838,2024-11-02,951.69,Electronics,0
1916,8,238,2024-10-30,853.04,Electronics,15
1917,8,6507,2024-11-08,843.03,Electronics,5
1918,8,6420,2024-10-26,888.47,Computing,20
1919,8,914,2024-11-02,596.96,Electronics,10
1920,8,8339,2024-11-13,515.03,Mobile Accessories,10
1921,8,2088,2024-11-07,1276.54,Computing,5
1922,8,5496,2024-11-02,893.65,Computing,15
1923,8,7082,2024-10-30,1057.67,Accessories,15
1924,8,1578,2024-11-03,875.45,Mobile Accessories,10
1925,8,5912,2024-10-26,1037.54,Home Appliances,0
1926,8,4470,2024-10-29,878.85,Home Appliances,10
1927,8,2586,2024-11-03,649.8,Home Appliances,20
1928,8,161,2024-10-27,982.67,Home Appliances,10
1929,8,4135,2024-10-25,846.26,Electronics,5
1930,8,744,2024-11-14,900.55,Accessories,15
1931,8,8164,2024-11-08,1055.23,Electronics,5
1932,8,5103,2024-10-24,547.76,Computing,20
1933,8,2660,2024-11-11,864.51,Mobile Accessories,5
1934,8,6706,2024-11-10,910.17,Home Appliances,20
1935,8,9630,2024-11-10,780.09,Home Appliances,5
1936,8,2412,2024-11-14,615.68,Mobile Accessories,10
1937,8,6023,2024-10-29,762.36,Home Appliances,10
1938,8,8319,2024-10-28,846.78,Home Appliances,0
1939,8,6232,2024-10-29,747.26,Home Appliances,0
1940,8,6492,2024-11-07,950.43,Accessories,20
1941,8,6806,2024-10-24,787.12,Computing,0
1942,8,5575,2024-11-14,938.98,Accessories,10
1943,8,7541,2024-10-23,811.72,Electronics,10
1944,8,8888,2024-10-31,885.12,Home Appliances,0
1945,8,6230,2024-10-23,1071.96,Electronics,10
1946,8,2844,2024-10-25,603.77,Computing,15
1947,8,5251,2024-11-02,957.85,Accessories,15
1948,8,9763,2024-10-25,857.26,Home Appliances,10
1949,8,3363,2024-11-06,733.39,Computing,0
1950,8,8738,2024-11-13,619.12,Computing,20
1951,8,9819,2024-11-04,691.73,Computing,20
1952,8,2522,2024-11-04,1024.53,Accessories,10
1953,8,5476,2024-10-31,902.1,Accessories,10
1954,8,1392,2024-10-28,789.71,Mobile Accessories,20
1955,8,9474,2024-11-04,690.34,Electronics,5
1956,8,387,2024-11-10,809.02,Home Appliances,10
1957,8,185,2024-11-09,1160.73,Accessories,10
1958,8,304,2024-10-31,697.19,Computing,15
1959,8,2000,2024-10-26,698.02,Electronics,0
1960,8,1821,2024-10-24,691.42,Mobile Accessories,15
1961,8,349,2024-10-25,824.01,Mobile Accessories,10
1962,8,1219,2024-11-10,732.98,Computing,5
1963,8,3208,2024-11-12,901.03,Home Appliances,15
1964,8,6253,2024-11-03,615.18,Electronics,15
1965,8,7535,2024-11-07,782.33,Accessories,15
1966,8,8933,2024-10-23,436.1,Home Appliances,10
1967,8,7937,2024-11-09,788.34,Home Appliances,20
1968,8,1848,2024-10-29,928.76,Computing,15
1969,8,654,2024-11-08,929.41,Electronics,10
1970,8,5962,2024-10-28,957.97,Accessories,0
1971,8,8643,2024-11-08,699.05,Accessories,20
1972,8,3256,2024-11-11,779.21,Home Appliances,5
1973,8,5152,2024-11-04,850.79,Computing,5
1974,8,5908,2024-10-27,853.44,Accessories,15
1975,8,3035,2024-11-01,1047.23,Home Appliances,15
1976,8,4260,2024-11-14,641.81,Home Appliances,5
1977,8,9768,2024-11-04,850.15,Home Appliances,15
1978,8,4408,2024-11-13,864.14,Computing,15
1979,8,714,2024-11-11,999.44,Computing,20
1980,8,2060,2024-11-02,916.15,Mobile Accessories,0
1981,8,9259,2024-11-13,814.21,Accessories,10
1982,8,3968,2024-10-24,506.37,Computing,5
1983,8,5662,2024-11-02,863.53,Mobile Accessories,10
1984,8,3679,2024-10-24,869.19,Accessories,5
1985,8,3068,2024-10-30,698.97,Mobile Accessories,10
1986,8,7402,2024-11-14,1147.43,Electronics,20
1987,8,1225,2024-10-29,818.71,Electronics,0
1988,8,5881,2024-10-25,807.6,Home Appliances,15
1989,8,4830,2024-10-30,442.75,Mobile Accessories,5
1990,8,4883,2024-11-13,714.62,Mobile Accessories,0
1991,8,9289,2024-11-11,854.53,Accessories,5
1992,8,4656,2024-11-08,1054.08,Home Appliances,15
1993,8,6755,2024-10-23,614.74,Electronics,0
1994,8,8427,2024-10-25,846.27,Home Appliances,5
1995,8,8269,2024-11-04,667.11,Computing,20
1996,8,9797,2024-11-06,661.69,Electronics,10
1997,8,3381,2024-10-27,1043.05,Accessories,10
1998,8,9883,2024-11-06,428.06,Computing,0
1999,8,5675,2024-11-03,829.22,Electronics,10
2000,8,1936,2024-10-28,781.17,Home Appliances,20
2001,8,6088,2024-11-04,704.04,Accessories,10
2002,8,3873,2024-11-05,642.13,Accessories,10
2003,8,6033,2024-10-26,629.2,Home Appliances,15
2004,8,84,2024-11-01,756.62,Mobile Accessories,0
2005,8,6452,2024-11-10,817.65,Electronics,20
2006,8,8085,2024-10-24,556.06,Mobile Accessories,15
2007,8,801,2024-10-24,891.09,Home Appliances,15
2008,8,6067,2024-11-10,745.22,Electronics,15
2009,8,6552,2024-10-26,855.53,Home Appliances,20
2010,8,1291,2024-11-11,666.63,Accessories,0
2011,8,1491,2024-10-26,726.25,Computing,10
2012,8,4865,2024-10-24,742.49,Electronics,20
2013,8,9403,2024-10-30,796.61,Mobile Accessories,15
2014,8,3395,2024-11-08,861.33,Home Appliances,10
2015,8,7061,2024-10-31,836.64,Mobile Accessories,0
2016,8,9919,2024-11-01,963.06,Mobile Accessories,10
2017,8,5081,2024-11-12,898.8,Computing,15
2018,8,5224,2024-11-08,708.2,Electronics,5
2019,8,6520,2024-10-26,694.76,Electronics,5
2020,8,1819,2024-10-27,802.11,Home Appliances,10
2021,8,6090,2024-10-30,1022.39,Accessories,20
2022,8,1810,2024-11-01,936.0,Accessories,20
2023,8,1594,2024-10-31,892.78,Accessories,10
2024,8,2152,2024-10-29,1013.91,Electronics,5
2025,8,6521,2024-10-29,1170.23,Electronics,20
2026,8,3786,2024-11-03,521.16,Accessories,15
2027,8,1769,2024-11-07,407.39,Computing,5
2028,8,2376,2024-11-10,528.19,Computing,15
2029,8,5612,2024-11-01,1046.26,Home Appliances,0
2030,8,8088,2024-10-30,812.82,Home Appliances,15
2031,8,3656,2024-10-26,416.15,Mobile Accessories,0
2032,8,7149,2024-11-06,516.12,Home Appliances,10
2033,8,7234,2024-11-02,766.54,Accessories,0
2034,8,1770,2024-10-26,891.77,Computing,5
2035,8,8233,2024-11-12,679.44,Computing,20
2036,8,2413,2024-11-14,469.21,Mobile Accessories,0
2037,8,3855,2024-11-14,1215.11,Electronics,5
2038,8,4218,2024-10-28,916.44,Accessories,20
2039,8,3773,2024-10-31,786.54,Mobile Accessories,15
2040,8,3296,2024-10-30,600.37,Computing,15
2041,8,8470,2024-10-25,677.46,Accessories,15
2042,8,7537,2024-11-03,678.15,Computing,15
2043,8,4886,2024-11-11,759.86,Electronics,10
2044,8,9098,2024-11-04,851.85,Accessories,10
2045,8,76,2024-11-07,1060.55,Accessories,5
2046,8,2974,2024-11-10,701.46,Electronics,15
2047,8,5718,2024-10-23,756.61,Home Appliances,0
2048,8,6876,2024-10-28,800.65,Mobile Accessories,10
2049,8,6218,2024-10-30,959.68,Computing,0
2050,8,5734,2024-10-25,896.84,Accessories,20
2051,8,3210,2024-11-07,468.79,Electronics,5
2052,8,7431,2024-11-08,830.93,Home Appliances,20
2053,8,953,2024-11-04,695.52,Electronics,10
2054,8,7436,2024-11-13,720.09,Computing,0
2055,8,6398,2024-11-02,565.24,Computing,10
2056,8,3791,2024-11-11,798.29,Computing,0
2057,8,3073,2024-11-02,530.71,Accessories,20
2058,8,82,2024-11-06,752.59,Computing,5
2059,8,6000,2024-10-25,766.65,Computing,20
2060,8,8620,2024-10-26,871.87,Accessories,15
2061,8,6103,2024-11-03,818.44,Computing,5
2062,8,2040,2024-11-12,861.57,Home Appliances,20
2063,8,3275,2024-11-04,820.8,Computing,0
2064,8,368,2024-11-06,690.98,Electronics,5
2065,8,3388,2024-11-04,999.86,Mobile Accessories,10
2066,8,9813,2024-11-12,725.2,Accessories,15
2067,8,6519,2024-11-14,775.38,Mobile Accessories,20
2068,8,9561,2024-10-24,1062.65,Home Appliances,0
2069,8,445,2024-11-06,776.25,Computing,20
2070,8,7547,2024-10-26,469.39,Electronics,15
2071,8,582,2024-11-04,538.84,Accessories,10
2072,8,4200,2024-10-23,622.23,Electronics,0
2073,8,212,2024-10-28,927.08,Home Appliances,15
2074,8,9505,2024-11-07,878.87,Home Appliances,10
2075,8,1271,2024-10-23,1308.08,Mobile Accessories,15
2076,8,7967,2024-11-12,975.84,Electronics,0
2077,8,3893,2024-11-01,714.68,Mobile Accessories,20
2078,8,7796,2024-10-29,795.33,Accessories,20
2079,8,1056,2024-11-03,1047.05,Home Appliances,15
2080,8,7052,2024-10-28,925.99,Home Appliances,10
2081,8,8563,2024-11-10,731.1,Accessories,15
2082,8,7043,2024-10-24,565.4,Electronics,5
2083,8,4037,2024-11-14,659.79,Accessories,0
2084,8,9264,2024-10-26,956.09,Electronics,10
2085,8,2732,2024-11-12,795.47,Mobile Accessories,10
2086,8,6590,2024-11-06,989.24,Electronics,10
2087,8,6669,2024-11-01,1135.75,Home Appliances,10
2088,8,1052,2024-10-28,889.36,Electronics,15
2089,8,9788,2024-11-05,786.9,Accessories,20
2090,8,1906,2024-10-27,686.76,Home Appliances,20
2091,8,6849,2024-10-25,943.07,Electronics,10
2092,8,364,2024-11-13,938.13,Mobile Accessories,15
2093,8,4436,2024-10-23,876.97,Home Appliances,15
2094,8,8995,2024-11-04,915.95,Electronics,0
2095,8,1881,2024-11-12,1038.03,Home Appliances,10
2096,8,2085,2024-10-30,1103.14,Computing,5
2097,8,6470,2024-10-29,765.17,Computing,10
2098,8,8390,2024-10-31,458.95,Accessories,0
2099,8,9425,2024-11-07,776.12,Accessories,15
2100,8,5463,2024-10-24,607.33,Mobile Accessories,10
2101,8,7170,2024-11-11,646.11,Home Appliances,20
2102,8,8333,2024-10-23,901.18,Home Appliances,0
2103,8,1195,2024-11-13,904.18,Computing,10
2104,8,8977,2024-10-25,712.05,Accessories,0
2105,8,2369,2024-11-05,660.53,Home Appliances,5
2106,8,8595,2024-11-10,779.72,Computing,10
2107,8,2445,2024-10-23,856.59,Computing,5
2108,8,3471,2024-10-29,441.21,Computing,10
2109,8,7142,2024-11-02,389.95,Accessories,0
2110,8,3960,2024-11-12,827.37,Computing,0
2111,8,4289,2024-10-28,651.0,Mobile Accessories,15
2112,8,6625,2024-10-31,849.69,Mobile Accessories,10
2113,8,5703,2024-10-26,852.88,Computing,15
2114,8,2147,2024-11-02,945.75,Accessories,0
2115,8,1264,2024-11-13,914.65,Computing,20
2116,8,9298,2024-10-26,899.85,Computing,5
2117,8,9482,2024-11-06,1125.66,Computing,10
2118,8,7919,2024-10-30,1064.68,Home Appliances,5
2119,8,8271,2024-10-23,785.79,Accessories,0
2120,8,9839,2024-11-10,1040.22,Electronics,20
2121,8,9795,2024-10-29,708.48,Mobile Accessories,10
2122,8,5667,2024-11-05,895.34,Accessories,20
2123,8,8512,2024-11-02,930.44,Electronics,10
2124,8,8558,2024-11-02,825.52,Computing,5
2125,8,3518,2024-11-02,822.6,Computing,15
2126,8,1159,2024-10-26,1215.27,Mobile Accessories,5
2127,8,5467,2024-10-26,751.74,Computing,20
2128,8,1302,2024-11-10,698.32,Mobile Accessories,10
2129,8,4508,2024-10-26,1123.63,Computing,10
2130,8,9432,2024-11-05,655.13,Home Appliances,10
2131,8,3992,2024-11-07,715.86,Accessories,10
2132,8,8745,2024-10-23,810.02,Accessories,0
2133,8,3416,2024-11-13,925.77,Accessories,20
2134,8,8114,2024-11-10,981.95,Accessories,5
2135,8,5235,2024-10-24,953.74,Electronics,0
2136,8,9353,2024-10-29,848.99,Electronics,5
2137,8,7834,2024-11-01,845.85,Accessories,20
2138,8,9832,2024-11-11,954.39,Electronics,15
2139,8,4195,2024-10-29,983.38,Home Appliances,10
2140,8,8417,2024-11-09,398.84,Home Appliances,20
2141,8,3063,2024-11-02,852.76,Electronics,0
2142,8,8160,2024-11-14,730.49,Home Appliances,5
2143,8,3219,2024-10-28,771.38,Electronics,5
2144,8,1332,2024-11-04,726.34,Computing,20
2145,8,1854,2024-11-04,1141.06,Home Appliances,10
2146,8,1570,2024-11-05,734.39,Computing,20
2147,8,8161,2024-11-11,1041.93,Mobile Accessories,5
2148,8,670,2024-11-04,733.92,Accessories,10
2149,8,5449,2024-10-27,579.39,Computing,0
2150,8,2302,2024-10-23,700.48,Computing,5
2151,8,1982,2024-11-10,863.22,Home Appliances,5
2152,8,3891,2024-11-09,990.63,Computing,15
2153,8,9413,2024-10-28,776.5,Computing,5
2154,8,2432,2024-11-01,916.6,Home Appliances,0
2155,8,389,2024-11-06,634.69,Mobile Accessories,15
2156,8,1461,2024-11-07,478.65,Accessories,5
2157,8,9563,2024-11-09,686.11,Accessories,20
2158,8,7156,2024-10-28,741.14,Mobile Accessories,15
2159,8,5037,2024-11-02,924.92,Home Appliances,15
2160,8,1822,2024-10-24,939.77,Home Appliances,5
2161,8,1183,2024-10-27,703.11,Computing,15
2162,8,9092,2024-11-02,815.77,Computing,20
2163,8,6345,2024-11-09,664.63,Home Appliances,20
2164,8,9897,2024-10-25,518.8,Accessories,20
2165,8,9352,2024-10-26,792.02,Mobile Accessories,10
2166,8,8149,2024-11-11,873.88,Accessories,20
2167,8,7578,2024-10-23,559.67,Accessories,10
2168,8,5144,2024-11-12,499.61,Electronics,0
2169,8,9211,2024-11-13,691.5,Home Appliances,5
2170,8,8364,2024-11-07,728.27,Computing,0
2171,8,5327,2024-11-07,435.03,Computing,0
2172,8,2068,2024-11-06,1162.28,Home Appliances,20
2173,8,1476,2024-11-03,811.12,Electronics,0
2174,8,1960,2024-11-08,851.41,Mobile Accessories,20
2175,8,1645,2024-10-24,629.51,Computing,20
2176,8,8047,2024-11-02,952.43,Accessories,0
2177,8,2646,2024-11-12,708.94,Mobile Accessories,5
2178,8,6523,2024-11-13,828.68,Accessories,20
2179,8,3626,2024-11-06,699.68,Home Appliances,10
2180,8,1353,2024-11-10,765.85,Accessories,10
2181,8,3025,2024-11-05,925.09,Computing,10
2182,8,921,2024-10-24,682.64,Mobile Accessories,20
2183,8,3044,2024-11-11,916.94,Computing,5
2184,8,8251,2024-10-23,864.92,Home Appliances,15
2185,8,1020,2024-11-05,884.82,Computing,15
2186,8,6385,2024-11-12,1009.44,Electronics,20
2187,8,964,2024-11-04,792.84,Electronics,5
2188,8,3728,2024-10-26,888.92,Computing,20
2189,8,3143,2024-11-08,695.16,Home Appliances,15
2190,8,2232,2024-11-13,663.77,Computing,20
2191,8,5343,2024-11-09,643.86,Accessories,20
2192,8,4097,2024-11-03,963.26,Computing,20
2193,8,8925,2024-10-26,732.63,Home Appliances,20
2194,8,2887,2024-10-27,825.54,Home Appliances,15
2195,8,9124,2024-11-09,842.39,Home Appliances,0
2196,8,5677,2024-11-02,1218.14,Mobile Accessories,10
2197,8,1575,2024-10-23,661.01,Accessories,15
2198,8,1150,2024-11-03,914.24,Mobile Accessories,20
2199,8,3199,2024-11-09,697.63,Accessories,0
2200,8,6498,2024-11-14,434.34,Home Appliances,5
2201,8,4142,2024-10-24,1006.11,Mobile Accessories,20
2202,8,5598,2024-11-10,766.32,Electronics,5
2203,8,4862,2024-11-01,854.15,Home Appliances,10
2204,8,2655,2024-10-31,981.49,Home Appliances,15
2205,8,3185,2024-10-24,713.19,Accessories,15
2206,8,6286,2024-10-24,794.12,Accessories,10
2207,8,6808,2024-11-07,724.91,Electronics,5
2208,8,7655,2024-10-30,924.51,Computing,0
2209,8,2770,2024-11-05,928.14,Mobile Accessories,0
2210,8,8064,2024-10-31,943.59,Electronics,20
2211,8,5252,2024-11-02,1006.04,Computing,15
2212,8,6159,2024-10-24,821.56,Computing,0
2213,8,173,2024-10-25,1063.61,Accessories,15
2214,8,1891,2024-10-28,580.26,Computing,20
2215,8,4235,2024-10-30,735.43,Accessories,5
2216,8,5617,2024-10-26,645.98,Accessories,5
2217,8,7251,2024-10-28,777.79,Mobile Accessories,10
2218,8,1155,2024-11-12,584.65,Mobile Accessories,10
2219,8,9903,2024-11-05,825.82,Accessories,5
2220,8,1521,2024-11-11,626.24,Home Appliances,10
2221,8,5998,2024-10-27,880.15,Home Appliances,10
2222,8,3492,2024-11-10,834.48,Accessories,5
2223,8,3564,2024-11-13,737.28,Mobile Accessories,10
2224,8,2833,2024-11-13,859.36,Mobile Accessories,0
2225,8,8711,2024-11-06,890.59,Computing,15
2226,8,6712,2024-11-07,676.87,Accessories,5
2227,8,1147,2024-11-07,708.93,Computing,20
2228,8,6051,2024-11-09,830.36,Electronics,10
2229,8,9385,2024-11-08,721.16,Computing,0
2230,8,7851,2024-11-14,964.98,Electronics,20
2231,8,9962,2024-11-08,966.72,Electronics,0
2232,8,77,2024-10-24,713.23,Accessories,20
2233,8,8551,2024-11-10,858.74,Mobile Accessories,15
2234,8,5119,2024-10-28,737.79,Mobile Accessories,0
2235,8,2429,2024-11-03,1001.11,Accessories,15
2236,8,8793,2024-11-08,724.6,Accessories,20
2237,8,165,2024-11-01,1024.21,Accessories,20
2238,8,6318,2024-11-01,854.41,Mobile Accessories,10
2239,8,1051,2024-10-28,1041.8,Accessories,15
2240,8,4228,2024-10-24,678.92,Computing,0
2241,8,7444,2024-10-28,1058.99,Accessories,15
2242,8,818,2024-10-31,676.24,Accessories,0
2243,8,1852,2024-11-12,895.91,Electronics,15
2244,8,152,2024-11-05,829.79,Computing,20
2245,8,532,2024-10-23,1026.76,Accessories,10
2246,8,3374,2024-10-24,771.35,Computing,10
2247,8,7668,2024-11-13,746.58,Home Appliances,20
2248,8,1102,2024-11-01,709.51,Home Appliances,20
2249,8,6428,2024-10-26,699.73,Mobile Accessories,10
2250,8,8156,2024-10-30,821.74,Accessories,20
2251,8,5741,2024-10-30,784.78,Mobile Accessories,5
2252,8,6760,2024-11-07,599.1,Home Appliances,5
2253,8,6164,2024-11-12,632.12,Home Appliances,0
2254,8,958,2024-10-23,783.81,Electronics,20
2255,8,9027,2024-11-05,728.0,Electronics,5
2256,8,2420,2024-11-11,855.04,Accessories,10
2257,8,3455,2024-11-03,901.14,Electronics,20
2258,8,3313,2024-10-27,575.35,Accessories,20
2259,8,5738,2024-10-23,873.34,Computing,20
2260,8,9690,2024-11-07,1012.39,Computing,0
2261,8,8796,2024-10-29,1021.34,Accessories,0
2262,8,6288,2024-11-06,877.7,Accessories,0
2263,8,290,2024-11-09,863.91,Accessories,10
2264,8,2728,2024-11-14,1060.46,Mobile Accessories,10
2265,8,397,2024-10-30,659.09,Electronics,15
2266,8,743,2024-11-07,897.92,Electronics,10
2267,8,4613,2024-11-13,843.66,Accessories,20
2268,8,1296,2024-11-01,1067.88,Mobile Accessories,10
2269,8,6290,2024-11-13,921.14,Mobile Accessories,20
2270,8,4261,2024-11-09,945.58,Computing,20
2271,8,7315,2024-11-11,937.28,Home Appliances,5
2272,8,7942,2024-11-14,875.28,Accessories,5
2273,8,4224,2024-10-24,989.46,Mobile Accessories,20
2274,8,5138,2024-11-08,861.81,Mobile Accessories,15
2275,8,182,2024-10-24,741.6,Electronics,15
2276,8,6900,2024-11-05,961.59,Home Appliances,5
2277,8,4788,2024-11-14,740.89,Mobile Accessories,0
2278,8,9336,2024-11-03,973.96,Computing,20
2279,8,443,2024-11-12,588.59,Electronics,0
2280,8,9426,2024-10-23,925.15,Home Appliances,15
2281,8,6483,2024-11-12,947.6,Electronics,10
2282,8,5440,2024-11-05,976.64,Electronics,10
2283,8,8352,2024-11-13,1105.27,Electronics,15
2284,8,3261,2024-11-07,890.51,Accessories,0
2285,8,2,2024-11-14,724.84,Computing,0
2286,8,7698,2024-10-31,879.5,Mobile Accessories,20
2287,8,4267,2024-11-03,693.21,Computing,0
2288,8,3282,2024-10-30,744.19,Accessories,10
2289,8,8597,2024-11-06,835.65,Computing,10
2290,8,3103,2024-10-25,829.99,Computing,15
2291,8,4630,2024-11-05,726.37,Electronics,0
2292,8,8701,2024-11-13,960.5,Home Appliances,20
2293,8,7310,2024-11-10,801.4,Electronics,0
2294,8,5628,2024-10-24,687.58,Computing,10
2295,8,577,2024-10-26,603.16,Electronics,0
2296,8,6091,2024-11-07,1261.84,Accessories,10
2297,8,9843,2024-11-02,675.36,Computing,10
2298,8,265,2024-11-13,1124.75,Computing,10
2299,8,8618,2024-11-08,732.48,Computing,15
2300,8,8126,2024-11-14,976.47,Accessories,10
2301,8,1245,2024-10-29,766.73,Electronics,10
2302,8,4498,2024-11-08,975.35,Computing,20
2303,8,3986,2024-11-11,982.55,Home Appliances,0
2304,8,4807,2024-11-05,1096.48,Electronics,20
2305,8,1629,2024-10-23,913.83,Mobile Accessories,15
2306,8,4612,2024-11-02,995.22,Accessories,10
2307,8,4724,2024-10-31,845.26,Computing,5
2308,8,9701,2024-11-08,870.6,Mobile Accessories,20
2309,8,8132,2024-11-05,831.84,Computing,10
2310,8,3769,2024-11-02,791.68,Electronics,15
2311,8,4134,2024-10-24,817.16,Accessories,20
2312,8,7723,2024-11-14,584.22,Home Appliances,20
2313,8,61,2024-11-02,1123.6,Home Appliances,0
2314,8,4066,2024-11-02,698.1,Accessories,0
2315,8,5850,2024-11-11,920.35,Accessories,5
2316,8,199,2024-11-12,899.76,Electronics,20
2317,8,2595,2024-11-08,833.64,Electronics,10
2318,8,1930,2024-10-25,1045.08,Computing,20
2319,8,4049,2024-10-25,733.13,Accessories,5
2320,8,6022,2024-10-30,859.29,Electronics,5
2321,8,5762,2024-11-09,846.7,Home Appliances,10
2322,8,8850,2024-11-06,482.02,Computing,10
2323,8,3451,2024-11-14,660.14,Home Appliances,5
2324,8,6560,2024-11-11,860.98,Electronics,0
2325,8,755,2024-11-14,965.04,Computing,20
2326,8,8119,2024-11-01,1003.58,Home Appliances,10
2327,8,1329,2024-11-11,554.59,Accessories,15
2328,8,150,2024-11-11,861.33,Home Appliances,0
2329,8,7906,2024-11-01,1068.33,Accessories,15
2330,8,740,2024-11-10,606.94,Electronics,20
2331,8,498,2024-10-26,765.68,Electronics,15
2332,8,2536,2024-11-04,1024.54,Electronics,10
2333,8,2099,2024-10-30,614.69,Computing,5
2334,8,6181,2024-11-03,992.53,Accessories,10
2335,8,9100,2024-11-13,1091.5,Home Appliances,10
2336,8,579,2024-11-07,873.25,Accessories,10
2337,8,8415,2024-10-28,604.53,Computing,15
2338,8,5349,2024-11-01,726.37,Computing,20
2339,8,9539,2024-11-05,920.85,Electronics,20
2340,8,351,2024-11-11,863.42,Electronics,5
2341,8,1599,2024-11-04,1090.8,Computing,10
2342,8,3723,2024-10-26,455.72,Computing,10
2343,8,2529,2024-11-13,739.14,Home Appliances,20
2344,8,5201,2024-11-08,864.81,Computing,15
2345,8,7480,2024-11-08,841.63,Home Appliances,15
2346,8,3331,2024-11-11,858.63,Mobile Accessories,10
2347,8,9822,2024-11-14,691.24,Mobile Accessories,15
2348,8,2962,2024-10-31,785.95,Accessories,10
2349,8,6419,2024-10-27,714.8,Accessories,15
2350,8,6205,2024-10-27,658.89,Electronics,5
2351,8,6774,2024-10-23,722.02,Electronics,10
2352,8,2344,2024-11-09,835.12,Home Appliances,10
2353,8,20,2024-11-06,855.7,Computing,10
2354,8,1154,2024-10-31,951.62,Electronics,0
2355,8,3839,2024-11-10,578.14,Accessories,5
2356,8,8769,2024-11-07,685.89,Mobile Accessories,20
2357,8,7539,2024-11-06,795.09,Home Appliances,0
2358,8,263,2024-11-11,643.79,Home Appliances,20
2359,8,8854,2024-11-03,904.79,Home Appliances,10
2360,8,2576,2024-11-03,1135.4,Home Appliances,0
2361,8,2027,2024-11-08,561.99,Electronics,0
2362,8,1962,2024-11-12,955.54,Electronics,0
2363,8,3510,2024-10-28,888.51,Electronics,0
2364,8,1766,2024-10-23,723.12,Home Appliances,15
2365,8,3990,2024-11-03,727.01,Home Appliances,10
2366,8,6002,2024-10-31,712.47,Mobile Accessories,10
2367,8,1042,2024-10-26,849.24,Accessories,20
2368,8,5827,2024-11-12,940.39,Computing,5
2369,8,7294,2024-11-04,659.22,Electronics,15
2370,8,2475,2024-11-11,869.15,Mobile Accessories,5
2371,8,4494,2024-11-12,765.07,Electronics,10
2372,8,6077,2024-10-29,870.32,Home Appliances,15
2373,8,6786,2024-11-04,929.29,Home Appliances,15
2374,8,1800,2024-11-05,793.87,Home Appliances,10
2375,9,3911,2024-11-28,831.69,Computing,15
2376,9,8788,2024-11-23,716.21,Electronics,20
2377,9,3913,2024-11-29,630.27,Home Appliances,20
2378,9,2229,2024-11-23,677.06,Home Appliances,20
2379,9,3895,2024-11-27,578.22,Accessories,20
2380,9,2436,2024-11-28,598.74,Mobile Accessories,5
2381,9,1280,2024-11-28,1096.34,Accessories,15
2382,9,4330,2024-11-25,843.72,Home Appliances,5
2383,9,2896,2024-11-24,873.76,Accessories,0
2384,9,8850,2024-11-24,807.82,Accessories,5
2385,9,9786,2024-11-23,754.56,Home Appliances,5
2386,9,6231,2024-11-26,634.71,Electronics,0
2387,9,5995,2024-11-30,876.44,Home Appliances,10
2388,9,9489,2024-11-26,888.18,Electronics,0
2389,9,7905,2024-11-24,917.79,Computing,15
2390,9,9228,2024-11-28,762.2,Accessories,0
2391,9,6823,2024-11-23,616.85,Electronics,10
2392,9,277,2024-11-23,691.29,Computing,5
2393,9,385,2024-11-29,904.24,Computing,0
2394,9,944,2024-11-29,865.02,Mobile Accessories,0
2395,9,3285,2024-11-30,806.27,Computing,5
2396,9,6672,2024-11-24,662.5,Computing,20
2397,9,5660,2024-11-30,489.15,Computing,15
2398,9,7084,2024-11-25,631.38,Home Appliances,5
2399,9,229,2024-11-24,820.39,Computing,20
2400,9,9685,2024-11-25,888.0,Accessories,15
2401,9,4819,2024-11-29,956.4,Accessories,15
2402,9,3855,2024-11-28,862.71,Accessories,5
2403,9,9055,2024-11-27,659.28,Electronics,10
2404,9,8810,2024-11-27,866.52,Mobile Accessories,10
2405,9,7844,2024-11-23,781.99,Electronics,0
2406,9,6771,2024-11-24,764.86,Computing,0
2407,9,356,2024-11-30,581.83,Computing,10
2408,9,5527,2024-11-27,715.95,Home Appliances,5
2409,9,7048,2024-11-26,805.33,Electronics,5
2410,9,7331,2024-11-25,689.46,Accessories,5
2411,9,2103,2024-11-28,584.54,Accessories,0
2412,9,7567,2024-11-23,687.13,Accessories,20
2413,9,1660,2024-11-29,555.99,Home Appliances,10
2414,9,5624,2024-11-30,865.44,Home Appliances,0
2415,9,8374,2024-11-25,600.23,Computing,5
2416,9,9690,2024-11-23,561.51,Accessories,20
2417,9,5520,2024-11-24,459.24,Computing,20
2418,9,4852,2024-11-26,924.16,Mobile Accessories,15
2419,9,4823,2024-11-25,736.35,Home Appliances,0
2420,9,451,2024-11-24,760.84,Accessories,15
2421,9,7229,2024-11-29,803.47,Electronics,5
2422,9,4048,2024-11-24,1203.2,Computing,15
2423,9,8497,2024-11-29,739.28,Mobile Accessories,10
2424,9,3761,2024-11-28,510.41,Home Appliances,10
2425,9,4922,2024-11-25,762.11,Home Appliances,10
2426,9,6836,2024-11-25,599.46,Electronics,20
2427,9,9750,2024-11-30,858.28,Computing,5
2428,9,4086,2024-11-23,631.05,Mobile Accessories,15
2429,9,972,2024-11-28,825.71,Home Appliances,15
2430,9,3729,2024-11-28,673.6,Electronics,20
2431,9,1885,2024-11-27,540.84,Computing,0
2432,9,3265,2024-11-25,861.08,Computing,10
2433,9,4632,2024-11-29,864.62,Home Appliances,15
2434,9,9629,2024-11-25,716.88,Electronics,5
2435,9,9469,2024-11-24,730.1,Accessories,15
2436,9,1844,2024-11-24,935.76,Mobile Accessories,0
2437,9,3676,2024-11-29,592.6,Home Appliances,5
2438,9,7235,2024-11-23,694.74,Mobile Accessories,20
2439,9,9666,2024-11-30,812.17,Mobile Accessories,15
2440,9,4114,2024-11-28,744.47,Electronics,10
2441,9,1516,2024-11-29,752.32,Electronics,5
2442,9,3004,2024-11-27,830.29,Electronics,15
2443,9,674,2024-11-29,637.36,Computing,15
2444,9,3121,2024-11-23,822.08,Mobile Accessories,10
2445,9,6979,2024-11-29,923.63,Accessories,10
2446,9,4900,2024-11-24,610.58,Computing,15
2447,9,4666,2024-11-24,731.31,Accessories,5
2448,9,5907,2024-11-27,790.43,Mobile Accessories,20
2449,9,2241,2024-11-28,1021.82,Computing,0
2450,9,3875,2024-11-24,787.64,Computing,10
2451,9,8664,2024-11-23,576.44,Accessories,0
2452,9,1625,2024-11-29,776.35,Mobile Accessories,0
2453,9,4031,2024-11-26,637.43,Computing,5
2454,9,5626,2024-11-23,858.03,Mobile Accessories,5
2455,9,5049,2024-11-23,555.79,Accessories,15
2456,9,816,2024-11-30,985.18,Computing,10
2457,9,1414,2024-11-30,798.71,Electronics,20
2458,9,3268,2024-11-30,727.83,Electronics,0
2459,9,6118,2024-11-30,859.55,Home Appliances,20
2460,9,6251,2024-11-29,964.25,Home Appliances,5
2461,9,7481,2024-11-25,790.26,Electronics,10
2462,9,958,2024-11-26,740.77,Accessories,10
2463,9,9344,2024-11-24,848.97,Home Appliances,20
2464,9,8077,2024-11-27,636.41,Electronics,10
2465,9,7206,2024-11-27,828.47,Computing,0
2466,9,5651,2024-11-30,954.44,Accessories,10
2467,9,3338,2024-11-25,936.9,Home Appliances,5
2468,9,8043,2024-11-29,872.28,Mobile Accessories,5
2469,9,8158,2024-11-23,835.84,Computing,10
2470,9,8913,2024-11-30,564.37,Mobile Accessories,15
2471,9,9705,2024-11-29,945.24,Mobile Accessories,15
2472,9,9648,2024-11-30,859.3,Accessories,5
2473,9,147,2024-11-24,808.84,Accessories,0
2474,9,4639,2024-11-29,462.28,Computing,5
2475,9,6432,2024-11-26,621.21,Electronics,20
2476,9,7049,2024-11-23,550.8,Home Appliances,5
2477,9,8672,2024-11-25,636.03,Mobile Accessories,5
2478,9,8729,2024-11-23,558.31,Electronics,15
2479,9,6928,2024-11-23,806.48,Accessories,10
2480,9,9143,2024-11-29,865.64,Mobile Accessories,0
2481,9,4327,2024-11-25,903.33,Accessories,15
2482,9,8200,2024-11-30,919.73,Computing,15
2483,9,8520,2024-11-27,932.48,Computing,20
2484,9,9488,2024-11-23,758.61,Mobile Accessories,20
2485,9,3130,2024-11-30,869.3,Mobile Accessories,15
2486,9,1882,2024-11-30,815.75,Home Appliances,10
2487,9,1982,2024-11-23,983.76,Home Appliances,10
2488,9,9453,2024-11-26,980.86,Computing,5
2489,9,5955,2024-11-27,674.72,Home Appliances,0
2490,9,4574,2024-11-25,880.54,Electronics,10
2491,9,9327,2024-11-27,673.1,Home Appliances,20
2492,9,8032,2024-11-28,870.86,Mobile Accessories,0
2493,9,4440,2024-11-25,811.66,Electronics,20
2494,9,7566,2024-11-27,723.62,Computing,10
2495,9,1337,2024-11-27,570.42,Home Appliances,15
2496,9,3064,2024-11-26,712.66,Mobile Accessories,15
2497,9,3155,2024-11-28,563.59,Electronics,20
2498,9,8707,2024-11-29,711.47,Home Appliances,10
2499,9,4474,2024-11-27,626.03,Home Appliances,10
2500,9,3937,2024-11-24,496.7,Home Appliances,15
2501,9,9190,2024-11-23,729.02,Computing,15
2502,9,6960,2024-11-27,776.48,Mobile Accessories,15
2503,9,3505,2024-11-24,571.64,Home Appliances,20
2504,9,9853,2024-11-26,633.92,Mobile Accessories,15
2505,9,527,2024-11-25,778.82,Mobile Accessories,10
2506,9,6123,2024-11-28,738.19,Home Appliances,0
2507,9,3641,2024-11-28,565.44,Home Appliances,0
2508,9,3166,2024-11-23,859.06,Computing,0
2509,9,4437,2024-11-30,715.87,Home Appliances,0
2510,9,6565,2024-11-30,898.5,Accessories,10
2511,9,8337,2024-11-29,570.11,Mobile Accessories,10
2512,9,5872,2024-11-24,629.2,Home Appliances,15
2513,9,370,2024-11-26,540.04,Computing,15
2514,9,506,2024-11-23,600.68,Home Appliances,15
2515,9,4052,2024-11-25,622.51,Accessories,0
2516,9,7151,2024-11-24,745.03,Accessories,15
2517,9,499,2024-11-27,614.84,Computing,5
2518,9,1599,2024-11-26,1042.88,Mobile Accessories,5
2519,9,7817,2024-11-29,609.73,Accessories,0
2520,9,4670,2024-11-27,987.2,Computing,10
2521,9,4771,2024-11-27,790.87,Electronics,15
2522,9,478,2024-11-25,771.67,Home Appliances,0
2523,9,4475,2024-11-30,826.96,Home Appliances,15
2524,9,337,2024-11-23,1027.35,Home Appliances,15
2525,9,2403,2024-11-27,1052.95,Mobile Accessories,15
2526,9,1957,2024-11-23,699.93,Home Appliances,0
2527,9,5214,2024-11-27,759.66,Home Appliances,10
2528,9,6577,2024-11-26,613.66,Electronics,0
2529,9,9029,2024-11-25,565.66,Electronics,20
2530,9,2208,2024-11-25,960.18,Mobile Accessories,15
2531,9,9251,2024-11-29,473.62,Accessories,20
2532,9,4994,2024-11-28,953.5,Accessories,20
2533,9,7327,2024-11-26,1062.39,Computing,15
2534,9,3361,2024-11-26,579.54,Accessories,20
2535,9,2270,2024-11-29,589.15,Computing,10
2536,9,3364,2024-11-28,1210.08,Home Appliances,10
2537,9,2213,2024-11-26,637.69,Home Appliances,15
2538,9,4773,2024-11-30,716.4,Electronics,10
2539,9,5652,2024-11-26,831.61,Mobile Accessories,0
2540,9,7359,2024-11-29,657.85,Accessories,5
2541,9,789,2024-11-26,1061.08,Electronics,15
2542,9,8866,2024-11-23,651.22,Computing,5
2543,9,581,2024-11-24,435.98,Accessories,15
2544,9,2318,2024-11-30,735.62,Accessories,20
2545,9,4868,2024-11-25,926.15,Home Appliances,0
2546,9,8307,2024-11-26,616.49,Mobile Accessories,0
2547,9,9459,2024-11-27,828.44,Electronics,15
2548,9,6766,2024-11-30,840.71,Computing,10
2549,9,1087,2024-11-26,819.0,Computing,0
2550,9,6407,2024-11-26,703.52,Home Appliances,10
2551,9,1580,2024-11-27,863.79,Computing,15
2552,9,7858,2024-11-30,651.21,Mobile Accessories,10
2553,9,1965,2024-11-25,824.81,Electronics,15
2554,9,7697,2024-11-27,767.76,Accessories,15
2555,9,7599,2024-11-24,343.44,Electronics,20
2556,9,2244,2024-11-25,772.1,Home Appliances,15
2557,9,8301,2024-11-23,741.41,Computing,15
2558,9,8641,2024-11-30,807.52,Mobile Accessories,15
2559,9,86,2024-11-26,560.71,Mobile Accessories,0
2560,9,9011,2024-11-27,855.83,Mobile Accessories,10
2561,9,6701,2024-11-24,587.43,Accessories,10
2562,9,1645,2024-11-28,1089.42,Home Appliances,0
2563,9,2572,2024-11-25,849.95,Computing,20
2564,9,2382,2024-11-25,740.69,Mobile Accessories,15
2565,9,6885,2024-11-28,695.97,Home Appliances,15
2566,9,9156,2024-11-27,921.38,Electronics,10
2567,9,7121,2024-11-26,1152.29,Accessories,10
2568,9,2815,2024-11-29,957.12,Home Appliances,15
2569,9,5895,2024-11-24,592.4,Mobile Accessories,0
2570,9,4403,2024-11-30,671.02,Electronics,15
2571,9,274,2024-11-25,1070.54,Mobile Accessories,15
2572,9,3468,2024-11-28,764.24,Computing,10
2573,9,2854,2024-11-27,729.08,Electronics,10
2574,9,5689,2024-11-29,624.28,Computing,10
2575,9,6394,2024-11-27,656.51,Mobile Accessories,10
2576,9,2918,2024-11-25,716.03,Home Appliances,5
2577,9,7814,2024-11-28,728.39,Computing,10
2578,9,8092,2024-11-27,925.03,Electronics,10
2579,9,8122,2024-11-29,543.8,Electronics,20
2580,9,203,2024-11-23,716.95,Computing,5
2581,9,7092,2024-11-25,859.54,Computing,10
2582,9,4837,2024-11-29,805.87,Computing,10
2583,9,5510,2024-11-26,375.13,Computing,20
2584,9,1388,2024-11-23,794.35,Mobile Accessories,20
2585,9,9995,2024-11-25,819.89,Electronics,0
2586,9,7851,2024-11-28,844.64,Home Appliances,10
2587,9,8353,2024-11-25,843.79,Electronics,5
2588,9,2505,2024-11-29,699.7,Home Appliances,15
2589,9,8408,2024-11-30,674.99,Home Appliances,5
2590,9,8,2024-11-24,813.25,Mobile Accessories,10
2591,9,2451,2024-11-27,904.01,Electronics,0
2592,9,7040,2024-11-24,782.21,Home Appliances,20
2593,9,9099,2024-11-30,546.96,Accessories,15
2594,9,8907,2024-11-28,858.41,Electronics,0
2595,9,3952,2024-11-27,845.22,Electronics,10
2596,9,1544,2024-11-26,939.84,Computing,15
2597,9,9548,2024-11-28,674.69,Mobile Accessories,10
2598,9,8857,2024-11-27,684.97,Computing,0
2599,9,640,2024-11-23,561.43,Computing,20
2600,9,131,2024-11-25,790.71,Accessories,15
2601,9,6396,2024-11-29,757.04,Computing,15
2602,9,9146,2024-11-24,872.61,Electronics,5
2603,9,7680,2024-11-30,735.12,Home Appliances,20
2604,9,4850,2024-11-25,382.3,Mobile Accessories,0
2605,9,1608,2024-11-29,945.16,Accessories,5
2606,9,1527,2024-11-26,798.74,Electronics,5
2607,9,309,2024-11-26,525.03,Home Appliances,20
2608,9,2500,2024-11-24,880.63,Accessories,10
2609,9,6020,2024-11-28,1028.38,Electronics,10
2610,9,6578,2024-11-30,902.76,Computing,15
2611,9,2995,2024-11-28,806.44,Accessories,5
2612,9,4932,2024-11-26,769.85,Home Appliances,0
2613,9,3807,2024-11-30,864.13,Home Appliances,20
2614,9,3062,2024-11-25,1128.31,Accessories,0
2615,9,6898,2024-11-28,867.37,Computing,0
2616,9,8790,2024-11-30,985.34,Mobile Accessories,5
2617,9,6287,2024-11-28,1015.56,Mobile Accessories,20
2618,9,8731,2024-11-24,910.06,Home Appliances,15
2619,9,952,2024-11-27,674.38,Mobile Accessories,5
2620,9,4638,2024-11-26,888.89,Computing,15
2621,9,2985,2024-11-25,615.95,Accessories,15
2622,9,9999,2024-11-23,877.56,Computing,15
2623,9,3194,2024-11-26,560.86,Home Appliances,20
2624,9,5263,2024-11-30,753.84,Home Appliances,5
2625,9,2651,2024-11-25,741.05,Mobile Accessories,5
2626,9,2935,2024-11-25,563.07,Home Appliances,0
2627,9,212,2024-11-26,801.07,Electronics,10
2628,9,3582,2024-11-28,895.01,Accessories,15
2629,9,663,2024-11-26,863.21,Mobile Accessories,0
2630,9,8549,2024-11-28,806.17,Mobile Accessories,20
2631,9,3289,2024-11-24,802.0,Electronics,5
2632,9,9702,2024-11-28,801.78,Electronics,0
2633,9,4169,2024-11-29,628.0,Accessories,5
2634,9,4401,2024-11-23,658.74,Mobile Accessories,15
2635,9,8210,2024-11-23,852.72,Home Appliances,15
2636,9,8823,2024-11-30,993.37,Home Appliances,10
2637,9,8262,2024-11-30,761.07,Accessories,10
2638,9,536,2024-11-29,764.19,Accessories,5
2639,9,7661,2024-11-30,658.71,Home Appliances,20
2640,9,2337,2024-11-27,857.78,Accessories,20
2641,9,7122,2024-11-30,692.13,Electronics,10
2642,9,8493,2024-11-30,814.2,Home Appliances,10
2643,9,768,2024-11-27,854.35,Mobile Accessories,0
2644,9,1474,2024-11-28,928.53,Mobile Accessories,10
2645,9,245,2024-11-25,641.97,Mobile Accessories,5
2646,9,3147,2024-11-29,787.62,Mobile Accessories,10
2647,9,6172,2024-11-24,848.03,Accessories,10
2648,9,2578,2024-11-26,976.21,Electronics,10
2649,9,2735,2024-11-23,918.06,Computing,15
2650,9,6304,2024-11-29,1021.41,Electronics,15
2651,9,4175,2024-11-29,726.03,Electronics,15
2652,9,2742,2024-11-29,474.11,Accessories,10
2653,9,345,2024-11-23,1016.41,Accessories,15
2654,9,2796,2024-11-28,903.61,Home Appliances,10
2655,9,4782,2024-11-26,1009.84,Mobile Accessories,0
2656,9,8876,2024-11-28,945.74,Home Appliances,15
2657,9,3978,2024-11-23,925.87,Accessories,20
2658,9,5746,2024-11-25,1020.31,Mobile Accessories,5
2659,9,5256,2024-11-26,387.42,Accessories,5
2660,9,2620,2024-11-24,814.25,Computing,10
2661,9,2687,2024-11-26,797.84,Electronics,10
2662,9,3755,2024-11-24,612.67,Electronics,20
2663,9,6779,2024-11-29,780.94,Home Appliances,5
2664,9,5623,2024-11-29,909.8,Mobile Accessories,5
2665,9,221,2024-11-25,478.89,Home Appliances,0
2666,9,4424,2024-11-26,942.93,Computing,0
2667,9,2280,2024-11-27,534.46,Accessories,10
2668,9,5810,2024-11-29,790.72,Electronics,5
2669,9,2863,2024-11-27,706.55,Electronics,20
2670,9,114,2024-11-27,675.96,Accessories,15
2671,9,5286,2024-11-29,674.6,Home Appliances,0
2672,9,38,2024-11-30,686.87,Computing,0
2673,9,3281,2024-11-27,691.29,Computing,10
2674,9,3238,2024-11-28,715.72,Electronics,0
2675,9,4741,2024-11-30,744.09,Mobile Accessories,0
2676,9,6228,2024-11-26,893.63,Mobile Accessories,10
2677,9,3024,2024-11-29,500.18,Home Appliances,0
2678,9,1173,2024-11-26,576.22,Computing,10
2679,9,4789,2024-11-25,917.92,Mobile Accessories,15
2680,9,6113,2024-11-23,888.83,Electronics,0
2681,9,8535,2024-11-28,751.94,Home Appliances,10
2682,9,471,2024-11-24,928.08,Accessories,15
2683,9,4611,2024-11-28,851.14,Mobile Accessories,15
2684,9,6906,2024-11-30,917.04,Accessories,0
2685,9,5332,2024-11-27,878.63,Electronics,15
2686,9,7686,2024-11-28,682.53,Electronics,0
2687,9,2429,2024-11-23,806.9,Mobile Accessories,5
2688,9,30,2024-11-26,674.53,Electronics,10
2689,9,6551,2024-11-23,984.96,Mobile Accessories,0
2690,9,169,2024-11-23,1060.27,Mobile Accessories,15
2691,9,743,2024-11-26,759.13,Home Appliances,15
2692,9,9337,2024-11-29,768.48,Mobile Accessories,0
2693,9,6087,2024-11-29,805.84,Electronics,10
2694,9,7068,2024-11-28,854.35,Electronics,20
2695,9,3189,2024-11-28,652.87,Accessories,20
2696,9,4491,2024-11-26,834.49,Computing,0
2697,9,9909,2024-11-26,800.97,Electronics,10
2698,9,5200,2024-11-24,975.78,Accessories,15
2699,9,2663,2024-11-23,799.09,Electronics,15
2700,9,380,2024-11-29,868.75,Mobile Accessories,10
2701,9,524,2024-11-29,524.22,Mobile Accessories,5
2702,9,1275,2024-11-29,976.93,Home Appliances,5
2703,9,6270,2024-11-26,891.65,Accessories,5
2704,9,3321,2024-11-29,858.29,Accessories,0
2705,9,43,2024-11-25,557.27,Home Appliances,0
2706,9,3042,2024-11-29,582.3,Mobile Accessories,20
2707,9,2606,2024-11-23,614.62,Accessories,0
2708,9,90,2024-11-23,830.64,Home Appliances,5
2709,9,8037,2024-11-29,477.52,Home Appliances,15
2710,9,8420,2024-11-24,910.79,Accessories,10
2711,9,8285,2024-11-28,928.31,Accessories,15
2712,9,701,2024-11-28,676.38,Electronics,20
2713,9,9817,2024-11-24,857.52,Computing,0
2714,9,2969,2024-11-28,1153.53,Electronics,15
2715,9,9097,2024-11-25,896.3,Mobile Accessories,15
2716,9,2858,2024-11-27,748.16,Home Appliances,0
2717,9,2944,2024-11-25,975.42,Accessories,20
2718,9,1419,2024-11-28,828.14,Electronics,0
2719,9,8020,2024-11-26,563.06,Computing,0
2720,9,7699,2024-11-24,638.18,Accessories,10
2721,9,4482,2024-11-28,1081.66,Home Appliances,20
2722,9,6930,2024-11-24,726.87,Mobile Accessories,20
2723,9,6530,2024-11-25,624.15,Electronics,0
2724,9,3556,2024-11-23,665.51,Home Appliances,10
2725,9,2287,2024-11-30,745.81,Accessories,0
2726,9,9810,2024-11-29,830.41,Home Appliances,15
2727,9,2007,2024-11-27,585.06,Home Appliances,15
2728,9,7799,2024-11-29,848.96,Mobile Accessories,10
2729,9,4846,2024-11-24,787.07,Accessories,20
2730,9,8247,2024-11-27,698.68,Electronics,0
2731,9,8193,2024-11-30,879.45,Home Appliances,0
2732,9,2087,2024-11-26,711.15,Accessories,20
2733,9,6279,2024-11-25,858.26,Home Appliances,5
2734,9,6216,2024-11-26,636.17,Computing,15
2735,9,6611,2024-11-27,674.84,Home Appliances,0
2736,9,1283,2024-11-29,914.21,Electronics,15
2737,9,1020,2024-11-24,778.62,Computing,5
2738,9,7102,2024-11-23,844.12,Mobile Accessories,15
2739,9,2511,2024-11-29,714.29,Mobile Accessories,10
2740,9,1886,2024-11-23,947.24,Electronics,15
2741,9,6509,2024-11-23,1196.57,Home Appliances,10
2742,9,5889,2024-11-30,636.72,Electronics,15
2743,9,8409,2024-11-30,740.38,Computing,20
2744,9,1557,2024-11-28,710.3,Home Appliances,20
2745,9,3384,2024-11-25,889.19,Mobile Accessories,15
2746,9,1782,2024-11-27,780.43,Accessories,15
2747,9,699,2024-11-26,709.63,Mobile Accessories,20
2748,9,5435,2024-11-29,861.91,Home Appliances,10
2749,9,6555,2024-11-29,678.35,Computing,0
2750,9,4380,2024-11-24,873.28,Computing,0
2751,9,1345,2024-11-29,831.17,Electronics,20
2752,9,1023,2024-11-26,719.48,Mobile Accessories,15
2753,9,1003,2024-11-24,810.0,Electronics,0
2754,9,2629,2024-11-26,697.96,Mobile Accessories,5
2755,9,1718,2024-11-28,892.82,Electronics,5
2756,9,118,2024-11-25,902.81,Mobile Accessories,0
2757,9,2608,2024-11-29,628.47,Accessories,15
2758,9,2889,2024-11-30,799.03,Accessories,10
2759,9,3225,2024-11-28,633.32,Computing,15
2760,9,7411,2024-11-28,710.52,Home Appliances,15
2761,9,7171,2024-11-29,712.88,Accessories,5
2762,9,2279,2024-11-24,930.24,Mobile Accessories,15
2763,9,4368,2024-11-30,884.72,Mobile Accessories,15
2764,9,9470,2024-11-28,836.69,Electronics,15
2765,9,9561,2024-11-28,731.32,Mobile Accessories,20
2766,9,1524,2024-11-23,762.73,Computing,10
2767,9,5809,2024-11-29,760.67,Electronics,5
2768,9,9020,2024-11-25,816.19,Computing,20
2769,9,8999,2024-11-23,785.97,Computing,0
2770,9,9313,2024-11-26,883.02,Computing,5
2771,9,3631,2024-11-24,612.66,Computing,0
2772,9,3252,2024-11-27,628.92,Computing,10
2773,9,6684,2024-11-28,705.06,Computing,15
2774,9,2297,2024-11-27,769.12,Computing,5
2775,9,1099,2024-11-24,735.37,Home Appliances,0
2776,9,9708,2024-11-29,909.32,Accessories,10
2777,9,8188,2024-11-26,522.51,Electronics,5
2778,9,6073,2024-11-25,703.85,Home Appliances,10
2779,9,1929,2024-11-23,598.07,Computing,0
2780,9,5321,2024-11-25,680.65,Home Appliances,0
2781,9,8812,2024-11-23,860.61,Computing,0
2782,9,3513,2024-11-28,759.92,Electronics,0
2783,9,888,2024-11-26,967.18,Home Appliances,15
2784,9,6454,2024-11-29,782.21,Home Appliances,5
2785,9,7424,2024-11-29,785.3,Mobile Accessories,0
2786,9,4323,2024-11-25,750.76,Accessories,15
2787,9,3094,2024-11-27,947.5,Electronics,10
2788,9,2884,2024-11-24,812.85,Computing,0
2789,9,5072,2024-11-28,1033.21,Accessories,15
2790,9,9865,2024-11-29,757.06,Electronics,10
2791,9,6053,2024-11-23,832.85,Home Appliances,0
2792,9,7647,2024-11-28,774.6,Accessories,0
2793,9,9361,2024-11-23,1173.77,Home Appliances,15
2794,9,6496,2024-11-27,945.95,Home Appliances,20
2795,9,7691,2024-11-28,690.52,Mobile Accessories,15
2796,9,7338,2024-11-23,829.77,Mobile Accessories,10
2797,9,5089,2024-11-28,823.95,Mobile Accessories,10
2798,9,7143,2024-11-28,680.73,Computing,15
2799,9,1585,2024-11-24,938.14,Accessories,15
2800,9,2759,2024-11-27,930.47,Computing,10
2801,9,8688,2024-11-25,1204.73,Mobile Accessories,10
2802,9,1651,2024-11-25,962.08,Accessories,5
2803,9,4863,2024-11-27,859.31,Mobile Accessories,15
2804,9,8454,2024-11-27,806.31,Home Appliances,0
2805,9,5179,2024-11-25,668.0,Accessories,15
2806,9,3128,2024-11-30,777.13,Electronics,5
2807,9,8288,2024-11-23,717.31,Home Appliances,5
2808,9,4348,2024-11-28,887.81,Computing,0
2809,9,9209,2024-11-23,874.81,Accessories,15
2810,9,9335,2024-11-26,729.19,Mobile Accessories,15
2811,9,9408,2024-11-29,834.77,Mobile Accessories,10
2812,9,1927,2024-11-28,848.12,Mobile Accessories,20
2813,9,303,2024-11-27,900.66,Computing,10
2814,9,1091,2024-11-23,676.38,Home Appliances,10
2815,9,7457,2024-11-30,973.99,Home Appliances,0
2816,9,8235,2024-11-27,838.73,Computing,20
2817,9,8704,2024-11-23,1038.89,Computing,20
2818,9,9461,2024-11-27,1040.61,Computing,15
2819,9,814,2024-11-27,988.64,Computing,10
2820,9,7600,2024-11-24,1087.61,Computing,5
2821,9,9009,2024-11-24,766.76,Home Appliances,0
2822,9,9148,2024-11-30,925.07,Home Appliances,10
2823,9,8558,2024-11-25,779.82,Accessories,5
2824,9,7703,2024-11-27,865.79,Mobile Accessories,0
2825,9,2308,2024-11-29,644.86,Home Appliances,15
2826,9,4422,2024-11-25,743.45,Electronics,0
2827,9,267,2024-11-29,894.33,Computing,5
2828,9,8644,2024-11-27,605.84,Mobile Accessories,20
2829,9,5018,2024-11-29,1018.2,Accessories,20
2830,9,5728,2024-11-24,635.06,Electronics,5
2831,9,979,2024-11-30,917.26,Accessories,10
2832,9,8666,2024-11-28,708.69,Accessories,0
2833,9,6485,2024-11-27,973.42,Home Appliances,20
2834,9,5436,2024-11-28,598.68,Home Appliances,0
2835,9,2214,2024-11-24,772.37,Electronics,15
2836,9,9762,2024-11-27,834.56,Accessories,0
2837,9,3271,2024-11-27,798.65,Computing,0
2838,9,1333,2024-11-30,603.47,Computing,5
2839,9,2473,2024-11-28,845.64,Home Appliances,15
2840,9,5949,2024-11-27,723.3,Electronics,5
2841,9,6242,2024-11-25,811.1,Computing,5
2842,9,7668,2024-11-28,793.29,Accessories,5
2843,9,8872,2024-11-25,777.3,Home Appliances,20
2844,9,2227,2024-11-29,490.94,Accessories,10
2845,9,8773,2024-11-26,729.89,Electronics,5
2846,9,5839,2024-11-25,666.36,Electronics,5
2847,9,7833,2024-11-27,844.02,Home Appliances,15
2848,9,9994,2024-11-28,524.7,Electronics,20
2849,9,505,2024-11-30,917.85,Computing,15
2850,9,2221,2024-11-28,974.5,Computing,10
2851,9,677,2024-11-25,618.64,Mobile Accessories,20
2852,9,636,2024-11-27,601.23,Accessories,0
2853,9,3464,2024-11-27,476.83,Accessories,0
2854,9,7020,2024-11-26,588.17,Accessories,20
2855,9,5684,2024-11-27,715.9,Accessories,20
2856,9,3558,2024-11-27,729.48,Mobile Accessories,10
2857,9,8016,2024-11-26,1041.05,Home Appliances,20
2858,9,5914,2024-11-26,512.68,Home Appliances,5
2859,9,9641,2024-11-29,668.22,Home Appliances,0
2860,9,9295,2024-11-23,910.58,Electronics,20
2861,9,8903,2024-11-23,1070.76,Computing,0
2862,9,3862,2024-11-28,740.48,Electronics,20
2863,9,3408,2024-11-26,1086.8,Accessories,20
2864,9,1232,2024-11-23,864.6,Home Appliances,15
2865,9,207,2024-11-23,684.69,Home Appliances,10
2866,9,8475,2024-11-23,921.53,Accessories,10
2867,9,6614,2024-11-24,777.93,Accessories,20
2868,9,3690,2024-11-30,549.78,Accessories,10
2869,9,6884,2024-11-30,1169.73,Accessories,0
2870,9,878,2024-11-23,793.65,Computing,10
2871,9,2698,2024-11-26,782.25,Home Appliances,15
2872,9,9559,2024-11-25,808.09,Mobile Accessories,15
2873,9,9601,2024-11-24,697.2,Computing,10
2874,9,4749,2024-11-25,497.73,Mobile Accessories,20
2875,9,5986,2024-11-27,802.03,Computing,5
2876,9,6414,2024-11-26,801.03,Mobile Accessories,0
2877,9,6415,2024-11-26,675.15,Home Appliances,15
2878,9,534,2024-11-23,832.08,Home Appliances,20
2879,9,8849,2024-11-28,764.79,Accessories,20
2880,9,122,2024-11-28,485.9,Accessories,10
2881,9,6468,2024-11-27,984.23,Mobile Accessories,20
2882,9,651,2024-11-26,864.8,Electronics,20
2883,9,5717,2024-11-23,749.54,Computing,15
2884,9,4092,2024-11-29,489.37,Home Appliances,10
2885,9,7749,2024-11-27,940.49,Computing,10
2886,9,313,2024-11-30,747.67,Accessories,10
2887,9,1971,2024-11-25,739.36,Mobile Accessories,5
2888,9,9447,2024-11-27,1013.54,Computing,10
2889,9,9323,2024-11-29,855.04,Home Appliances,10
2890,9,4755,2024-11-27,613.26,Accessories,5
2891,9,2080,2024-11-30,789.61,Computing,5
2892,9,6581,2024-11-26,924.22,Accessories,20
2893,9,9896,2024-11-25,798.46,Electronics,0
2894,9,5731,2024-11-25,879.75,Electronics,20
2895,9,9298,2024-11-29,1007.49,Electronics,15
2896,9,7290,2024-11-26,963.94,Computing,20
2897,9,8579,2024-11-25,978.17,Computing,5
2898,9,1719,2024-11-30,587.76,Electronics,10
2899,9,3658,2024-11-23,367.66,Computing,10
2900,9,8384,2024-11-29,698.7,Accessories,10
2901,9,8244,2024-11-27,727.45,Electronics,20
2902,9,1250,2024-11-27,911.04,Electronics,10
2903,9,7932,2024-11-25,989.05,Computing,20
2904,9,2014,2024-11-23,756.33,Electronics,15
2905,9,6169,2024-11-29,1005.52,Accessories,0
2906,9,7368,2024-11-30,988.48,Computing,20
2907,9,5956,2024-11-23,853.76,Electronics,0
2908,9,8323,2024-11-28,833.26,Computing,5
2909,9,9625,2024-11-25,557.45,Accessories,15
2910,9,9475,2024-11-30,645.74,Electronics,5
2911,9,2150,2024-11-28,853.86,Electronics,0
2912,9,6735,2024-11-23,741.49,Computing,5
2913,9,9364,2024-11-29,947.55,Home Appliances,0
2914,9,9492,2024-11-29,778.09,Electronics,0
2915,9,6896,2024-11-30,807.6,Computing,15
2916,9,2224,2024-11-25,716.86,Home Appliances,0
2917,9,5631,2024-11-24,944.58,Home Appliances,20
2918,9,6019,2024-11-26,1093.34,Electronics,15
2919,9,5501,2024-11-26,792.06,Home Appliances,0
2920,9,8712,2024-11-27,986.07,Accessories,10
2921,9,6613,2024-11-25,825.58,Accessories,0
2922,9,2914,2024-11-25,1171.42,Computing,10
2923,9,2070,2024-11-26,697.47,Mobile Accessories,5
2924,9,4923,2024-11-29,859.88,Mobile Accessories,5
2925,9,7899,2024-11-23,728.12,Mobile Accessories,0
2926,9,6548,2024-11-27,743.54,Accessories,10
2927,9,8514,2024-11-28,937.48,Mobile Accessories,10
2928,9,6927,2024-11-26,797.6,Electronics,15
2929,9,3300,2024-11-29,659.93,Electronics,0
2930,9,808,2024-11-30,504.44,Mobile Accessories,15
2931,9,7776,2024-11-23,657.09,Mobile Accessories,15
2932,9,9798,2024-11-25,1019.83,Computing,20
2933,9,3889,2024-11-27,570.07,Electronics,0
2934,9,9245,2024-11-28,827.88,Home Appliances,20
2935,9,4566,2024-11-24,575.51,Electronics,10
2936,9,1989,2024-11-30,718.85,Electronics,15
2937,9,9356,2024-11-25,793.18,Home Appliances,10
2938,9,9133,2024-11-29,1129.6,Electronics,15
2939,9,4302,2024-11-27,990.8,Electronics,0
2940,9,8492,2024-11-23,632.27,Mobile Accessories,0
2941,9,1593,2024-11-30,679.24,Home Appliances,5
2942,9,4991,2024-11-25,766.62,Computing,0
2943,9,528,2024-11-23,985.61,Computing,15
2944,9,1829,2024-11-30,802.91,Accessories,5
2945,9,3019,2024-11-26,799.44,Accessories,0
2946,9,9063,2024-11-24,1061.63,Accessories,10
2947,9,5634,2024-11-27,874.04,Accessories,10
2948,9,5548,2024-11-26,815.05,Electronics,15
2949,9,4599,2024-11-29,291.5,Accessories,10
2950,9,7990,2024-11-27,902.97,Electronics,5
2951,9,6345,2024-11-26,915.46,Electronics,0
2952,9,5064,2024-11-24,813.14,Electronics,0
2953,9,7374,2024-11-27,769.69,Electronics,20
2954,9,2982,2024-11-27,1146.22,Accessories,5
2955,9,2773,2024-11-30,693.86,Mobile Accessories,15
2956,9,2036,2024-11-28,707.4,Electronics,20
2957,9,8329,2024-11-23,889.67,Home Appliances,15
2958,9,7828,2024-11-24,774.25,Mobile Accessories,15
2959,9,1972,2024-11-27,1001.46,Electronics,10
2960,9,10000,2024-11-27,649.7,Electronics,20
2961,10,9892,2024-12-05,636.18,Home Appliances,5
2962,10,3471,2024-12-06,866.16,Home Appliances,20
2963,10,2377,2024-12-05,738.28,Electronics,15
2964,10,4236,2024-12-04,600.16,Electronics,20
2965,10,6981,2024-12-06,463.78,Computing,15
2966,10,9952,2024-12-05,860.53,Computing,15
2967,10,6300,2024-12-05,756.95,Accessories,20
2968,10,2766,2024-12-04,602.29,Mobile Accessories,0
2969,10,4136,2024-12-04,453.76,Computing,20
2970,10,8106,2024-12-04,704.0,Mobile Accessories,15
2971,10,5912,2024-12-03,429.92,Mobile Accessories,10
2972,10,4981,2024-12-05,742.79,Electronics,20
2973,10,3993,2024-12-05,558.56,Computing,5
2974,10,6559,2024-12-03,833.33,Computing,10
2975,10,4924,2024-12-07,502.94,Home Appliances,0
2976,10,838,2024-12-05,784.61,Computing,10
2977,10,3235,2024-12-03,577.99,Home Appliances,15
2978,10,8922,2024-12-06,484.48,Mobile Accessories,20
2979,10,2561,2024-12-04,717.08,Electronics,5
2980,10,220,2024-12-03,598.11,Computing,20
2981,10,7518,2024-12-04,485.49,Mobile Accessories,5
2982,10,4196,2024-12-07,594.05,Computing,10
2983,10,8563,2024-12-06,729.3,Accessories,10
2984,10,3157,2024-12-03,573.32,Mobile Accessories,15
2985,10,7341,2024-12-07,769.55,Computing,0
2986,10,684,2024-12-07,506.15,Computing,0
2987,10,9848,2024-12-03,424.93,Electronics,0
2988,10,8427,2024-12-03,419.22,Accessories,10
2989,10,1581,2024-12-04,667.99,Accessories,5
2990,10,192,2024-12-05,513.43,Electronics,5
2991,10,3534,2024-12-04,527.92,Home Appliances,0
2992,10,3723,2024-12-03,587.47,Computing,10
2993,10,8005,2024-12-07,528.48,Accessories,0
2994,10,6771,2024-12-06,571.79,Computing,15
2995,10,5509,2024-12-05,759.27,Electronics,20
2996,10,1708,2024-12-07,272.23,Accessories,15
2997,10,2278,2024-12-06,650.69,Home Appliances,15
2998,10,8230,2024-12-03,660.97,Mobile Accessories,15
2999,10,6997,2024-12-07,895.73,Computing,20
3000,10,7616,2024-12-05,490.71,Mobile Accessories,0
3001,10,984,2024-12-04,774.51,Mobile Accessories,5
3002,10,6218,2024-12-05,497.13,Electronics,10
3003,10,5022,2024-12-03,673.69,Mobile Accessories,20
3004,10,3517,2024-12-07,623.56,Home Appliances,0
3005,10,7038,2024-12-03,862.82,Mobile Accessories,10
3006,10,6812,2024-12-07,646.67,Electronics,20
3007,10,7777,2024-12-03,577.32,Computing,20
3008,10,6486,2024-12-03,554.29,Accessories,20
3009,10,7813,2024-12-04,431.26,Computing,15
3010,10,8167,2024-12-06,708.11,Mobile Accessories,20
3011,10,3241,2024-12-06,549.75,Mobile Accessories,20
3012,10,2724,2024-12-07,682.16,Home Appliances,15
3013,10,4997,2024-12-07,481.82,Electronics,15
3014,10,3344,2024-12-04,518.62,Mobile Accessories,20
3015,10,8369,2024-12-06,756.33,Accessories,10
3016,10,3313,2024-12-07,612.52,Mobile Accessories,20
3017,10,6877,2024-12-05,709.28,Mobile Accessories,10
3018,10,4914,2024-12-07,887.74,Electronics,10
3019,10,8969,2024-12-06,552.56,Mobile Accessories,5
3020,10,1986,2024-12-05,659.11,Electronics,5
3021,10,6989,2024-12-06,617.82,Computing,0
3022,10,4737,2024-12-07,638.99,Accessories,20
3023,10,9320,2024-12-05,477.8,Computing,20
3024,10,6285,2024-12-07,933.41,Home Appliances,10
3025,10,53,2024-12-05,769.45,Electronics,15
3026,10,9608,2024-12-04,451.79,Mobile Accessories,20
3027,10,9488,2024-12-06,700.07,Home Appliances,10
3028,10,3828,2024-12-07,190.56,Mobile Accessories,0
3029,10,3144,2024-12-05,711.91,Accessories,20
3030,10,596,2024-12-04,669.81,Electronics,20
3031,10,5329,2024-12-06,762.16,Computing,5
3032,10,8476,2024-12-04,643.82,Computing,20
3033,10,1864,2024-12-03,694.43,Mobile Accessories,20
3034,10,9076,2024-12-06,451.82,Electronics,20
3035,10,1291,2024-12-06,867.08,Accessories,20
3036,10,8654,2024-12-03,361.06,Home Appliances,5
3037,10,4648,2024-12-04,527.88,Electronics,0
3038,10,1792,2024-12-06,805.58,Mobile Accessories,5
3039,10,202,2024-12-07,660.95,Mobile Accessories,20
3040,10,6680,2024-12-04,496.57,Computing,5
3041,10,8385,2024-12-03,512.68,Computing,20
3042,10,9208,2024-12-04,661.24,Home Appliances,5
3043,10,2780,2024-12-05,322.5,Electronics,0
3044,10,4855,2024-12-05,628.34,Computing,10
3045,10,8120,2024-12-06,531.95,Mobile Accessories,20
3046,10,5622,2024-12-07,555.2,Accessories,20
3047,10,9048,2024-12-04,557.16,Computing,10
3048,10,369,2024-12-06,543.09,Computing,15
3049,10,6450,2024-12-03,716.33,Computing,0
3050,10,5666,2024-12-07,831.62,Electronics,15
3051,10,6290,2024-12-04,714.4,Computing,10
3052,10,6950,2024-12-05,553.27,Computing,0
3053,10,3413,2024-12-03,768.09,Accessories,20
3054,10,2620,2024-12-05,928.52,Home Appliances,10
3055,10,8799,2024-12-06,595.5,Mobile Accessories,5
3056,10,1744,2024-12-06,851.57,Accessories,20
3057,10,8767,2024-12-04,724.5,Computing,15
3058,10,2471,2024-12-06,462.81,Computing,10
3059,10,2086,2024-12-03,433.97,Mobile Accessories,20
3060,10,5370,2024-12-03,734.95,Home Appliances,10
3061,10,3156,2024-12-05,650.13,Computing,15
3062,10,6724,2024-12-03,632.01,Mobile Accessories,20
3063,10,1259,2024-12-04,772.79,Accessories,15
3064,10,1429,2024-12-07,657.85,Computing,20
3065,10,7216,2024-12-04,455.63,Home Appliances,15
3066,10,6692,2024-12-03,581.7,Electronics,0
3067,10,7248,2024-12-05,580.37,Accessories,15
3068,10,4937,2024-12-05,542.48,Accessories,5
3069,10,9653,2024-12-03,489.54,Electronics,0
3070,10,2362,2024-12-07,368.0,Electronics,5
3071,10,6014,2024-12-05,834.0,Mobile Accessories,0
3072,10,3793,2024-12-05,446.24,Mobile Accessories,10
3073,10,1109,2024-12-04,666.03,Accessories,5
3074,10,5855,2024-12-06,636.46,Computing,20
3075,10,1934,2024-12-06,689.74,Electronics,20
3076,10,1440,2024-12-05,639.84,Electronics,5
3077,10,8415,2024-12-05,533.04,Accessories,0
3078,10,1499,2024-12-07,725.73,Accessories,0
3079,10,5518,2024-12-03,562.03,Electronics,5
3080,10,1480,2024-12-03,562.25,Electronics,15
3081,10,4459,2024-12-05,640.94,Electronics,20
3082,10,8747,2024-12-03,357.6,Accessories,20
3083,10,5880,2024-12-04,360.11,Computing,20
3084,10,1375,2024-12-03,673.32,Mobile Accessories,0
3085,10,4471,2024-12-05,653.75,Mobile Accessories,0
3086,10,2182,2024-12-04,720.71,Computing,5
3087,10,5306,2024-12-05,608.82,Electronics,10
3088,10,181,2024-12-03,547.02,Electronics,20
3089,10,7002,2024-12-04,662.1,Computing,0
3090,10,6558,2024-12-05,604.23,Computing,5
3091,10,1033,2024-12-05,784.58,Accessories,20
3092,10,2625,2024-12-07,290.08,Electronics,0
3093,10,2296,2024-12-04,639.67,Computing,0
3094,10,3044,2024-12-06,755.62,Mobile Accessories,5
3095,10,5021,2024-12-04,814.82,Home Appliances,20
3096,10,2564,2024-12-04,479.32,Computing,20
3097,10,7420,2024-12-06,653.9,Electronics,0
3098,10,8684,2024-12-03,633.23,Electronics,20
3099,10,5070,2024-12-07,664.29,Accessories,10
3100,10,3101,2024-12-03,472.24,Computing,0
3101,10,5511,2024-12-07,689.82,Home Appliances,20
3102,10,8751,2024-12-03,234.53,Computing,15
3103,10,7541,2024-12-07,723.51,Mobile Accessories,5
3104,10,4464,2024-12-06,681.97,Computing,20
3105,10,1674,2024-12-06,579.53,Home Appliances,15
3106,10,801,2024-12-03,599.47,Electronics,5
3107,10,3035,2024-12-05,644.35,Electronics,20
3108,10,9835,2024-12-03,476.74,Electronics,10
3109,10,1562,2024-12-04,649.93,Electronics,20
3110,10,8265,2024-12-04,758.77,Accessories,5
3111,10,2896,2024-12-03,508.29,Mobile Accessories,20
3112,10,2006,2024-12-03,556.45,Mobile Accessories,20
3113,10,9046,2024-12-05,647.05,Home Appliances,20
3114,10,100,2024-12-07,551.66,Mobile Accessories,15
3115,10,9559,2024-12-04,455.69,Mobile Accessories,0
3116,10,9282,2024-12-03,672.35,Computing,20
3117,10,6225,2024-12-05,583.41,Electronics,0
3118,10,6156,2024-12-07,740.25,Mobile Accessories,10
3119,10,7912,2024-12-04,867.42,Computing,5
3120,10,8071,2024-12-04,586.12,Home Appliances,20
3121,10,1772,2024-12-07,623.59,Computing,5
3122,10,1228,2024-12-06,484.6,Home Appliances,5
3123,10,5771,2024-12-06,469.07,Computing,5
3124,10,8346,2024-12-07,756.23,Computing,20
3125,10,2694,2024-12-05,597.32,Accessories,0
3126,10,7396,2024-12-03,441.28,Electronics,20
3127,10,3428,2024-12-06,425.69,Home Appliances,0
3128,10,6381,2024-12-04,1039.85,Mobile Accessories,15
3129,10,1688,2024-12-07,765.25,Home Appliances,0
3130,10,3092,2024-12-05,492.64,Computing,20
3131,10,1743,2024-12-07,530.89,Computing,0
3132,10,3900,2024-12-06,556.78,Mobile Accessories,10
3133,10,4183,2024-12-07,432.47,Mobile Accessories,0
3134,10,2009,2024-12-04,561.71,Home Appliances,15
3135,10,5055,2024-12-05,768.82,Home Appliances,20
3136,10,6298,2024-12-07,360.94,Electronics,15
3137,10,872,2024-12-07,515.16,Home Appliances,20
3138,10,7497,2024-12-03,554.07,Mobile Accessories,10
3139,10,2570,2024-12-05,640.84,Home Appliances,20
3140,10,4100,2024-12-04,408.49,Home Appliances,10
3141,10,9090,2024-12-07,647.89,Electronics,5
3142,10,5101,2024-12-06,656.88,Mobile Accessories,10
3143,10,6964,2024-12-07,559.15,Electronics,5
3144,10,4006,2024-12-06,523.03,Accessories,15
3145,10,5971,2024-12-03,729.24,Accessories,10
3146,10,6442,2024-12-04,760.18,Accessories,15
3147,10,8301,2024-12-03,467.33,Home Appliances,0
3148,10,2518,2024-12-03,482.99,Electronics,0
3149,10,4388,2024-12-05,636.47,Electronics,20
3150,10,3730,2024-12-06,605.7,Accessories,10
3151,10,7997,2024-12-07,481.13,Computing,15
3152,10,2015,2024-12-07,556.69,Accessories,5
3153,10,8022,2024-12-06,502.62,Mobile Accessories,20
3154,10,285,2024-12-04,533.47,Home Appliances,5
3155,10,2418,2024-12-04,434.36,Electronics,15
3156,10,9290,2024-12-05,723.66,Computing,15
3157,10,7804,2024-12-07,509.29,Electronics,15
3158,10,7258,2024-12-05,633.24,Home Appliances,10
3159,10,4204,2024-12-07,650.51,Accessories,20
3160,10,6098,2024-12-03,661.62,Home Appliances,0
3161,10,3798,2024-12-07,736.28,Electronics,20
3162,10,4229,2024-12-03,555.44,Computing,20
3163,10,5930,2024-12-05,565.17,Mobile Accessories,15
3164,10,7561,2024-12-03,481.45,Computing,20
3165,10,645,2024-12-03,623.21,Computing,20
3166,10,3696,2024-12-05,573.58,Computing,10
3167,10,9983,2024-12-06,433.57,Accessories,10
3168,10,3322,2024-12-06,579.76,Home Appliances,15
3169,10,2962,2024-12-07,852.88,Mobile Accessories,20
3170,10,7939,2024-12-07,545.79,Electronics,5
3171,10,7404,2024-12-05,648.81,Home Appliances,0
3172,10,5442,2024-12-07,600.25,Home Appliances,15
3173,10,8885,2024-12-06,518.23,Home Appliances,5
3174,10,8599,2024-12-06,461.45,Electronics,20
3175,10,6971,2024-12-06,503.49,Home Appliances,0
3176,10,7872,2024-12-04,540.4,Home Appliances,15
3177,10,3356,2024-12-07,637.37,Electronics,10
3178,10,4482,2024-12-06,445.76,Electronics,5
3179,10,2594,2024-12-04,525.07,Mobile Accessories,5
3180,10,350,2024-12-03,619.1,Accessories,5
3181,10,770,2024-12-07,555.02,Accessories,0
3182,10,7946,2024-12-03,737.03,Electronics,10
3183,10,1273,2024-12-04,267.55,Accessories,0
3184,10,8254,2024-12-03,611.38,Mobile Accessories,15
3185,10,9365,2024-12-04,356.2,Electronics,10
3186,10,3252,2024-12-03,683.05,Mobile Accessories,20
3187,10,6172,2024-12-05,698.34,Home Appliances,20
3188,10,9874,2024-12-03,628.64,Computing,20
3189,10,6213,2024-12-07,760.85,Home Appliances,5
3190,10,7576,2024-12-06,558.31,Mobile Accessories,10
3191,10,5167,2024-12-04,571.32,Home Appliances,20
3192,10,2002,2024-12-03,602.8,Home Appliances,5
3193,10,5598,2024-12-03,721.84,Home Appliances,0
3194,10,4727,2024-12-06,486.9,Mobile Accessories,0
3195,10,6899,2024-12-05,431.74,Accessories,5
3196,10,4768,2024-12-06,497.64,Accessories,20
3197,10,7487,2024-12-05,544.03,Accessories,20
3198,10,2368,2024-12-03,592.59,Mobile Accessories,5
3199,10,3249,2024-12-07,764.27,Home Appliances,5
3200,10,5146,2024-12-06,579.93,Mobile Accessories,5
3201,10,4445,2024-12-07,662.24,Mobile Accessories,20
3202,10,4670,2024-12-06,865.24,Mobile Accessories,5
3203,10,1819,2024-12-04,839.84,Home Appliances,10
3204,10,8198,2024-12-04,753.22,Mobile Accessories,20
3205,10,3129,2024-12-05,677.23,Electronics,0
3206,10,9162,2024-12-03,573.49,Computing,15
3207,10,473,2024-12-03,757.39,Accessories,15
3208,10,21,2024-12-05,838.04,Mobile Accessories,15
3209,10,5267,2024-12-06,817.21,Home Appliances,15
3210,10,8348,2024-12-05,719.55,Electronics,15
3211,10,647,2024-12-07,828.51,Computing,5
3212,10,9760,2024-12-03,443.91,Electronics,15
3213,10,8121,2024-12-07,682.69,Computing,0
3214,10,6433,2024-12-04,555.33,Computing,15
3215,10,8505,2024-12-04,479.79,Computing,0
3216,10,5591,2024-12-03,532.77,Accessories,15
3217,10,6669,2024-12-04,541.12,Mobile Accessories,5
3218,10,5227,2024-12-03,547.37,Home Appliances,15
3219,10,7555,2024-12-03,432.98,Home Appliances,15
3220,10,6346,2024-12-07,520.43,Home Appliances,10
3221,10,5404,2024-12-06,655.47,Home Appliances,5
3222,10,415,2024-12-06,706.34,Home Appliances,10
3223,10,3432,2024-12-07,603.72,Home Appliances,5
3224,10,6951,2024-12-05,679.93,Computing,10
3225,10,3485,2024-12-05,580.86,Electronics,15
3226,10,9093,2024-12-05,711.64,Home Appliances,10
3227,10,1747,2024-12-05,560.56,Computing,5
3228,10,4998,2024-12-03,566.34,Computing,5
3229,10,9259,2024-12-04,579.71,Electronics,20
3230,10,2602,2024-12-04,812.45,Electronics,15
3231,10,7991,2024-12-07,548.13,Home Appliances,15
3232,10,5654,2024-12-03,597.12,Home Appliances,20
3233,10,2764,2024-12-04,647.04,Mobile Accessories,15
3234,10,2409,2024-12-04,635.86,Mobile Accessories,10
3235,10,5036,2024-12-04,653.45,Computing,0
3236,10,5019,2024-12-06,670.81,Computing,5
3237,10,1932,2024-12-07,680.3,Electronics,0
3238,10,9764,2024-12-05,611.28,Accessories,0
3239,10,8925,2024-12-07,797.73,Computing,15
3240,10,223,2024-12-03,537.18,Electronics,0
3241,10,1547,2024-12-03,637.28,Accessories,0
3242,10,1686,2024-12-06,564.9,Electronics,10
3243,10,3186,2024-12-07,440.47,Electronics,5
3244,10,69,2024-12-06,676.07,Accessories,5
3245,10,4705,2024-12-06,493.37,Mobile Accessories,10
3246,10,5970,2024-12-03,556.63,Home Appliances,15
3247,10,8245,2024-12-06,631.98,Computing,10
3248,10,1920,2024-12-03,539.58,Accessories,20
3249,10,7435,2024-12-06,617.8,Home Appliances,10
3250,11,6202,2024-12-17,365.34,Electronics,10
3251,11,5097,2024-12-17,336.03,Mobile Accessories,0
3252,11,3316,2024-12-18,486.81,Electronics,20
3253,11,3287,2024-12-25,551.12,Accessories,10
3254,11,7641,2024-12-25,297.98,Computing,20
3255,11,7489,2024-12-19,468.54,Mobile Accessories,0
3256,11,4332,2024-12-26,374.02,Accessories,10
3257,11,1877,2024-12-18,755.99,Electronics,5
3258,11,6804,2024-12-16,452.97,Computing,20
3259,11,3620,2024-12-27,522.61,Mobile Accessories,20
3260,11,4162,2024-12-13,545.83,Home Appliances,15
3261,11,6916,2024-12-17,654.21,Mobile Accessories,10
3262,11,774,2024-12-28,313.69,Accessories,10
3263,11,6481,2024-12-14,397.8,Mobile Accessories,5
3264,11,3666,2024-12-17,408.2,Electronics,0
3265,11,4816,2024-12-13,541.1,Electronics,20
3266,11,464,2024-12-23,392.28,Electronics,0
3267,11,4903,2024-12-16,411.62,Mobile Accessories,10
3268,11,520,2024-12-19,508.38,Computing,15
3269,11,823,2024-12-26,603.91,Electronics,20
3270,11,9009,2024-12-13,557.15,Accessories,10
3271,11,1588,2024-12-26,503.09,Mobile Accessories,5
3272,11,6705,2024-12-21,655.95,Computing,15
3273,11,9483,2024-12-20,462.66,Computing,20
3274,11,7559,2024-12-18,510.23,Home Appliances,15
3275,11,4195,2024-12-19,555.71,Accessories,5
3276,11,3722,2024-12-13,467.72,Computing,10
3277,11,9489,2024-12-27,495.47,Electronics,5
3278,11,8243,2024-12-28,451.3,Home Appliances,0
3279,11,7054,2024-12-20,548.02,Mobile Accessories,10
3280,11,338,2024-12-28,544.22,Home Appliances,20
3281,11,1172,2024-12-25,501.75,Electronics,10
3282,11,5062,2024-12-14,704.35,Electronics,20
3283,11,8265,2024-12-17,444.92,Electronics,15
3284,11,4409,2024-12-17,271.74,Home Appliances,15
3285,11,2780,2024-12-27,261.11,Computing,10
3286,11,7814,2024-12-18,361.79,Computing,0
3287,11,8968,2024-12-28,460.93,Mobile Accessories,15
3288,11,1022,2024-12-16,505.85,Accessories,15
3289,11,5370,2024-12-23,521.0,Accessories,10
3290,11,9805,2024-12-18,507.39,Home Appliances,20
3291,11,4124,2024-12-25,683.65,Electronics,5
3292,11,5583,2024-12-19,545.63,Computing,20
3293,11,1115,2024-12-17,460.42,Electronics,0
3294,11,5314,2024-12-25,382.21,Accessories,10
3295,11,2215,2024-12-26,342.03,Mobile Accessories,15
3296,11,1492,2024-12-13,556.12,Mobile Accessories,15
3297,11,6756,2024-12-25,507.18,Computing,0
3298,11,5323,2024-12-17,488.73,Accessories,20
3299,11,9649,2024-12-18,497.89,Home Appliances,10
3300,11,3795,2024-12-25,467.1,Electronics,0
3301,11,308,2024-12-14,492.25,Electronics,5
3302,11,6400,2024-12-28,506.74,Computing,0
3303,11,5376,2024-12-24,575.39,Electronics,5
3304,11,1073,2024-12-17,484.41,Electronics,5
3305,11,7610,2024-12-21,414.05,Computing,5
3306,11,4537,2024-12-14,596.76,Home Appliances,5
3307,11,4151,2024-12-23,513.22,Electronics,15
3308,11,437,2024-12-17,588.57,Computing,15
3309,11,8220,2024-12-19,490.62,Accessories,10
3310,11,1993,2024-12-22,377.56,Accessories,15
3311,11,3105,2024-12-16,387.06,Home Appliances,20
3312,11,2827,2024-12-24,389.09,Computing,20
3313,11,1083,2024-12-23,545.3,Accessories,15
3314,11,7446,2024-12-17,420.0,Mobile Accessories,20
3315,11,6841,2024-12-27,385.37,Home Appliances,20
3316,11,302,2024-12-26,591.59,Computing,15
3317,11,3241,2024-12-15,581.33,Computing,10
3318,11,9659,2024-12-25,425.98,Computing,15
3319,11,1227,2024-12-15,369.16,Electronics,15
3320,11,7876,2024-12-22,250.25,Computing,20
3321,11,2118,2024-12-16,630.11,Accessories,15
3322,11,2276,2024-12-28,520.97,Home Appliances,5
3323,11,8373,2024-12-17,373.51,Computing,15
3324,11,9639,2024-12-20,431.76,Home Appliances,10
3325,11,358,2024-12-28,530.88,Electronics,5
3326,11,9561,2024-12-26,407.67,Home Appliances,0
3327,11,4710,2024-12-21,654.12,Computing,20
3328,11,5333,2024-12-15,406.22,Accessories,0
3329,11,4951,2024-12-15,441.72,Electronics,0
3330,11,4570,2024-12-23,617.15,Mobile Accessories,15
3331,11,2991,2024-12-28,548.38,Mobile Accessories,20
3332,11,4373,2024-12-17,532.32,Home Appliances,10
3333,11,2168,2024-12-13,442.26,Computing,5
3334,11,1119,2024-12-20,374.1,Accessories,10
3335,11,2346,2024-12-23,467.52,Home Appliances,20
3336,11,8406,2024-12-18,440.57,Computing,0
3337,11,4029,2024-12-16,484.28,Home Appliances,0
3338,11,6922,2024-12-19,522.75,Computing,20
3339,11,5552,2024-12-26,531.12,Computing,0
3340,11,9551,2024-12-20,649.41,Accessories,15
3341,11,662,2024-12-22,354.48,Accessories,0
3342,11,3004,2024-12-16,501.38,Electronics,10
3343,11,1946,2024-12-16,384.63,Computing,15
3344,11,9139,2024-12-20,450.72,Mobile Accessories,15
3345,11,2849,2024-12-14,576.73,Mobile Accessories,5
3346,11,9246,2024-12-17,604.05,Electronics,20
3347,11,9345,2024-12-18,454.45,Mobile Accessories,5
3348,11,853,2024-12-15,555.8,Home Appliances,15
3349,11,3622,2024-12-25,392.12,Accessories,0
3350,11,978,2024-12-19,540.73,Electronics,10
3351,11,5538,2024-12-18,471.39,Mobile Accessories,20
3352,11,6569,2024-12-25,576.14,Electronics,15
3353,11,7511,2024-12-26,471.11,Home Appliances,20
3354,11,3081,2024-12-14,456.45,Computing,5
3355,11,7464,2024-12-21,552.72,Mobile Accessories,15
3356,11,456,2024-12-22,389.95,Computing,0
3357,11,1516,2024-12-24,393.61,Home Appliances,0
3358,11,1308,2024-12-23,726.36,Home Appliances,15
3359,11,4386,2024-12-24,499.53,Computing,20
3360,11,4888,2024-12-19,403.04,Mobile Accessories,0
3361,11,1438,2024-12-24,379.0,Electronics,20
3362,11,2718,2024-12-15,594.89,Computing,10
3363,11,4658,2024-12-21,576.74,Accessories,20
3364,11,3889,2024-12-14,703.88,Home Appliances,15
3365,11,2774,2024-12-27,669.01,Home Appliances,20
3366,11,7395,2024-12-28,582.76,Accessories,5
3367,11,8216,2024-12-23,502.32,Electronics,15
3368,11,7537,2024-12-22,530.24,Accessories,15
3369,11,7970,2024-12-18,324.27,Home Appliances,10
3370,11,1548,2024-12-18,363.8,Accessories,20
3371,11,216,2024-12-25,563.72,Mobile Accessories,15
3372,11,8258,2024-12-27,486.51,Computing,20
3373,11,4083,2024-12-26,521.59,Electronics,10
3374,11,548,2024-12-20,425.61,Electronics,10
3375,11,2692,2024-12-26,498.73,Mobile Accessories,10
3376,11,9181,2024-12-25,510.03,Home Appliances,5
3377,11,1592,2024-12-24,450.88,Computing,15
3378,11,3393,2024-12-27,581.3,Mobile Accessories,5
3379,11,608,2024-12-26,396.38,Computing,5
3380,11,6291,2024-12-18,596.78,Accessories,20
3381,11,8237,2024-12-20,494.61,Computing,5
3382,11,419,2024-12-13,472.05,Accessories,20
3383,11,9966,2024-12-25,413.7,Electronics,0
3384,11,4021,2024-12-18,529.85,Home Appliances,20
3385,11,4532,2024-12-18,319.66,Accessories,15
3386,11,3624,2024-12-20,550.15,Home Appliances,10
3387,11,2040,2024-12-19,404.63,Home Appliances,20
3388,11,933,2024-12-15,386.74,Mobile Accessories,0
3389,11,4725,2024-12-15,664.77,Computing,15
3390,11,4923,2024-12-22,428.89,Accessories,20
3391,11,2025,2024-12-13,693.9,Mobile Accessories,5
3392,11,1116,2024-12-25,509.76,Computing,20
3393,11,3631,2024-12-21,473.49,Home Appliances,15
3394,11,3826,2024-12-15,598.84,Electronics,15
3395,11,9490,2024-12-28,462.37,Mobile Accessories,15
3396,11,4680,2024-12-28,469.45,Mobile Accessories,15
3397,12,9328,2025-01-14,530.38,Electronics,15
3398,12,900,2025-01-14,411.92,Accessories,0
3399,12,6864,2025-01-15,533.82,Computing,5
3400,12,1607,2025-01-13,509.24,Home Appliances,10
3401,12,2301,2025-01-14,754.13,Electronics,10
3402,12,4544,2025-01-13,443.28,Electronics,5
3403,12,4120,2025-01-15,661.56,Mobile Accessories,5
3404,12,8444,2025-01-14,592.84,Electronics,5
3405,12,7791,2025-01-16,465.82,Mobile Accessories,0
3406,12,9635,2025-01-16,558.12,Mobile Accessories,10
3407,12,5555,2025-01-17,555.13,Accessories,0
3408,12,827,2025-01-14,536.97,Computing,5
3409,12,2762,2025-01-16,461.67,Electronics,10
3410,12,3153,2025-01-15,356.21,Home Appliances,0
3411,12,9053,2025-01-13,435.55,Accessories,5
3412,12,1751,2025-01-15,644.6,Mobile Accessories,5
3413,12,8492,2025-01-15,467.79,Accessories,20
3414,12,4820,2025-01-16,504.36,Mobile Accessories,20
3415,12,489,2025-01-15,518.02,Electronics,10
3416,12,8917,2025-01-15,473.69,Home Appliances,0
3417,12,7795,2025-01-15,368.34,Home Appliances,5
3418,12,2309,2025-01-13,561.38,Electronics,20
3419,12,8775,2025-01-13,445.29,Home Appliances,20
3420,12,7816,2025-01-14,567.19,Electronics,0
3421,12,4293,2025-01-16,457.4,Mobile Accessories,0
3422,12,5037,2025-01-13,331.51,Computing,10
3423,12,4981,2025-01-15,391.76,Accessories,10
3424,12,8089,2025-01-14,552.08,Home Appliances,5
3425,12,6012,2025-01-13,651.04,Computing,10
3426,12,7498,2025-01-15,594.42,Computing,15
3427,12,2528,2025-01-14,463.75,Electronics,5
3428,12,6211,2025-01-16,576.19,Home Appliances,5
3429,12,8860,2025-01-14,572.98,Electronics,15
3430,12,1256,2025-01-17,769.07,Electronics,10
3431,12,8227,2025-01-17,561.34,Mobile Accessories,20
3432,12,8422,2025-01-17,526.83,Electronics,0
3433,12,1465,2025-01-17,358.53,Electronics,5
3434,12,668,2025-01-16,497.45,Electronics,15
3435,12,8277,2025-01-17,491.13,Electronics,10
3436,12,5754,2025-01-13,585.81,Accessories,10
3437,12,4182,2025-01-17,497.37,Computing,5
3438,12,8890,2025-01-16,554.14,Accessories,5
3439,12,8593,2025-01-16,405.56,Accessories,10
3440,12,7066,2025-01-15,602.17,Electronics,0
3441,12,4777,2025-01-13,445.55,Accessories,15
3442,12,6966,2025-01-16,722.71,Electronics,15
3443,12,5418,2025-01-15,495.11,Electronics,15
3444,12,3546,2025-01-16,616.59,Accessories,10
3445,12,2879,2025-01-14,204.44,Accessories,0
3446,12,4296,2025-01-13,545.47,Home Appliances,20
3447,12,4801,2025-01-16,583.6,Computing,20
3448,12,6476,2025-01-17,457.68,Computing,20
3449,12,328,2025-01-13,339.12,Electronics,20
3450,12,8556,2025-01-14,380.57,Accessories,5
3451,12,4353,2025-01-14,222.08,Mobile Accessories,20
3452,12,6962,2025-01-15,487.8,Computing,10
3453,12,5880,2025-01-17,530.61,Home Appliances,5
3454,12,3826,2025-01-13,399.71,Home Appliances,0
3455,12,3671,2025-01-14,521.36,Accessories,20
3456,12,6838,2025-01-13,555.74,Computing,20
3457,12,2444,2025-01-14,450.72,Electronics,20
3458,12,9067,2025-01-13,401.71,Computing,10
3459,12,4423,2025-01-13,365.6,Electronics,0
3460,12,7996,2025-01-14,482.45,Accessories,15
3461,12,6195,2025-01-13,551.07,Computing,0
3462,12,7992,2025-01-16,441.38,Computing,15
3463,12,3666,2025-01-16,616.86,Electronics,0
3464,12,9579,2025-01-17,541.8,Computing,10
3465,12,7673,2025-01-15,470.47,Electronics,5
3466,12,7766,2025-01-15,317.03,Computing,10
3467,12,4100,2025-01-13,428.25,Accessories,0
3468,12,377,2025-01-16,743.31,Electronics,15
3469,12,931,2025-01-16,383.32,Computing,10
3470,12,9977,2025-01-13,477.27,Accessories,15
3471,12,9059,2025-01-14,365.24,Accessories,10
3472,12,2628,2025-01-17,556.04,Accessories,5
3473,12,47,2025-01-17,391.42,Home Appliances,15
3474,12,1759,2025-01-14,501.33,Computing,0
3475,12,8501,2025-01-16,485.99,Accessories,15
3476,12,5819,2025-01-17,419.9,Accessories,10
3477,12,5635,2025-01-16,409.01,Electronics,5
3478,12,5580,2025-01-15,508.12,Accessories,15
3479,12,3624,2025-01-14,500.96,Home Appliances,20
3480,12,8377,2025-01-16,526.66,Home Appliances,15
3481,12,4729,2025-01-13,483.18,Mobile Accessories,5
3482,12,5988,2025-01-16,410.57,Home Appliances,20
3483,12,891,2025-01-13,434.49,Home Appliances,15
3484,12,2146,2025-01-16,494.98,Accessories,15
3485,12,2549,2025-01-15,530.21,Electronics,5
3486,12,1660,2025-01-16,463.91,Mobile Accessories,20
3487,12,6595,2025-01-15,531.66,Accessories,20
3488,12,2024,2025-01-16,427.99,Computing,15
3489,12,1656,2025-01-14,538.33,Accessories,0
3490,12,6827,2025-01-17,622.58,Computing,20
3491,12,8411,2025-01-17,535.97,Accessories,10
3492,12,5960,2025-01-14,229.51,Accessories,10
3493,12,9214,2025-01-16,441.37,Home Appliances,20
3494,12,523,2025-01-16,603.26,Computing,0
3495,12,5355,2025-01-17,572.44,Accessories,20
3496,12,8116,2025-01-14,633.45,Accessories,20
3497,12,7121,2025-01-14,735.76,Mobile Accessories,15
3498,12,6023,2025-01-17,423.55,Electronics,15
3499,12,7291,2025-01-15,482.06,Computing,15
3500,12,3865,2025-01-16,422.55,Computing,20
3501,12,5200,2025-01-13,431.71,Accessories,10
3502,12,5659,2025-01-15,494.67,Home Appliances,10
3503,12,9773,2025-01-13,512.29,Home Appliances,0
3504,12,5829,2025-01-15,561.92,Accessories,10
3505,12,9258,2025-01-16,391.29,Electronics,20
3506,12,7268,2025-01-15,571.56,Computing,10
3507,12,5299,2025-01-16,485.22,Electronics,20
3508,12,865,2025-01-17,552.05,Mobile Accessories,20
3509,12,8927,2025-01-15,582.78,Accessories,15
3510,12,641,2025-01-15,443.34,Computing,15
3511,12,4040,2025-01-13,437.92,Mobile Accessories,0
3512,12,9696,2025-01-16,483.01,Accessories,10
3513,12,8808,2025-01-16,396.15,Electronics,0
3514,12,7667,2025-01-14,389.34,Electronics,15
3515,12,441,2025-01-15,506.94,Electronics,10
3516,12,8547,2025-01-13,500.25,Mobile Accessories,0
3517,12,6120,2025-01-17,575.87,Computing,15
3518,12,6704,2025-01-14,487.06,Mobile Accessories,15
3519,12,4166,2025-01-15,427.41,Accessories,0
3520,12,7932,2025-01-16,476.9,Mobile Accessories,20
3521,12,883,2025-01-14,576.56,Accessories,5
3522,12,3278,2025-01-14,469.07,Mobile Accessories,15
3523,12,704,2025-01-13,536.45,Electronics,5
3524,12,6079,2025-01-13,429.76,Home Appliances,20
3525,12,1288,2025-01-13,434.85,Home Appliances,0
3526,12,695,2025-01-14,428.65,Home Appliances,5
3527,12,9627,2025-01-17,544.22,Mobile Accessories,20
3528,12,8668,2025-01-13,636.2,Computing,10
3529,12,1812,2025-01-14,420.47,Mobile Accessories,15
3530,12,7306,2025-01-16,545.91,Electronics,15
3531,12,4879,2025-01-16,422.23,Home Appliances,15
3532,12,1749,2025-01-14,511.49,Home Appliances,5
3533,12,3770,2025-01-17,415.15,Electronics,15
3534,12,6722,2025-01-17,580.16,Accessories,0
3535,12,8325,2025-01-16,462.59,Accessories,20
3536,12,7336,2025-01-17,554.23,Computing,20
3537,12,1511,2025-01-17,547.61,Accessories,20
3538,12,5707,2025-01-13,555.51,Electronics,5
3539,12,3705,2025-01-15,644.85,Home Appliances,15
3540,12,1408,2025-01-17,529.87,Accessories,0
3541,12,3485,2025-01-17,587.06,Electronics,15
3542,12,8944,2025-01-13,602.78,Electronics,0
3543,12,6404,2025-01-13,371.27,Accessories,10
3544,12,362,2025-01-14,505.84,Electronics,0
3545,12,2709,2025-01-17,536.91,Mobile Accessories,0
3546,12,3707,2025-01-17,482.95,Home Appliances,5
3547,13,1696,2025-02-13,634.62,Computing,0
3548,13,6901,2025-02-14,439.32,Home Appliances,20
3549,13,7699,2025-02-19,468.97,Electronics,0
3550,13,6266,2025-02-11,441.62,Computing,5
3551,13,5159,2025-02-08,476.58,Mobile Accessories,0
3552,13,1716,2025-02-16,498.77,Electronics,5
3553,13,3055,2025-02-09,387.23,Home Appliances,10
3554,13,8525,2025-02-12,347.61,Accessories,20
3555,13,9964,2025-02-10,463.21,Computing,10
3556,13,7055,2025-02-16,455.57,Computing,0
3557,13,6038,2025-02-16,502.11,Electronics,5
3558,13,4688,2025-02-14,418.03,Computing,15
3559,13,2686,2025-02-14,511.59,Accessories,5
3560,13,5626,2025-02-10,477.78,Mobile Accessories,10
3561,13,6365,2025-02-15,595.89,Mobile Accessories,15
3562,13,5478,2025-02-11,376.28,Electronics,10
3563,13,8015,2025-02-14,489.76,Mobile Accessories,5
3564,13,4530,2025-02-16,615.75,Home Appliances,20
3565,13,9102,2025-02-13,593.44,Mobile Accessories,20
3566,13,7394,2025-02-12,532.62,Computing,20
3567,13,5502,2025-02-11,617.25,Electronics,10
3568,13,9099,2025-02-13,386.53,Computing,15
3569,13,8816,2025-02-09,455.79,Home Appliances,15
3570,13,3859,2025-02-10,600.36,Home Appliances,5
3571,13,4761,2025-02-17,489.56,Home Appliances,10
3572,13,6178,2025-02-18,609.92,Computing,5
3573,13,8154,2025-02-12,338.6,Home Appliances,0
3574,13,851,2025-02-13,493.99,Computing,5
3575,13,2496,2025-02-13,688.89,Electronics,10
3576,13,3593,2025-02-08,691.93,Computing,5
3577,13,9291,2025-02-18,550.42,Electronics,0
3578,13,9470,2025-02-15,541.44,Electronics,15
3579,13,3508,2025-02-11,518.71,Mobile Accessories,15
3580,13,26,2025-02-16,442.57,Electronics,10
3581,13,5144,2025-02-14,478.04,Accessories,5
3582,13,5101,2025-02-13,659.97,Home Appliances,10
3583,13,4569,2025-02-14,530.29,Accessories,10
3584,13,7632,2025-02-17,553.63,Computing,15
3585,13,4912,2025-02-18,654.77,Electronics,0
3586,13,5297,2025-02-08,547.5,Electronics,15
3587,13,7582,2025-02-12,542.66,Mobile Accessories,10
3588,13,7285,2025-02-13,536.47,Electronics,10
3589,13,4785,2025-02-13,659.77,Home Appliances,5
3590,13,6855,2025-02-09,632.3,Home Appliances,0
3591,13,3209,2025-02-17,543.52,Mobile Accessories,20
3592,13,2403,2025-02-17,524.26,Electronics,15
3593,13,4209,2025-02-14,791.32,Accessories,0
3594,13,4041,2025-02-10,446.51,Accessories,5
3595,13,3372,2025-02-15,592.61,Mobile Accessories,20
3596,13,352,2025-02-09,545.87,Home Appliances,15
3597,13,725,2025-02-14,614.54,Computing,10
3598,13,2747,2025-02-19,405.67,Mobile Accessories,10
3599,13,1847,2025-02-18,594.27,Mobile Accessories,20
3600,13,1074,2025-02-18,536.15,Mobile Accessories,10
3601,13,2604,2025-02-13,450.0,Computing,15
3602,13,2350,2025-02-14,551.42,Computing,20
3603,13,4131,2025-02-16,399.63,Electronics,10
3604,13,6199,2025-02-18,725.73,Computing,20
3605,13,2061,2025-02-13,415.91,Accessories,20
3606,13,2449,2025-02-16,384.41,Home Appliances,10
3607,13,842,2025-02-13,362.98,Electronics,0
3608,13,8739,2025-02-17,350.85,Computing,5
3609,13,5385,2025-02-16,596.72,Home Appliances,0
3610,13,8335,2025-02-09,698.69,Accessories,10
3611,13,5901,2025-02-17,506.16,Electronics,0
3612,13,2337,2025-02-13,455.03,Home Appliances,0
3613,13,9313,2025-02-09,378.12,Mobile Accessories,10
3614,13,2043,2025-02-19,476.08,Home Appliances,20
3615,13,1635,2025-02-14,628.05,Accessories,15
3616,13,2334,2025-02-08,601.79,Accessories,10
3617,13,9442,2025-02-14,358.54,Mobile Accessories,20
3618,13,3357,2025-02-18,478.78,Mobile Accessories,15
3619,13,5249,2025-02-14,627.52,Mobile Accessories,0
3620,13,248,2025-02-10,613.41,Mobile Accessories,10
3621,13,4288,2025-02-16,295.29,Home Appliances,5
3622,13,2279,2025-02-10,394.27,Home Appliances,15
3623,13,2751,2025-02-17,631.66,Home Appliances,20
3624,13,8350,2025-02-08,408.45,Electronics,10
3625,13,2976,2025-02-09,419.82,Accessories,20
3626,13,4904,2025-02-15,529.91,Electronics,20
3627,13,7439,2025-02-14,593.31,Electronics,10
3628,13,2421,2025-02-15,541.95,Accessories,15
3629,13,793,2025-02-19,491.43,Home Appliances,10
3630,13,3091,2025-02-13,507.64,Mobile Accessories,5
3631,13,940,2025-02-16,414.92,Mobile Accessories,15
3632,13,1483,2025-02-18,398.98,Mobile Accessories,20
3633,13,4563,2025-02-18,686.13,Accessories,5
3634,13,3480,2025-02-19,581.53,Accessories,0
3635,13,715,2025-02-09,546.66,Computing,15
3636,13,5042,2025-02-10,512.58,Mobile Accessories,5
3637,13,8001,2025-02-14,611.4,Computing,20
3638,13,9868,2025-02-16,485.48,Electronics,0
3639,13,7591,2025-02-10,571.39,Home Appliances,10
3640,13,9659,2025-02-15,612.04,Accessories,15
3641,13,3956,2025-02-19,521.16,Computing,15
3642,13,9955,2025-02-19,640.01,Mobile Accessories,20
3643,13,3000,2025-02-19,534.36,Electronics,0
3644,13,2150,2025-02-08,556.06,Electronics,20
3645,13,7922,2025-02-15,726.95,Accessories,15
3646,13,886,2025-02-11,519.06,Computing,20
3647,13,7921,2025-02-08,508.48,Electronics,5
3648,13,4090,2025-02-10,433.75,Mobile Accessories,10
3649,13,5808,2025-02-15,490.36,Computing,20
3650,13,1805,2025-02-14,526.39,Computing,10
3651,13,8984,2025-02-09,445.24,Home Appliances,10
3652,13,2064,2025-02-13,533.23,Mobile Accessories,10
3653,13,5860,2025-02-19,565.93,Electronics,20
3654,13,2779,2025-02-15,555.43,Electronics,5
3655,13,1296,2025-02-19,470.99,Accessories,0
3656,13,6783,2025-02-14,383.75,Computing,5
3657,13,1174,2025-02-15,478.45,Accessories,20
3658,13,6053,2025-02-13,596.34,Computing,15
3659,13,8804,2025-02-18,481.51,Home Appliances,10
3660,13,5238,2025-02-09,732.0,Mobile Accessories,0
3661,13,6220,2025-02-17,742.59,Home Appliances,10
3662,13,8590,2025-02-16,541.93,Mobile Accessories,10
3663,13,259,2025-02-13,695.28,Accessories,10
3664,13,9522,2025-02-12,752.69,Mobile Accessories,20
3665,13,4201,2025-02-14,580.85,Accessories,5
3666,13,4101,2025-02-16,567.88,Home Appliances,5
3667,13,5226,2025-02-18,357.9,Accessories,5
3668,13,2623,2025-02-11,452.67,Accessories,0
3669,13,5919,2025-02-09,314.04,Accessories,20
3670,13,4453,2025-02-17,458.92,Electronics,15
3671,13,385,2025-02-17,446.27,Home Appliances,10
3672,13,5149,2025-02-14,448.88,Accessories,0
3673,13,1181,2025-02-12,635.11,Computing,20
3674,13,9501,2025-02-13,454.13,Computing,10
3675,13,1706,2025-02-08,355.75,Electronics,15
3676,13,1123,2025-02-19,434.6,Accessories,15
3677,13,9464,2025-02-16,492.65,Accessories,10
3678,13,3252,2025-02-15,512.81,Accessories,0
3679,13,4822,2025-02-09,437.22,Home Appliances,15
3680,13,7794,2025-02-11,473.8,Computing,10
3681,13,4637,2025-02-12,582.55,Electronics,0
3682,13,2198,2025-02-16,737.41,Electronics,15
3683,13,9818,2025-02-12,761.83,Electronics,5
3684,13,8667,2025-02-10,527.95,Electronics,5
3685,13,7659,2025-02-19,540.49,Computing,5
3686,13,1191,2025-02-15,688.29,Computing,15
3687,13,943,2025-02-17,607.95,Accessories,5
3688,13,5639,2025-02-11,723.17,Mobile Accessories,5
3689,13,1403,2025-02-18,626.56,Accessories,0
3690,13,4440,2025-02-13,641.55,Home Appliances,0
3691,13,3196,2025-02-12,472.64,Mobile Accessories,15
3692,13,9007,2025-02-11,436.76,Mobile Accessories,20
3693,13,1338,2025-02-16,612.62,Mobile Accessories,5
3694,13,4771,2025-02-13,635.83,Accessories,15
3695,13,2633,2025-02-08,638.81,Mobile Accessories,0
3696,13,3585,2025-02-14,447.59,Computing,5
3697,13,6973,2025-02-13,562.65,Computing,10
3698,13,7989,2025-02-19,550.17,Computing,5
3699,13,6925,2025-02-17,726.05,Computing,5
3700,13,3432,2025-02-12,481.73,Computing,15
3701,13,9652,2025-02-14,578.66,Home Appliances,15
3702,13,4110,2025-02-13,644.32,Electronics,10
3703,13,380,2025-02-14,583.15,Accessories,0
3704,13,5684,2025-02-12,391.34,Computing,0
3705,13,6421,2025-02-17,575.63,Home Appliances,20
3706,13,1474,2025-02-11,597.45,Computing,0
3707,13,8979,2025-02-13,505.26,Mobile Accessories,0
3708,13,5110,2025-02-09,586.26,Computing,10
3709,13,7704,2025-02-14,716.0,Mobile Accessories,10
3710,13,4776,2025-02-19,444.89,Electronics,20
3711,13,5717,2025-02-17,386.17,Computing,20
3712,13,2709,2025-02-18,634.67,Electronics,0
3713,13,404,2025-02-11,653.32,Computing,15
3714,13,6710,2025-02-18,570.07,Home Appliances,0
3715,13,3389,2025-02-12,554.59,Computing,5
3716,13,4615,2025-02-14,619.38,Mobile Accessories,0
3717,13,4460,2025-02-16,461.45,Home Appliances,15
3718,13,9850,2025-02-09,690.08,Home Appliances,20
3719,13,5692,2025-02-17,538.72,Accessories,0
3720,13,4860,2025-02-18,724.62,Home Appliances,0
3721,13,644,2025-02-14,511.61,Home Appliances,15
3722,13,7687,2025-02-09,293.71,Computing,10
3723,13,2145,2025-02-15,682.86,Accessories,0
3724,13,1081,2025-02-15,519.41,Electronics,15
3725,13,792,2025-02-18,577.62,Accessories,0
3726,13,7778,2025-02-15,497.24,Computing,0
3727,13,2776,2025-02-14,584.3,Computing,5
3728,13,4245,2025-02-18,607.75,Electronics,5
3729,13,639,2025-02-10,684.62,Accessories,10
3730,13,4518,2025-02-14,700.53,Accessories,20
3731,13,4148,2025-02-13,654.9,Accessories,15
3732,13,6472,2025-02-12,610.78,Electronics,20
3733,13,6380,2025-02-18,725.35,Mobile Accessories,5
3734,13,5995,2025-02-16,730.69,Accessories,5
3735,13,1280,2025-02-16,489.94,Computing,0
3736,13,9794,2025-02-14,443.89,Accessories,0
3737,13,4537,2025-02-18,460.96,Mobile Accessories,5
3738,13,3406,2025-02-17,528.84,Computing,20
3739,13,8216,2025-02-10,471.82,Electronics,0
3740,13,5811,2025-02-14,669.33,Electronics,15
3741,13,9866,2025-02-17,652.99,Mobile Accessories,20
3742,13,3147,2025-02-13,599.79,Accessories,15
3743,13,8593,2025-02-10,537.89,Accessories,15
3744,13,458,2025-02-14,527.46,Electronics,15
3745,13,4261,2025-02-13,533.9,Home Appliances,20
3746,13,5481,2025-02-11,647.93,Home Appliances,5
3747,13,9847,2025-02-10,490.25,Mobile Accessories,0
3748,13,5605,2025-02-10,551.01,Electronics,5
3749,13,286,2025-02-08,473.41,Home Appliances,15
3750,13,8476,2025-02-11,466.21,Accessories,20
3751,13,4868,2025-02-19,535.38,Mobile Accessories,10
3752,13,4212,2025-02-16,513.37,Computing,15
3753,13,1145,2025-02-19,587.74,Electronics,15
3754,13,241,2025-02-19,602.46,Mobile Accessories,20
3755,13,6163,2025-02-09,434.9,Electronics,20
3756,13,5728,2025-02-13,606.12,Mobile Accessories,15
3757,13,4176,2025-02-14,502.52,Electronics,10
3758,13,240,2025-02-14,397.78,Mobile Accessories,0
3759,13,6652,2025-02-12,658.09,Home Appliances,20
3760,13,7714,2025-02-08,409.21,Computing,20
3761,13,7749,2025-02-08,669.77,Electronics,0
3762,13,3260,2025-02-09,504.63,Accessories,15
3763,13,7032,2025-02-13,365.34,Home Appliances,5
3764,13,5948,2025-02-19,763.39,Accessories,0
3765,13,2264,2025-02-17,536.03,Electronics,0
3766,13,9347,2025-02-13,477.4,Computing,15
3767,13,6667,2025-02-17,552.08,Computing,20
3768,13,2003,2025-02-19,532.63,Electronics,10
3769,13,2764,2025-02-15,501.62,Mobile Accessories,0
3770,13,8642,2025-02-11,666.88,Computing,20
3771,13,9206,2025-02-19,516.41,Mobile Accessories,20
3772,13,7754,2025-02-13,528.95,Electronics,20
3773,13,3665,2025-02-15,577.17,Mobile Accessories,10
3774,13,5295,2025-02-19,672.39,Mobile Accessories,20
3775,13,1217,2025-02-18,679.08,Computing,5
3776,13,3880,2025-02-16,456.03,Home Appliances,5
3777,13,508,2025-02-16,532.34,Electronics,5
3778,13,2743,2025-02-14,562.97,Electronics,10
3779,13,6703,2025-02-19,300.12,Electronics,20
3780,13,5826,2025-02-19,592.74,Electronics,5
3781,13,5689,2025-02-13,425.84,Accessories,20
3782,13,6454,2025-02-13,595.62,Computing,0
3783,13,9692,2025-02-14,585.15,Mobile Accessories,15
3784,13,7708,2025-02-10,615.99,Home Appliances,0
3785,13,28,2025-02-08,551.8,Accessories,15
3786,13,6656,2025-02-14,548.8,Computing,10
3787,13,2335,2025-02-12,458.22,Home Appliances,5
3788,13,4566,2025-02-18,524.09,Accessories,0
3789,13,8069,2025-02-11,468.68,Mobile Accessories,15
3790,13,3493,2025-02-09,373.36,Home Appliances,5
3791,13,9543,2025-02-19,631.24,Mobile Accessories,10
3792,13,6498,2025-02-13,513.75,Accessories,10
3793,13,150,2025-02-18,537.55,Mobile Accessories,0
3794,13,5969,2025-02-08,664.12,Home Appliances,5
3795,13,1035,2025-02-08,577.74,Computing,5
3796,13,4968,2025-02-10,478.5,Mobile Accessories,20
3797,13,2354,2025-02-11,408.69,Computing,0
3798,13,7113,2025-02-09,589.6,Electronics,0
3799,13,6172,2025-02-11,698.6,Computing,10
3800,13,5724,2025-02-12,627.6,Mobile Accessories,0
3801,13,2282,2025-02-13,655.76,Accessories,10
3802,13,6903,2025-02-14,464.72,Home Appliances,0
3803,13,1544,2025-02-14,610.82,Computing,20
3804,13,4758,2025-02-14,515.94,Mobile Accessories,0
3805,13,5988,2025-02-12,645.27,Accessories,10
3806,13,7379,2025-02-15,588.17,Mobile Accessories,5
3807,13,4348,2025-02-18,739.4,Accessories,20
3808,13,3033,2025-02-10,593.21,Accessories,20
3809,13,545,2025-02-09,290.98,Accessories,20
3810,13,8742,2025-02-16,440.95,Electronics,20
3811,13,3002,2025-02-15,324.15,Mobile Accessories,15
3812,13,4254,2025-02-08,460.37,Mobile Accessories,20
3813,13,2210,2025-02-17,525.63,Mobile Accessories,15
3814,13,9982,2025-02-16,504.71,Mobile Accessories,10
3815,13,1700,2025-02-17,638.7,Accessories,5
3816,13,6279,2025-02-16,488.2,Home Appliances,15
3817,13,9675,2025-02-10,396.82,Home Appliances,5
3818,13,7713,2025-02-10,572.38,Accessories,15
3819,13,8710,2025-02-19,435.06,Electronics,10
3820,13,6018,2025-02-08,479.81,Mobile Accessories,15
3821,13,3623,2025-02-08,431.7,Home Appliances,15
3822,13,267,2025-02-16,482.47,Electronics,15
3823,13,360,2025-02-08,532.54,Computing,20
3824,13,4127,2025-02-15,630.45,Computing,5
3825,13,3752,2025-02-08,752.13,Accessories,10
3826,13,8186,2025-02-09,506.05,Accessories,15
3827,13,5774,2025-02-09,405.68,Mobile Accessories,10
3828,13,6926,2025-02-17,596.72,Mobile Accessories,15
3829,13,9545,2025-02-12,469.91,Electronics,20
3830,13,910,2025-02-17,728.82,Accessories,5
3831,13,1352,2025-02-14,598.63,Home Appliances,0
3832,13,4340,2025-02-18,602.63,Accessories,15
3833,13,263,2025-02-17,550.75,Computing,5
3834,13,7705,2025-02-09,342.23,Computing,10
3835,13,1780,2025-02-09,476.11,Electronics,0
3836,13,4709,2025-02-13,650.16,Electronics,0
3837,13,8863,2025-02-18,519.19,Computing,0
3838,13,8817,2025-02-12,797.02,Electronics,0
3839,13,224,2025-02-12,606.28,Mobile Accessories,15
3840,13,5796,2025-02-11,544.8,Accessories,20
3841,13,5864,2025-02-14,573.68,Mobile Accessories,0
3842,13,9465,2025-02-11,550.11,Computing,5
3843,13,710,2025-02-09,501.91,Mobile Accessories,5
3844,13,3964,2025-02-18,532.84,Home Appliances,10
3845,13,6867,2025-02-12,583.82,Computing,20
3846,13,956,2025-02-15,446.04,Electronics,10
3847,13,7355,2025-02-15,717.21,Accessories,5
3848,14,7406,2025-03-12,1043.3,Accessories,15
3849,14,1573,2025-03-08,605.95,Mobile Accessories,0
3850,14,1564,2025-03-18,390.93,Electronics,20
3851,14,6347,2025-03-17,532.39,Mobile Accessories,10
3852,14,9905,2025-03-15,654.3,Home Appliances,10
3853,14,5252,2025-03-13,687.84,Computing,0
3854,14,2026,2025-03-08,997.56,Mobile Accessories,5
3855,14,6570,2025-03-15,401.64,Computing,0
3856,14,9863,2025-03-09,745.91,Mobile Accessories,15
3857,14,649,2025-03-08,739.5,Home Appliances,10
3858,14,1493,2025-03-18,708.95,Computing,20
3859,14,1656,2025-03-12,816.49,Computing,20
3860,14,9696,2025-03-11,802.7,Electronics,5
3861,14,3417,2025-03-06,937.31,Computing,10
3862,14,4121,2025-03-09,989.87,Computing,0
3863,14,4462,2025-03-12,798.34,Electronics,5
3864,14,405,2025-03-14,724.97,Mobile Accessories,5
3865,14,8168,2025-03-09,697.81,Home Appliances,5
3866,14,7068,2025-03-07,774.53,Accessories,20
3867,14,4770,2025-03-10,747.63,Accessories,5
3868,14,3348,2025-03-15,637.58,Electronics,10
3869,14,6824,2025-03-06,1002.38,Mobile Accessories,5
3870,14,8930,2025-03-10,768.72,Computing,5
3871,14,7209,2025-03-04,713.53,Mobile Accessories,10
3872,14,8412,2025-03-14,798.73,Accessories,0
3873,14,6196,2025-03-13,733.05,Electronics,5
3874,14,3693,2025-03-10,698.9,Home Appliances,10
3875,14,7267,2025-03-16,1115.86,Mobile Accessories,20
3876,14,5112,2025-03-04,662.74,Home Appliances,0
3877,14,4640,2025-03-19,712.74,Home Appliances,20
3878,14,5312,2025-03-16,701.68,Accessories,5
3879,14,6697,2025-03-04,613.21,Home Appliances,15
3880,14,2102,2025-03-08,744.46,Mobile Accessories,0
3881,14,5755,2025-03-06,843.93,Home Appliances,5
3882,14,9018,2025-03-13,750.76,Electronics,0
3883,14,1597,2025-03-15,703.19,Accessories,10
3884,14,91,2025-03-05,654.81,Electronics,15
3885,14,707,2025-03-04,665.3,Accessories,5
3886,14,2352,2025-03-10,770.18,Computing,0
3887,14,3698,2025-03-16,666.12,Mobile Accessories,20
3888,14,5281,2025-03-07,610.72,Computing,5
3889,14,3534,2025-03-12,1170.21,Electronics,15
3890,14,8441,2025-03-19,769.23,Electronics,0
3891,14,9254,2025-03-06,541.57,Mobile Accessories,10
3892,14,8752,2025-03-22,773.15,Mobile Accessories,5
3893,14,4685,2025-03-15,690.49,Home Appliances,5
3894,14,9822,2025-03-12,974.75,Mobile Accessories,5
3895,14,9229,2025-03-08,741.19,Mobile Accessories,5
3896,14,48,2025-03-06,493.73,Accessories,10
3897,14,2741,2025-03-05,582.33,Mobile Accessories,10
3898,14,4598,2025-03-10,754.14,Home Appliances,0
3899,14,6161,2025-03-06,776.23,Accessories,0
3900,14,696,2025-03-15,637.24,Computing,5
3901,14,9727,2025-03-11,615.38,Accessories,20
3902,14,6938,2025-03-11,631.11,Mobile Accessories,10
3903,14,6096,2025-03-15,841.3,Computing,20
3904,14,3218,2025-03-08,663.83,Accessories,10
3905,14,4454,2025-03-08,672.46,Home Appliances,0
3906,14,3619,2025-03-07,981.88,Home Appliances,10
3907,14,1670,2025-03-06,564.37,Computing,20
3908,14,5846,2025-03-05,780.52,Accessories,10
3909,14,7803,2025-03-13,662.97,Home Appliances,20
3910,14,6209,2025-03-18,955.38,Accessories,20
3911,14,430,2025-03-16,701.92,Mobile Accessories,15
3912,14,1050,2025-03-16,657.79,Home Appliances,15
3913,14,8524,2025-03-10,1043.17,Home Appliances,15
3914,14,5914,2025-03-10,674.94,Mobile Accessories,10
3915,14,2426,2025-03-10,1025.55,Electronics,0
3916,14,6532,2025-03-10,671.69,Home Appliances,0
3917,14,2619,2025-03-19,880.04,Mobile Accessories,5
3918,14,9162,2025-03-16,705.08,Home Appliances,0
3919,14,7061,2025-03-07,682.33,Electronics,15
3920,14,8609,2025-03-22,751.24,Computing,20
3921,14,7150,2025-03-21,625.92,Mobile Accessories,10
3922,14,7716,2025-03-06,663.72,Home Appliances,5
3923,14,3385,2025-03-08,804.86,Home Appliances,5
3924,14,1282,2025-03-08,558.94,Accessories,10
3925,14,1822,2025-03-15,690.64,Electronics,5
3926,14,1080,2025-03-13,796.7,Accessories,5
3927,14,1623,2025-03-10,667.62,Home Appliances,15
3928,14,8506,2025-03-21,541.32,Accessories,20
3929,14,4890,2025-03-08,596.16,Accessories,5
3930,14,9255,2025-03-19,872.27,Computing,10
3931,14,242,2025-03-10,916.92,Computing,5
3932,14,7658,2025-03-17,915.29,Electronics,20
3933,14,2381,2025-03-22,750.51,Electronics,20
3934,14,5800,2025-03-22,795.49,Accessories,10
3935,14,1608,2025-03-09,805.07,Home Appliances,10
3936,14,6216,2025-03-16,779.58,Accessories,0
3937,14,345,2025-03-20,654.32,Electronics,15
3938,14,1217,2025-03-18,633.39,Mobile Accessories,5
3939,14,8679,2025-03-09,856.48,Computing,5
3940,14,8332,2025-03-21,639.03,Accessories,10
3941,14,9000,2025-03-07,730.28,Computing,20
3942,14,8852,2025-03-11,722.47,Home Appliances,10
3943,14,4556,2025-03-11,676.17,Accessories,5
3944,14,760,2025-03-11,437.76,Mobile Accessories,5
3945,14,3660,2025-03-05,1064.73,Computing,10
3946,14,6732,2025-03-09,903.89,Home Appliances,10
3947,14,5719,2025-03-14,812.93,Accessories,20
3948,14,2529,2025-03-19,804.61,Home Appliances,15
3949,14,5728,2025-03-18,863.68,Home Appliances,20
3950,14,6899,2025-03-04,699.59,Electronics,20
3951,14,1744,2025-03-14,706.92,Electronics,10
3952,14,5397,2025-03-13,779.27,Mobile Accessories,5
3953,14,6385,2025-03-09,1016.74,Mobile Accessories,0
3954,14,4832,2025-03-08,713.04,Computing,5
3955,14,2181,2025-03-04,931.69,Mobile Accessories,15
3956,14,3573,2025-03-21,671.1,Accessories,0
3957,14,4231,2025-03-04,632.7,Accessories,0
3958,14,6720,2025-03-07,604.03,Home Appliances,0
3959,14,8806,2025-03-09,699.97,Accessories,0
3960,14,9396,2025-03-17,897.94,Mobile Accessories,0
3961,14,3232,2025-03-19,920.05,Home Appliances,5
3962,14,3813,2025-03-19,928.17,Mobile Accessories,20
3963,14,1460,2025-03-22,687.93,Mobile Accessories,0
3964,14,7556,2025-03-15,802.69,Accessories,20
3965,14,33,2025-03-16,833.99,Electronics,15
3966,14,1639,2025-03-22,752.68,Home Appliances,20
3967,14,8770,2025-03-11,620.58,Home Appliances,5
3968,14,1891,2025-03-16,814.57,Home Appliances,10
3969,14,2257,2025-03-11,884.43,Mobile Accessories,15
3970,14,205,2025-03-17,527.97,Computing,10
3971,14,8347,2025-03-18,709.36,Mobile Accessories,5
3972,14,7316,2025-03-06,699.76,Electronics,15
3973,14,4477,2025-03-12,905.46,Accessories,10
3974,14,5109,2025-03-21,841.26,Computing,5
3975,14,8385,2025-03-15,522.5,Mobile Accessories,20
3976,14,4530,2025-03-16,811.92,Home Appliances,15
3977,14,2479,2025-03-06,869.56,Computing,15
3978,14,1776,2025-03-12,990.59,Home Appliances,15
3979,14,7763,2025-03-09,780.46,Home Appliances,0
3980,14,3247,2025-03-04,699.69,Home Appliances,10
3981,14,7607,2025-03-15,846.61,Electronics,10
3982,14,4071,2025-03-12,648.97,Mobile Accessories,5
3983,14,1442,2025-03-07,756.11,Home Appliances,5
3984,14,1393,2025-03-11,823.69,Accessories,5
3985,14,1177,2025-03-12,960.86,Accessories,5
3986,14,3621,2025-03-18,726.11,Computing,5
3987,14,7484,2025-03-12,404.29,Electronics,0
3988,14,9082,2025-03-10,539.26,Computing,15
3989,14,9782,2025-03-17,961.64,Home Appliances,15
3990,14,9768,2025-03-07,525.53,Computing,15
3991,14,5986,2025-03-09,853.89,Electronics,0
3992,14,3747,2025-03-09,662.89,Mobile Accessories,5
3993,14,6949,2025-03-16,653.94,Mobile Accessories,0
3994,14,6419,2025-03-09,614.75,Mobile Accessories,20
3995,14,2376,2025-03-07,856.52,Computing,20
3996,14,8691,2025-03-19,601.57,Home Appliances,0
3997,14,98,2025-03-15,866.1,Mobile Accessories,5
3998,14,5357,2025-03-13,738.88,Electronics,5
3999,14,2307,2025-03-06,472.89,Electronics,10
4000,14,3479,2025-03-05,586.1,Accessories,20
4001,14,8199,2025-03-16,647.71,Electronics,15
4002,14,9853,2025-03-17,734.99,Home Appliances,20
4003,14,5866,2025-03-05,724.84,Computing,10
4004,14,7445,2025-03-14,818.48,Accessories,0
4005,14,2169,2025-03-12,643.75,Home Appliances,15
4006,14,8312,2025-03-13,700.85,Accessories,0
4007,14,4831,2025-03-05,928.41,Mobile Accessories,5
4008,14,2543,2025-03-11,572.43,Home Appliances,0
4009,14,7034,2025-03-06,650.73,Electronics,5
4010,14,3701,2025-03-21,625.39,Computing,0
4011,14,3852,2025-03-14,684.91,Accessories,10
4012,14,9952,2025-03-20,801.89,Computing,15
4013,14,7568,2025-03-08,441.41,Computing,5
4014,14,4037,2025-03-19,932.54,Mobile Accessories,5
4015,14,9459,2025-03-19,673.17,Mobile Accessories,5
4016,14,1800,2025-03-17,776.9,Computing,10
4017,14,5243,2025-03-08,637.78,Home Appliances,0
4018,14,2769,2025-03-11,707.73,Home Appliances,15
4019,14,920,2025-03-06,575.62,Mobile Accessories,5
4020,14,7527,2025-03-05,988.91,Accessories,20
4021,14,2712,2025-03-06,619.25,Accessories,5
4022,14,6342,2025-03-14,807.07,Computing,20
4023,14,7096,2025-03-22,971.8,Electronics,10
4024,14,5801,2025-03-15,647.3,Mobile Accessories,15
4025,14,3034,2025-03-05,952.68,Mobile Accessories,0
4026,14,951,2025-03-16,892.52,Home Appliances,5
4027,14,4370,2025-03-04,799.42,Accessories,15
4028,14,3919,2025-03-14,438.42,Accessories,0
4029,14,3178,2025-03-07,701.3,Computing,15
4030,14,8687,2025-03-21,684.34,Mobile Accessories,20
4031,14,3920,2025-03-15,735.62,Computing,10
4032,14,3456,2025-03-11,689.58,Accessories,10
4033,14,8626,2025-03-04,605.93,Mobile Accessories,0
4034,14,7199,2025-03-08,519.68,Electronics,10
4035,14,700,2025-03-11,578.12,Mobile Accessories,20
4036,14,4060,2025-03-17,473.36,Mobile Accessories,0
4037,14,4892,2025-03-18,878.25,Electronics,5
4038,14,9091,2025-03-04,824.57,Accessories,20
4039,14,2108,2025-03-22,386.23,Mobile Accessories,0
4040,14,7753,2025-03-18,653.33,Mobile Accessories,0
4041,14,8415,2025-03-07,805.09,Computing,20
4042,14,742,2025-03-07,602.19,Mobile Accessories,20
4043,14,9429,2025-03-10,542.28,Electronics,15
4044,14,4087,2025-03-22,588.47,Mobile Accessories,0
4045,14,2945,2025-03-04,653.63,Mobile Accessories,5
4046,14,4361,2025-03-18,1008.79,Home Appliances,5
4047,14,7493,2025-03-06,866.24,Home Appliances,0
4048,14,9211,2025-03-04,653.78,Home Appliances,10
4049,14,4963,2025-03-13,831.24,Mobile Accessories,20
4050,14,6226,2025-03-09,492.75,Mobile Accessories,20
4051,14,3840,2025-03-06,626.37,Computing,20
4052,14,9556,2025-03-13,568.49,Home Appliances,0
4053,14,7747,2025-03-22,779.96,Computing,5
4054,14,4240,2025-03-08,639.74,Electronics,10
4055,14,4284,2025-03-22,841.53,Accessories,0
4056,14,8205,2025-03-07,451.74,Computing,0
4057,14,8048,2025-03-10,868.6,Electronics,10
4058,14,3243,2025-03-05,755.33,Computing,10
4059,14,159,2025-03-13,638.42,Electronics,20
4060,14,1494,2025-03-05,798.1,Computing,5
4061,14,1073,2025-03-07,771.4,Home Appliances,20
4062,14,3776,2025-03-18,731.76,Accessories,20
4063,14,1014,2025-03-14,709.81,Accessories,15
4064,14,7648,2025-03-12,822.92,Accessories,15
4065,14,9547,2025-03-08,709.49,Accessories,0
4066,14,8821,2025-03-15,556.17,Computing,5
4067,14,6594,2025-03-04,645.69,Computing,15
4068,14,3311,2025-03-11,557.38,Electronics,15
4069,14,9565,2025-03-07,788.16,Computing,15
4070,14,9466,2025-03-19,629.06,Computing,10
4071,14,7119,2025-03-15,791.96,Accessories,10
4072,14,7458,2025-03-20,928.28,Home Appliances,5
4073,14,1449,2025-03-18,655.51,Computing,20
4074,14,563,2025-03-12,742.6,Computing,15
4075,14,5422,2025-03-17,591.19,Computing,0
4076,14,635,2025-03-07,720.46,Accessories,15
4077,14,728,2025-03-14,951.09,Home Appliances,0
4078,14,1196,2025-03-16,961.47,Mobile Accessories,10
4079,14,2361,2025-03-11,857.3,Mobile Accessories,20
4080,14,5442,2025-03-05,951.67,Electronics,20
4081,14,1420,2025-03-19,864.37,Computing,10
4082,14,2010,2025-03-10,736.04,Home Appliances,15
4083,14,9900,2025-03-12,720.49,Home Appliances,20
4084,14,823,2025-03-06,624.89,Home Appliances,20
4085,14,460,2025-03-12,782.87,Computing,0
4086,14,5619,2025-03-04,715.64,Electronics,5
4087,14,3023,2025-03-14,900.72,Accessories,10
4088,14,9203,2025-03-06,898.92,Accessories,5
4089,14,4545,2025-03-22,479.1,Electronics,5
4090,14,2459,2025-03-07,924.42,Accessories,15
4091,14,5334,2025-03-07,955.15,Computing,5
4092,14,1870,2025-03-04,609.23,Home Appliances,0
4093,14,1651,2025-03-16,461.89,Mobile Accessories,20
4094,14,1861,2025-03-18,781.21,Accessories,0
4095,14,5722,2025-03-07,664.42,Computing,10
4096,14,5261,2025-03-21,565.97,Accessories,0
4097,14,559,2025-03-07,698.35,Computing,5
4098,14,5900,2025-03-15,702.09,Computing,5
4099,14,3442,2025-03-08,920.27,Computing,0
4100,14,610,2025-03-07,1144.43,Mobile Accessories,0
4101,14,6100,2025-03-21,731.49,Accessories,10
4102,14,206,2025-03-17,589.32,Home Appliances,0
4103,14,5412,2025-03-04,723.83,Home Appliances,15
4104,14,7314,2025-03-07,746.72,Mobile Accessories,10
4105,14,8860,2025-03-11,960.17,Home Appliances,5
4106,14,4146,2025-03-07,596.94,Accessories,10
4107,14,384,2025-03-18,1052.66,Electronics,15
4108,14,9630,2025-03-13,514.88,Home Appliances,15
4109,14,4137,2025-03-17,751.71,Computing,20
4110,14,2739,2025-03-20,734.14,Home Appliances,15
4111,14,7500,2025-03-22,780.8,Accessories,20
4112,14,4251,2025-03-21,691.2,Mobile Accessories,20
4113,14,181,2025-03-11,872.72,Accessories,5
4114,14,9394,2025-03-07,623.49,Mobile Accessories,15
4115,14,7024,2025-03-09,601.62,Home Appliances,10
4116,14,9106,2025-03-07,592.89,Mobile Accessories,10
4117,15,7365,2025-04-21,387.94,Accessories,5
4118,15,6335,2025-04-14,591.17,Computing,5
4119,15,4866,2025-04-14,442.99,Mobile Accessories,15
4120,15,8188,2025-04-16,468.07,Home Appliances,0
4121,15,1765,2025-04-20,448.73,Home Appliances,0
4122,15,4361,2025-04-21,332.58,Accessories,10
4123,15,8034,2025-04-16,310.66,Accessories,5
4124,15,9259,2025-04-23,491.79,Home Appliances,15
4125,15,6331,2025-04-24,510.31,Accessories,10
4126,15,2140,2025-04-22,430.22,Home Appliances,10
4127,15,4811,2025-04-14,374.74,Mobile Accessories,10
4128,15,8485,2025-04-14,422.51,Home Appliances,10
4129,15,2466,2025-04-24,293.65,Computing,0
4130,15,5069,2025-04-21,456.53,Accessories,10
4131,15,2082,2025-04-21,404.85,Mobile Accessories,10
4132,15,2882,2025-04-20,551.24,Accessories,15
4133,15,2187,2025-04-19,461.56,Home Appliances,20
4134,15,8981,2025-04-17,379.76,Electronics,15
4135,15,1678,2025-04-14,374.82,Computing,0
4136,15,616,2025-04-23,409.86,Mobile Accessories,15
4137,15,7797,2025-04-14,526.58,Electronics,5
4138,15,3361,2025-04-22,387.28,Mobile Accessories,10
4139,15,8280,2025-04-14,331.2,Computing,20
4140,15,5465,2025-04-21,334.83,Home Appliances,5
4141,15,4746,2025-04-24,426.41,Electronics,0
4142,15,9531,2025-04-19,489.63,Accessories,15
4143,15,9326,2025-04-18,619.61,Accessories,5
4144,15,3413,2025-04-21,487.89,Home Appliances,0
4145,15,1769,2025-04-14,433.86,Mobile Accessories,5
4146,15,1638,2025-04-14,414.54,Home Appliances,20
4147,15,7107,2025-04-23,492.77,Computing,20
4148,15,7341,2025-04-21,423.22,Electronics,10
4149,15,7275,2025-04-19,475.29,Computing,0
4150,15,6231,2025-04-22,469.46,Electronics,15
4151,15,5016,2025-04-21,674.57,Electronics,5
4152,15,3988,2025-04-23,415.7,Mobile Accessories,0
4153,15,8615,2025-04-19,516.4,Computing,10
4154,15,7407,2025-04-23,427.38,Electronics,10
4155,15,3522,2025-04-16,495.45,Home Appliances,20
4156,15,7961,2025-04-22,445.67,Computing,10
4157,15,4989,2025-04-19,280.09,Electronics,0
4158,15,140,2025-04-15,315.79,Mobile Accessories,5
4159,15,8032,2025-04-23,334.14,Accessories,20
4160,15,2510,2025-04-22,372.6,Accessories,15
4161,15,5937,2025-04-18,604.44,Home Appliances,20
4162,15,3853,2025-04-19,545.18,Computing,5
4163,15,7976,2025-04-19,466.74,Electronics,5
4164,15,2648,2025-04-18,552.39,Electronics,5
4165,15,944,2025-04-23,586.12,Accessories,10
4166,15,9507,2025-04-22,621.71,Home Appliances,5
4167,15,1342,2025-04-18,261.07,Mobile Accessories,0
4168,15,1664,2025-04-21,385.35,Computing,15
4169,15,8697,2025-04-22,375.01,Electronics,15
4170,15,83,2025-04-13,239.98,Accessories,5
4171,15,6867,2025-04-18,493.75,Accessories,5
4172,15,6193,2025-04-23,468.02,Accessories,5
4173,15,8151,2025-04-16,369.38,Accessories,10
4174,15,975,2025-04-23,326.99,Accessories,10
4175,15,7175,2025-04-22,410.57,Mobile Accessories,0
4176,15,8785,2025-04-23,585.25,Mobile Accessories,5
4177,15,1760,2025-04-23,469.4,Accessories,20
4178,15,2740,2025-04-20,424.57,Electronics,20
4179,15,2406,2025-04-24,477.77,Mobile Accessories,10
4180,15,5893,2025-04-20,447.7,Home Appliances,5
4181,15,3123,2025-04-20,550.55,Accessories,10
4182,15,1041,2025-04-14,230.09,Computing,10
4183,15,8361,2025-04-13,393.61,Home Appliances,20
4184,15,5967,2025-04-16,520.17,Home Appliances,15
4185,15,9863,2025-04-15,372.63,Mobile Accessories,5
4186,15,6921,2025-04-19,629.18,Mobile Accessories,20
4187,15,5769,2025-04-19,590.04,Computing,5
4188,15,3066,2025-04-21,443.31,Electronics,20
4189,15,5130,2025-04-16,338.75,Home Appliances,20
4190,15,6783,2025-04-23,472.75,Computing,10
4191,15,9566,2025-04-22,496.93,Accessories,10
4192,15,8260,2025-04-15,402.36,Electronics,0
4193,15,2814,2025-04-21,459.31,Home Appliances,10
4194,15,4253,2025-04-15,549.18,Mobile Accessories,5
4195,15,9276,2025-04-24,551.13,Mobile Accessories,5
4196,15,3098,2025-04-18,523.43,Home Appliances,0
4197,15,2785,2025-04-18,473.5,Electronics,10
4198,15,2687,2025-04-16,359.87,Computing,10
4199,15,5750,2025-04-19,376.85,Computing,0
4200,15,7706,2025-04-14,499.35,Home Appliances,15
4201,15,6454,2025-04-19,371.77,Mobile Accessories,15
4202,15,8812,2025-04-22,390.78,Home Appliances,10
4203,15,4284,2025-04-23,457.07,Electronics,0
4204,15,902,2025-04-21,435.28,Computing,0
4205,15,1540,2025-04-15,462.13,Electronics,10
4206,15,1601,2025-04-19,530.03,Mobile Accessories,10
4207,15,9954,2025-04-14,338.84,Computing,5
4208,15,1011,2025-04-18,571.55,Computing,0
4209,15,4579,2025-04-16,618.92,Electronics,0
4210,15,1238,2025-04-17,427.8,Electronics,0
4211,15,4724,2025-04-13,608.39,Home Appliances,5
4212,15,3608,2025-04-18,386.8,Accessories,5
4213,15,9185,2025-04-18,443.38,Computing,20
4214,15,7595,2025-04-13,587.49,Mobile Accessories,15
4215,15,5736,2025-04-21,341.56,Electronics,5
4216,15,6568,2025-04-23,468.41,Electronics,0
4217,15,4685,2025-04-17,483.76,Computing,15
4218,15,9732,2025-04-18,359.82,Home Appliances,0
4219,15,2861,2025-04-20,289.4,Computing,10
4220,15,3232,2025-04-22,451.89,Mobile Accessories,10
4221,15,4674,2025-04-14,494.99,Mobile Accessories,0
4222,15,192,2025-04-23,479.49,Accessories,20
4223,15,6284,2025-04-16,477.77,Mobile Accessories,0
4224,15,8984,2025-04-17,359.04,Mobile Accessories,15
4225,15,532,2025-04-21,476.44,Computing,0
4226,15,3226,2025-04-22,297.17,Electronics,20
4227,15,5952,2025-04-22,483.94,Mobile Accessories,20
4228,15,3898,2025-04-14,533.07,Electronics,10
4229,15,4095,2025-04-24,505.66,Computing,15
4230,15,1708,2025-04-18,302.89,Computing,15
4231,15,8879,2025-04-24,357.2,Computing,0
4232,15,8693,2025-04-21,486.59,Mobile Accessories,20
4233,15,649,2025-04-23,420.81,Computing,15
4234,15,7854,2025-04-19,425.27,Mobile Accessories,0
4235,15,1105,2025-04-18,365.57,Computing,5
4236,15,2360,2025-04-18,361.0,Mobile Accessories,5
4237,15,7887,2025-04-22,399.11,Accessories,5
4238,15,7272,2025-04-14,453.75,Computing,15
4239,15,320,2025-04-14,342.51,Computing,0
4240,15,148,2025-04-15,439.7,Electronics,20
4241,15,8669,2025-04-19,326.69,Mobile Accessories,15
4242,15,8826,2025-04-24,364.72,Mobile Accessories,10
4243,15,8171,2025-04-15,358.72,Mobile Accessories,5
4244,15,29,2025-04-18,447.61,Mobile Accessories,10
4245,15,4722,2025-04-14,351.56,Home Appliances,10
4246,15,9814,2025-04-22,536.24,Home Appliances,0
4247,15,7269,2025-04-22,327.73,Home Appliances,15
4248,15,6541,2025-04-23,416.8,Accessories,0
4249,15,7972,2025-04-22,436.38,Computing,5
4250,15,834,2025-04-16,458.19,Mobile Accessories,15
4251,15,3912,2025-04-13,392.62,Electronics,20
4252,15,5654,2025-04-21,446.38,Electronics,10
4253,15,8460,2025-04-20,382.96,Electronics,10
4254,15,9191,2025-04-16,451.93,Electronics,0
4255,15,6245,2025-04-20,304.68,Accessories,20
4256,15,6881,2025-04-24,429.97,Home Appliances,5
4257,15,8537,2025-04-22,522.13,Computing,10
4258,15,6718,2025-04-22,335.96,Computing,15
4259,15,6169,2025-04-21,401.66,Computing,5
4260,15,896,2025-04-22,276.3,Computing,10
4261,15,2135,2025-04-16,467.62,Computing,10
4262,15,1184,2025-04-13,442.37,Computing,20
4263,15,9332,2025-04-23,409.38,Electronics,15
4264,15,527,2025-04-20,291.62,Accessories,10
4265,15,8579,2025-04-16,260.48,Mobile Accessories,10
4266,15,4588,2025-04-23,492.38,Home Appliances,0
4267,15,6046,2025-04-18,570.38,Electronics,15
4268,15,8419,2025-04-16,423.16,Computing,10
4269,15,1825,2025-04-13,481.24,Home Appliances,20
4270,15,8963,2025-04-24,382.01,Home Appliances,0
4271,15,848,2025-04-18,474.9,Mobile Accessories,0
4272,15,6372,2025-04-22,467.37,Computing,20
4273,15,9953,2025-04-22,373.96,Computing,20
4274,15,6769,2025-04-22,397.4,Home Appliances,20
4275,15,2828,2025-04-22,343.41,Electronics,15
4276,15,7899,2025-04-13,459.24,Home Appliances,0
4277,15,5038,2025-04-19,433.9,Accessories,0
4278,15,7455,2025-04-18,376.48,Electronics,20
4279,15,5803,2025-04-16,532.25,Electronics,5
4280,15,6637,2025-04-24,367.83,Computing,0
4281,15,968,2025-04-20,524.0,Electronics,15
4282,15,4936,2025-04-21,503.49,Home Appliances,15
4283,15,2533,2025-04-19,451.69,Mobile Accessories,5
4284,15,4743,2025-04-16,436.7,Electronics,10
4285,15,7364,2025-04-19,400.74,Electronics,10
4286,15,4925,2025-04-14,468.69,Electronics,5
4287,15,9660,2025-04-21,641.94,Home Appliances,20
4288,15,3619,2025-04-20,448.84,Home Appliances,10
4289,15,4569,2025-04-20,423.04,Computing,10
4290,15,3172,2025-04-16,382.92,Computing,0
4291,15,5522,2025-04-17,364.73,Mobile Accessories,0
4292,15,6758,2025-04-14,309.95,Electronics,15
4293,15,7058,2025-04-22,398.17,Computing,0
4294,15,713,2025-04-16,439.61,Computing,5
4295,15,9033,2025-04-19,416.02,Accessories,15
4296,15,2,2025-04-16,479.13,Accessories,20
4297,15,7289,2025-04-16,421.94,Electronics,15
4298,15,5883,2025-04-17,326.84,Electronics,5
4299,15,4517,2025-04-21,429.38,Computing,10
4300,15,9843,2025-04-24,519.54,Home Appliances,20
4301,15,1723,2025-04-21,361.52,Electronics,5
4302,15,3016,2025-04-17,360.94,Home Appliances,20
4303,15,2960,2025-04-16,399.1,Mobile Accessories,0
4304,15,34,2025-04-24,395.34,Home Appliances,10
4305,15,2968,2025-04-22,427.78,Electronics,20
4306,15,458,2025-04-16,404.84,Mobile Accessories,20
4307,15,4806,2025-04-20,393.94,Accessories,20
4308,15,5950,2025-04-24,503.66,Home Appliances,15
4309,15,2622,2025-04-22,352.34,Mobile Accessories,0
4310,15,6302,2025-04-19,443.03,Computing,10
4311,15,6672,2025-04-22,323.7,Computing,10
4312,15,3933,2025-04-20,457.15,Home Appliances,15
4313,15,5201,2025-04-18,444.99,Computing,15
4314,15,8084,2025-04-21,458.71,Home Appliances,5
4315,15,5417,2025-04-19,488.28,Mobile Accessories,15
4316,15,2209,2025-04-17,332.92,Accessories,15
4317,15,4848,2025-04-17,321.46,Accessories,20
4318,15,9450,2025-04-16,369.35,Home Appliances,5
4319,15,2256,2025-04-16,583.15,Electronics,20
4320,15,174,2025-04-24,464.6,Electronics,0
4321,15,6888,2025-04-19,615.33,Electronics,10
4322,15,1934,2025-04-16,526.12,Computing,5
4323,15,5240,2025-04-17,367.22,Electronics,15
4324,15,6422,2025-04-13,502.15,Accessories,0
4325,15,6400,2025-04-21,462.47,Mobile Accessories,15
4326,15,5131,2025-04-22,484.86,Home Appliances,15
4327,15,8009,2025-04-23,462.44,Accessories,15
4328,15,716,2025-04-18,421.99,Home Appliances,15
4329,15,1872,2025-04-18,495.84,Electronics,20
4330,15,3947,2025-04-14,273.94,Electronics,10
4331,15,7847,2025-04-23,477.14,Home Appliances,20
4332,15,3851,2025-04-22,455.89,Home Appliances,20
4333,15,2366,2025-04-18,395.12,Home Appliances,10
4334,15,9889,2025-04-17,259.0,Computing,5
4335,15,7117,2025-04-22,561.02,Electronics,10
4336,15,5018,2025-04-14,580.07,Computing,15
4337,15,5809,2025-04-16,503.15,Computing,5
4338,15,3874,2025-04-14,372.59,Electronics,5
4339,15,7869,2025-04-16,456.69,Electronics,15
4340,15,245,2025-04-21,506.69,Electronics,5
4341,15,8050,2025-04-13,425.02,Computing,5
4342,15,4613,2025-04-20,487.23,Computing,15
4343,15,9892,2025-04-22,477.84,Mobile Accessories,20
4344,15,8627,2025-04-22,298.13,Mobile Accessories,5
4345,15,5945,2025-04-17,307.87,Mobile Accessories,5
4346,15,1288,2025-04-24,318.17,Home Appliances,0
4347,15,7742,2025-04-19,252.61,Electronics,20
4348,15,3758,2025-04-16,470.83,Electronics,10
4349,15,6748,2025-04-24,453.48,Home Appliances,10
4350,15,9640,2025-04-17,469.44,Home Appliances,5
4351,15,4918,2025-04-20,521.52,Electronics,0
4352,15,7675,2025-04-13,611.8,Electronics,15
4353,15,4978,2025-04-21,443.72,Electronics,5
4354,15,1658,2025-04-15,449.15,Mobile Accessories,15
4355,15,293,2025-04-15,385.76,Computing,10
4356,15,3861,2025-04-13,339.87,Mobile Accessories,0
4357,15,4369,2025-04-21,541.32,Accessories,5
4358,15,2180,2025-04-24,348.14,Mobile Accessories,10
4359,15,2318,2025-04-16,277.06,Mobile Accessories,5
4360,15,4709,2025-04-19,487.58,Computing,5
4361,15,99,2025-04-24,640.77,Home Appliances,5
4362,15,173,2025-04-16,429.95,Mobile Accessories,20
4363,15,9602,2025-04-19,473.33,Electronics,20
4364,15,3231,2025-04-18,397.43,Accessories,0
4365,15,9437,2025-04-13,329.59,Computing,0
4366,15,1270,2025-04-15,506.79,Home Appliances,15
4367,15,3817,2025-04-16,459.4,Computing,0
4368,15,1606,2025-04-18,428.56,Electronics,20
4369,15,8903,2025-04-23,544.52,Accessories,5
4370,15,3774,2025-04-14,372.78,Mobile Accessories,20
4371,15,2635,2025-04-14,247.75,Mobile Accessories,0
4372,15,4780,2025-04-14,492.48,Electronics,20
4373,15,2996,2025-04-21,417.55,Mobile Accessories,20
4374,15,1824,2025-04-14,402.42,Electronics,20
4375,15,9157,2025-04-16,508.48,Mobile Accessories,15
4376,15,4280,2025-04-24,423.32,Electronics,15
4377,15,1652,2025-04-19,427.69,Home Appliances,20
4378,15,3617,2025-04-24,435.03,Accessories,0
4379,15,2696,2025-04-15,359.92,Electronics,15
4380,15,3105,2025-04-16,485.58,Home Appliances,20
4381,15,1709,2025-04-19,207.81,Mobile Accessories,20
4382,15,6534,2025-04-17,533.19,Accessories,20
4383,15,9313,2025-04-17,491.04,Accessories,10
4384,15,7276,2025-04-20,476.09,Home Appliances,20
4385,15,4136,2025-04-23,544.32,Home Appliances,10
4386,15,2848,2025-04-17,462.17,Electronics,20
4387,15,1240,2025-04-19,492.33,Home Appliances,0
4388,15,3994,2025-04-15,551.22,Home Appliances,20
4389,15,8298,2025-04-19,424.98,Accessories,20
4390,15,2615,2025-04-20,409.71,Mobile Accessories,10
4391,15,6426,2025-04-22,432.42,Computing,5
4392,15,6037,2025-04-23,429.76,Electronics,0
4393,15,9365,2025-04-18,507.97,Mobile Accessories,5
4394,15,6073,2025-04-13,540.87,Home Appliances,10
4395,15,7601,2025-04-22,407.73,Home Appliances,5
4396,15,8927,2025-04-18,425.84,Accessories,10
4397,15,1560,2025-04-14,460.8,Mobile Accessories,0
4398,15,8008,2025-04-15,419.81,Home Appliances,5
4399,15,1847,2025-04-19,518.66,Accessories,0
4400,15,7903,2025-04-22,402.75,Electronics,20
4401,15,2076,2025-04-22,371.07,Electronics,5
4402,15,5373,2025-04-21,416.86,Mobile Accessories,5
4403,15,832,2025-04-18,436.59,Electronics,15
4404,15,3206,2025-04-19,359.98,Home Appliances,10
4405,15,4144,2025-04-17,356.22,Computing,20
4406,15,523,2025-04-19,428.88,Accessories,10
4407,15,9126,2025-04-21,493.4,Computing,5
4408,15,1451,2025-04-19,309.01,Accessories,5
4409,15,3017,2025-04-22,536.72,Computing,5
4410,15,1559,2025-04-20,405.0,Electronics,0
4411,15,3510,2025-04-17,452.69,Home Appliances,5
4412,15,4535,2025-04-20,317.68,Mobile Accessories,10
4413,15,8086,2025-04-15,366.5,Computing,20
4414,15,6268,2025-04-13,327.84,Mobile Accessories,0
4415,15,815,2025-04-16,344.31,Accessories,0
4416,15,1574,2025-04-23,423.01,Computing,10
4417,15,3820,2025-04-13,181.25,Computing,0
4418,15,7611,2025-04-13,449.83,Mobile Accessories,5
4419,15,270,2025-04-20,457.52,Computing,20
4420,15,6789,2025-04-17,575.25,Home Appliances,15
4421,15,615,2025-04-14,367.76,Computing,20
4422,15,8293,2025-04-17,430.57,Computing,10
4423,15,2647,2025-04-17,301.85,Accessories,0
4424,15,4181,2025-04-18,365.88,Computing,5
4425,15,8774,2025-04-17,449.1,Electronics,20
4426,15,1562,2025-04-17,526.09,Accessories,0
4427,15,1669,2025-04-23,394.22,Accessories,20
4428,15,813,2025-04-23,626.75,Mobile Accessories,0
4429,15,6145,2025-04-15,468.2,Computing,20
4430,15,494,2025-04-15,392.51,Electronics,0
4431,15,2697,2025-04-14,457.36,Electronics,15
4432,15,962,2025-04-21,288.07,Home Appliances,10
4433,15,7284,2025-04-23,381.42,Mobile Accessories,20
4434,15,3739,2025-04-18,475.97,Mobile Accessories,5
4435,15,8245,2025-04-17,272.37,Home Appliances,20
4436,15,205,2025-04-16,373.39,Home Appliances,0
4437,15,3144,2025-04-20,330.04,Mobile Accessories,0
4438,15,8278,2025-04-17,358.61,Accessories,0
4439,15,2704,2025-04-17,558.44,Home Appliances,20
4440,15,2689,2025-04-15,531.88,Electronics,15
4441,15,5627,2025-04-15,441.19,Accessories,15
4442,15,1935,2025-04-18,294.35,Home Appliances,10
4443,15,4165,2025-04-15,499.09,Computing,15
4444,15,9630,2025-04-18,416.95,Home Appliances,20
4445,15,4303,2025-04-20,617.93,Home Appliances,5
4446,15,1408,2025-04-22,425.85,Electronics,5
4447,15,719,2025-04-16,283.29,Mobile Accessories,10
4448,15,9346,2025-04-13,427.07,Home Appliances,15
4449,15,3149,2025-04-22,515.18,Home Appliances,20
4450,15,4544,2025-04-19,471.78,Computing,10
4451,15,9415,2025-04-18,402.78,Mobile Accessories,0
4452,15,5094,2025-04-15,525.47,Accessories,10
4453,15,5958,2025-04-17,498.56,Accessories,0
4454,15,2732,2025-04-16,552.33,Mobile Accessories,20
4455,15,4824,2025-04-13,401.39,Accessories,0
4456,15,5333,2025-04-18,496.75,Mobile Accessories,20
4457,15,8701,2025-04-14,407.16,Electronics,0
4458,15,1398,2025-04-21,582.1,Accessories,10
4459,15,9202,2025-04-21,376.77,Computing,20
4460,15,7061,2025-04-15,430.23,Electronics,15
4461,15,5149,2025-04-21,502.64,Mobile Accessories,0
4462,15,8430,2025-04-19,250.85,Mobile Accessories,0
4463,15,5649,2025-04-23,237.42,Electronics,5
4464,15,8839,2025-04-13,413.24,Home Appliances,10
4465,15,9360,2025-04-15,481.5,Accessories,0
4466,15,2025,2025-04-13,448.24,Electronics,5
4467,15,2935,2025-04-16,314.22,Computing,10
4468,16,3167,2025-06-16,519.4,Electronics,20
4469,16,7938,2025-06-17,432.74,Mobile Accessories,0
4470,16,653,2025-06-07,564.31,Mobile Accessories,15
4471,16,9328,2025-06-17,496.58,Computing,20
4472,16,1912,2025-06-06,167.98,Computing,5
4473,16,3989,2025-06-17,649.51,Mobile Accessories,20
4474,16,4187,2025-06-05,504.69,Accessories,20
4475,16,7198,2025-06-12,492.18,Electronics,0
4476,16,1669,2025-06-17,513.98,Accessories,5
4477,16,2005,2025-06-18,503.52,Electronics,5
4478,16,22,2025-06-13,525.7,Computing,10
4479,16,6240,2025-06-09,537.38,Computing,0
4480,16,7291,2025-06-04,512.24,Accessories,5
4481,16,4251,2025-06-08,709.95,Computing,10
4482,16,3000,2025-06-13,415.48,Computing,15
4483,16,3324,2025-06-15,519.61,Mobile Accessories,0
4484,16,1985,2025-06-09,579.04,Computing,10
4485,16,586,2025-06-10,481.33,Accessories,5
4486,16,1415,2025-06-12,423.18,Electronics,5
4487,16,9731,2025-06-05,500.55,Mobile Accessories,5
4488,16,5413,2025-06-18,580.31,Electronics,5
4489,16,6838,2025-06-10,489.55,Electronics,10
4490,16,8074,2025-06-09,316.17,Home Appliances,5
4491,16,9846,2025-06-13,413.67,Accessories,5
4492,16,3490,2025-06-16,566.87,Mobile Accessories,15
4493,16,7806,2025-06-15,427.47,Electronics,10
4494,16,3452,2025-06-04,547.25,Mobile Accessories,0
4495,16,1330,2025-06-10,681.51,Computing,10
4496,16,9135,2025-06-16,504.43,Accessories,5
4497,16,5697,2025-06-16,514.81,Electronics,0
4498,16,5352,2025-06-04,220.07,Electronics,10
4499,16,5279,2025-06-17,442.29,Computing,5
4500,16,8656,2025-06-17,696.64,Accessories,20
4501,16,4234,2025-06-19,765.16,Accessories,20
4502,16,9877,2025-06-13,530.3,Computing,10
4503,16,6485,2025-06-08,430.3,Home Appliances,20
4504,16,8927,2025-06-14,522.94,Mobile Accessories,5
4505,16,3541,2025-06-08,543.34,Electronics,20
4506,16,3982,2025-06-15,553.19,Electronics,0
4507,16,5070,2025-06-18,563.61,Electronics,10
4508,16,929,2025-06-16,502.72,Computing,20
4509,16,2185,2025-06-06,590.88,Accessories,0
4510,16,9789,2025-06-17,502.71,Computing,15
4511,16,2796,2025-06-08,727.18,Mobile Accessories,20
4512,16,6439,2025-06-04,415.57,Mobile Accessories,15
4513,16,4653,2025-06-21,419.74,Accessories,10
4514,16,7435,2025-06-09,393.23,Home Appliances,20
4515,16,4608,2025-06-16,414.74,Accessories,10
4516,16,2251,2025-06-04,464.08,Electronics,5
4517,16,1169,2025-06-21,538.79,Electronics,10
4518,16,6352,2025-06-18,371.44,Home Appliances,10
4519,16,4624,2025-06-13,539.85,Accessories,5
4520,16,3566,2025-06-10,471.52,Home Appliances,20
4521,16,5298,2025-06-06,466.17,Mobile Accessories,0
4522,16,3387,2025-06-06,506.59,Home Appliances,5
4523,16,6831,2025-06-06,416.14,Computing,15
4524,16,5360,2025-06-21,568.14,Computing,5
4525,16,6738,2025-06-06,422.06,Home Appliances,5
4526,16,1715,2025-06-16,343.15,Computing,10
4527,16,8959,2025-06-12,567.54,Accessories,20
4528,16,9019,2025-06-04,497.9,Computing,0
4529,16,3763,2025-06-21,492.77,Electronics,5
4530,16,3825,2025-06-19,546.52,Mobile Accessories,5
4531,16,1374,2025-06-04,444.14,Home Appliances,0
4532,16,6277,2025-06-16,348.13,Mobile Accessories,20
4533,16,6901,2025-06-21,567.89,Computing,0
4534,16,6076,2025-06-20,316.77,Mobile Accessories,0
4535,16,2661,2025-06-12,602.47,Computing,10
4536,16,5031,2025-06-15,475.0,Electronics,5
4537,16,1540,2025-06-18,651.34,Electronics,10
4538,16,9961,2025-06-04,517.72,Mobile Accessories,0
4539,16,6230,2025-06-18,539.3,Mobile Accessories,20
4540,16,8433,2025-06-19,684.34,Accessories,10
4541,16,5190,2025-06-11,660.78,Accessories,15
4542,16,4148,2025-06-20,395.48,Electronics,20
4543,16,9334,2025-06-19,498.64,Home Appliances,0
4544,16,1065,2025-06-13,682.24,Electronics,5
4545,16,9967,2025-06-13,636.93,Computing,10
4546,16,1282,2025-06-06,506.1,Mobile Accessories,0
4547,16,7057,2025-06-14,351.22,Mobile Accessories,5
4548,16,2969,2025-06-19,533.96,Home Appliances,0
4549,16,308,2025-06-09,388.88,Home Appliances,0
4550,16,8452,2025-06-04,439.09,Home Appliances,20
4551,16,43,2025-06-09,518.13,Home Appliances,5
4552,16,1105,2025-06-16,492.08,Home Appliances,10
4553,16,9121,2025-06-16,517.96,Electronics,10
4554,16,4171,2025-06-04,566.95,Electronics,15
4555,16,4244,2025-06-16,459.34,Accessories,15
4556,16,733,2025-06-17,536.4,Accessories,15
4557,16,6088,2025-06-07,479.54,Mobile Accessories,15
4558,16,7583,2025-06-11,530.35,Electronics,5
4559,16,7257,2025-06-21,598.52,Computing,10
4560,16,1,2025-06-11,587.71,Electronics,10
4561,16,2711,2025-06-10,545.05,Computing,0
4562,16,4174,2025-06-13,614.89,Computing,0
4563,16,7486,2025-06-19,426.14,Accessories,5
4564,16,9267,2025-06-09,525.02,Home Appliances,15
4565,16,9533,2025-06-07,493.79,Computing,15
4566,16,1150,2025-06-13,766.5,Mobile Accessories,0
4567,16,5702,2025-06-07,289.76,Accessories,0
4568,16,5678,2025-06-17,545.6,Electronics,20
4569,16,4783,2025-06-14,741.71,Computing,10
4570,16,6353,2025-06-15,568.86,Accessories,5
4571,16,986,2025-06-06,530.8,Mobile Accessories,10
4572,16,616,2025-06-07,509.61,Home Appliances,5
4573,16,4773,2025-06-16,251.46,Accessories,10
4574,16,6358,2025-06-06,671.26,Mobile Accessories,20
4575,16,4216,2025-06-06,647.47,Home Appliances,15
4576,16,5633,2025-06-11,603.55,Electronics,10
4577,16,9608,2025-06-11,599.6,Computing,10
4578,16,747,2025-06-14,740.75,Electronics,10
4579,16,613,2025-06-08,556.45,Electronics,15
4580,16,8757,2025-06-06,510.67,Computing,15
4581,16,469,2025-06-06,566.97,Accessories,0
4582,16,9516,2025-06-21,513.26,Mobile Accessories,0
4583,16,6723,2025-06-16,585.07,Mobile Accessories,15
4584,16,6964,2025-06-08,539.33,Computing,10
4585,16,1118,2025-06-19,611.29,Home Appliances,0
4586,16,9562,2025-06-20,549.97,Home Appliances,0
4587,16,2310,2025-06-07,619.34,Home Appliances,20
4588,16,3500,2025-06-14,673.64,Accessories,20
4589,16,4163,2025-06-19,473.01,Computing,10
4590,16,7700,2025-06-13,636.45,Accessories,15
4591,16,7828,2025-06-21,626.76,Accessories,15
4592,16,3061,2025-06-10,492.29,Electronics,5
4593,16,582,2025-06-19,456.53,Home Appliances,15
4594,16,1387,2025-06-14,770.17,Electronics,15
4595,16,7741,2025-06-12,490.75,Mobile Accessories,20
4596,16,2291,2025-06-08,528.85,Computing,10
4597,16,2321,2025-06-18,397.94,Electronics,10
4598,16,8981,2025-06-14,574.21,Accessories,15
4599,16,6282,2025-06-17,650.52,Accessories,20
4600,16,1948,2025-06-05,570.97,Electronics,15
4601,16,6707,2025-06-18,486.33,Electronics,10
4602,16,8350,2025-06-07,414.89,Computing,15
4603,16,4363,2025-06-08,420.86,Accessories,20
4604,16,8326,2025-06-17,546.03,Accessories,0
4605,16,9275,2025-06-14,365.96,Accessories,5
4606,16,4324,2025-06-17,619.99,Electronics,20
4607,16,8418,2025-06-14,505.57,Electronics,5
4608,16,7370,2025-06-09,411.66,Electronics,10
4609,16,3457,2025-06-13,559.9,Accessories,20
4610,16,7755,2025-06-17,461.12,Accessories,20
4611,16,662,2025-06-19,375.48,Home Appliances,5
4612,16,9641,2025-06-06,486.08,Accessories,20
4613,16,2995,2025-06-12,596.93,Electronics,5
4614,16,7545,2025-06-17,640.47,Accessories,0
4615,16,6102,2025-06-14,531.57,Computing,20
4616,16,7415,2025-06-20,507.06,Home Appliances,20
4617,16,7453,2025-06-20,608.64,Mobile Accessories,20
4618,16,9081,2025-06-16,573.39,Accessories,10
4619,16,2829,2025-06-09,523.57,Computing,15
4620,16,3736,2025-06-07,564.84,Home Appliances,10
4621,16,9402,2025-06-08,478.08,Computing,20
4622,16,4362,2025-06-20,641.6,Accessories,0
4623,16,246,2025-06-19,545.04,Electronics,5
4624,16,1934,2025-06-18,577.28,Home Appliances,0
4625,16,3084,2025-06-20,513.85,Home Appliances,5
4626,16,7779,2025-06-05,557.04,Mobile Accessories,15
4627,16,2616,2025-06-12,517.41,Electronics,10
4628,16,4858,2025-06-13,670.32,Computing,10
4629,16,9540,2025-06-06,385.86,Accessories,5
4630,16,7359,2025-06-20,500.12,Mobile Accessories,15
4631,16,3810,2025-06-12,560.77,Computing,10
4632,17,8849,2025-07-27,628.02,Computing,10
4633,17,4558,2025-07-27,789.49,Mobile Accessories,15
4634,17,5959,2025-08-05,701.49,Mobile Accessories,15
4635,17,3938,2025-07-24,973.19,Mobile Accessories,20
4636,17,3619,2025-07-31,539.01,Home Appliances,20
4637,17,5368,2025-07-24,673.78,Electronics,0
4638,17,2345,2025-08-02,593.86,Home Appliances,10
4639,17,5402,2025-07-28,731.62,Mobile Accessories,0
4640,17,633,2025-07-23,969.91,Mobile Accessories,10
4641,17,5102,2025-08-03,594.05,Electronics,15
4642,17,3700,2025-08-01,699.96,Accessories,5
4643,17,4216,2025-07-20,956.93,Home Appliances,15
4644,17,6797,2025-07-28,664.65,Electronics,5
4645,17,7542,2025-07-29,708.43,Computing,20
4646,17,6215,2025-07-18,791.77,Electronics,5
4647,17,6712,2025-07-22,693.97,Accessories,10
4648,17,6270,2025-07-21,883.73,Electronics,20
4649,17,851,2025-07-18,960.98,Accessories,5
4650,17,9194,2025-08-02,781.25,Computing,10
4651,17,8360,2025-07-27,1070.24,Home Appliances,20
4652,17,3905,2025-07-28,902.83,Electronics,20
4653,17,3926,2025-07-24,848.27,Accessories,10
4654,17,6117,2025-07-29,794.11,Electronics,10
4655,17,6099,2025-07-22,847.08,Accessories,20
4656,17,9852,2025-07-18,688.02,Electronics,10
4657,17,6898,2025-08-04,749.72,Accessories,10
4658,17,9542,2025-07-18,636.01,Mobile Accessories,15
4659,17,970,2025-07-21,646.01,Mobile Accessories,5
4660,17,9770,2025-07-24,865.18,Computing,20
4661,17,3667,2025-07-20,779.35,Accessories,15
4662,17,3139,2025-08-03,916.73,Accessories,0
4663,17,4569,2025-07-30,762.67,Mobile Accessories,15
4664,17,927,2025-07-25,675.61,Electronics,10
4665,17,2422,2025-07-20,618.86,Computing,0
4666,17,4767,2025-07-21,729.95,Home Appliances,10
4667,17,8501,2025-08-04,761.57,Electronics,20
4668,17,8913,2025-07-21,826.06,Computing,5
4669,17,3675,2025-07-31,812.07,Electronics,0
4670,17,8765,2025-07-24,782.17,Accessories,5
4671,17,2104,2025-08-01,678.09,Electronics,20
4672,17,1777,2025-07-24,945.0,Mobile Accessories,5
4673,17,1416,2025-08-04,753.29,Home Appliances,15
4674,17,7134,2025-08-02,777.53,Electronics,5
4675,17,5211,2025-07-19,906.37,Home Appliances,15
4676,17,9722,2025-07-22,969.24,Computing,5
4677,17,5861,2025-07-21,740.12,Computing,20
4678,17,1703,2025-08-05,670.61,Computing,10
4679,17,1195,2025-08-03,881.89,Electronics,15
4680,17,9323,2025-07-21,654.82,Accessories,5
4681,17,9699,2025-07-23,1118.83,Computing,10
4682,17,6042,2025-07-23,811.16,Computing,10
4683,17,5738,2025-07-18,893.39,Accessories,0
4684,17,7426,2025-07-23,1018.12,Mobile Accessories,20
4685,17,6378,2025-07-22,495.05,Home Appliances,15
4686,17,7995,2025-07-28,788.86,Home Appliances,15
4687,17,7421,2025-08-04,788.8,Accessories,15
4688,17,9914,2025-07-24,631.67,Accessories,20
4689,17,7323,2025-07-22,974.03,Home Appliances,20
4690,17,971,2025-07-21,789.54,Accessories,10
4691,17,575,2025-07-20,457.46,Mobile Accessories,20
4692,17,1419,2025-07-22,715.16,Computing,0
4693,17,1265,2025-07-24,1055.2,Home Appliances,0
4694,17,8392,2025-07-18,622.93,Home Appliances,20
4695,17,9719,2025-07-26,752.88,Computing,10
4696,17,5704,2025-07-31,617.97,Computing,0
4697,17,1870,2025-07-27,687.96,Computing,5
4698,17,3967,2025-07-27,1101.26,Electronics,20
4699,17,4315,2025-08-01,794.05,Home Appliances,20
4700,17,1449,2025-08-02,650.4,Home Appliances,5
4701,17,6787,2025-07-29,863.45,Computing,15
4702,17,7372,2025-07-31,617.47,Mobile Accessories,15
4703,17,602,2025-07-22,720.75,Home Appliances,20
4704,17,8281,2025-07-19,729.67,Home Appliances,0
4705,17,7633,2025-07-22,1121.98,Electronics,0
4706,17,1784,2025-07-19,982.34,Computing,15
4707,17,907,2025-08-04,940.42,Electronics,15
4708,17,5574,2025-07-20,692.3,Electronics,0
4709,17,9744,2025-08-02,770.78,Mobile Accessories,20
4710,17,2642,2025-07-21,607.82,Computing,5
4711,17,3613,2025-07-20,1023.26,Accessories,0
4712,17,8798,2025-08-03,679.19,Electronics,15
4713,17,5690,2025-08-01,664.83,Accessories,10
4714,17,5989,2025-07-19,800.57,Computing,10
4715,17,2320,2025-07-19,837.1,Home Appliances,10
4716,17,8411,2025-07-28,748.79,Mobile Accessories,15
4717,17,8061,2025-07-24,561.04,Mobile Accessories,15
4718,17,1039,2025-07-30,662.42,Electronics,0
4719,17,8677,2025-08-04,757.11,Computing,10
4720,17,8063,2025-07-23,450.04,Computing,20
4721,17,3887,2025-07-31,762.84,Electronics,10
4722,17,2913,2025-07-31,562.27,Home Appliances,5
4723,17,519,2025-08-04,553.5,Computing,5
4724,17,6206,2025-08-02,1017.98,Mobile Accessories,20
4725,17,5728,2025-07-20,1072.63,Accessories,5
4726,17,7089,2025-07-23,813.45,Mobile Accessories,0
4727,17,6682,2025-08-05,741.46,Electronics,10
4728,17,8297,2025-08-03,609.05,Home Appliances,10
4729,17,4484,2025-07-27,717.81,Mobile Accessories,10
4730,17,4718,2025-07-19,787.18,Electronics,15
4731,17,6347,2025-07-29,859.73,Mobile Accessories,20
4732,17,8857,2025-08-04,664.15,Mobile Accessories,20
4733,17,3665,2025-07-24,780.49,Home Appliances,15
4734,17,348,2025-08-01,750.73,Computing,5
4735,17,867,2025-07-20,1135.25,Accessories,5
4736,17,67,2025-07-19,856.57,Electronics,5
4737,17,7355,2025-07-22,760.03,Accessories,20
4738,17,2109,2025-07-23,611.2,Electronics,10
4739,17,8123,2025-07-18,776.8,Computing,10
4740,17,10000,2025-07-24,737.17,Computing,10
4741,17,7771,2025-08-05,679.48,Electronics,15
4742,17,1574,2025-07-25,645.7,Mobile Accessories,10
4743,17,6004,2025-08-05,1082.36,Mobile Accessories,5
4744,17,256,2025-07-22,619.32,Mobile Accessories,20
4745,17,4784,2025-08-04,837.05,Electronics,0
4746,17,2193,2025-07-25,1053.83,Computing,0
4747,17,1335,2025-07-31,494.26,Electronics,20
4748,17,8235,2025-08-04,659.13,Computing,10
4749,17,2174,2025-07-19,791.74,Electronics,0
4750,17,1642,2025-07-30,805.35,Mobile Accessories,10
4751,17,9099,2025-07-28,958.16,Electronics,20
4752,17,2989,2025-07-23,877.71,Accessories,15
4753,17,1826,2025-07-27,682.88,Electronics,10
4754,17,6487,2025-07-31,837.12,Mobile Accessories,15
4755,17,1694,2025-07-29,693.96,Home Appliances,10
4756,17,7867,2025-07-24,714.91,Accessories,0
4757,17,6457,2025-07-23,961.58,Home Appliances,0
4758,17,9324,2025-07-27,668.31,Computing,0
4759,17,7441,2025-08-03,923.38,Mobile Accessories,5
4760,17,8688,2025-07-31,699.01,Mobile Accessories,0
4761,17,2801,2025-07-24,834.93,Home Appliances,5
4762,17,9615,2025-08-02,975.1,Computing,20
4763,17,3942,2025-07-21,748.31,Mobile Accessories,0
4764,17,4268,2025-08-02,1087.01,Electronics,10
4765,17,7505,2025-07-24,722.83,Electronics,20
4766,17,4839,2025-07-30,750.16,Home Appliances,0
4767,17,7532,2025-07-25,825.47,Home Appliances,10
4768,17,6784,2025-08-05,736.12,Computing,5
4769,17,4947,2025-07-24,814.34,Electronics,0
4770,17,1435,2025-07-23,905.65,Accessories,20
4771,17,3833,2025-07-23,881.3,Home Appliances,5
4772,17,3440,2025-08-02,704.22,Mobile Accessories,20
4773,17,7703,2025-08-02,831.48,Computing,20
4774,17,1338,2025-08-02,708.62,Electronics,0
4775,17,4841,2025-07-22,996.01,Home Appliances,20
4776,17,1615,2025-07-27,791.1,Electronics,5
4777,17,9492,2025-07-20,780.08,Computing,5
4778,17,9570,2025-07-25,732.31,Electronics,0
4779,17,7347,2025-08-01,946.8,Computing,5
4780,17,9740,2025-08-04,991.94,Computing,10
4781,17,8719,2025-07-25,529.89,Electronics,5
4782,17,8872,2025-07-18,745.2,Mobile Accessories,5
4783,17,9533,2025-07-30,1048.82,Computing,10
4784,17,2721,2025-07-22,829.23,Accessories,15
4785,17,3650,2025-07-18,975.38,Computing,20
4786,17,9471,2025-07-19,762.6,Home Appliances,5
4787,17,8269,2025-07-18,673.78,Computing,0
4788,17,6280,2025-07-27,630.15,Home Appliances,15
4789,17,8483,2025-08-03,935.07,Computing,0
4790,17,417,2025-07-19,902.5,Electronics,5
4791,17,3284,2025-08-03,763.89,Home Appliances,0
4792,17,200,2025-07-22,738.36,Mobile Accessories,10
4793,17,4846,2025-07-20,657.72,Accessories,0
4794,17,189,2025-07-31,839.89,Home Appliances,0
4795,17,9636,2025-08-02,950.27,Accessories,20
4796,17,4253,2025-08-01,770.23,Electronics,20
4797,17,4036,2025-07-19,1033.12,Accessories,10
4798,17,182,2025-07-20,850.68,Home Appliances,20
4799,17,8117,2025-07-18,907.2,Mobile Accessories,20
4800,17,3690,2025-07-22,779.83,Electronics,0
4801,17,9962,2025-07-30,568.96,Electronics,0
4802,17,6498,2025-07-28,769.86,Electronics,5
4803,17,1376,2025-07-20,650.94,Electronics,15
4804,17,658,2025-08-02,893.0,Accessories,20
4805,17,9061,2025-07-27,714.77,Home Appliances,20
4806,17,2072,2025-08-04,924.06,Home Appliances,0
4807,17,8001,2025-07-30,797.35,Mobile Accessories,10
4808,17,777,2025-07-26,643.5,Mobile Accessories,10
4809,17,1000,2025-07-28,745.2,Computing,0
4810,17,1052,2025-07-26,775.75,Mobile Accessories,5
4811,17,5584,2025-08-05,756.98,Mobile Accessories,0
4812,17,9879,2025-07-30,794.06,Accessories,5
4813,17,2487,2025-07-23,761.33,Mobile Accessories,0
4814,17,4874,2025-07-29,667.15,Accessories,15
4815,17,7852,2025-08-03,1102.83,Accessories,10
4816,17,9543,2025-07-19,589.02,Mobile Accessories,10
4817,17,3901,2025-07-27,675.58,Mobile Accessories,5
4818,17,9315,2025-07-25,830.41,Mobile Accessories,10
4819,17,1305,2025-07-29,852.93,Mobile Accessories,5
4820,17,2400,2025-08-05,803.84,Home Appliances,15
4821,17,8873,2025-07-30,843.29,Mobile Accessories,5
4822,17,7582,2025-08-05,1156.58,Electronics,10
4823,17,9746,2025-07-23,743.61,Accessories,10
4824,17,884,2025-07-27,1200.03,Electronics,20
4825,17,7717,2025-07-20,1067.83,Home Appliances,15
4826,17,9237,2025-07-27,826.51,Accessories,10
4827,17,5644,2025-07-20,1021.18,Mobile Accessories,20
4828,17,5498,2025-07-21,643.61,Computing,10
4829,17,2070,2025-07-19,1088.91,Computing,5
4830,17,48,2025-07-30,718.75,Computing,10
4831,17,313,2025-07-18,975.7,Accessories,5
4832,17,7030,2025-08-02,695.59,Accessories,15
4833,17,6804,2025-07-26,871.77,Accessories,10
4834,17,8237,2025-07-29,930.89,Computing,5
4835,17,4348,2025-07-27,1004.66,Computing,15
4836,17,6163,2025-08-02,669.74,Computing,5
4837,17,9859,2025-07-28,646.6,Electronics,0
4838,17,1404,2025-08-05,732.25,Home Appliances,15
4839,17,54,2025-07-27,612.13,Accessories,0
4840,17,3663,2025-07-27,545.8,Home Appliances,15
4841,17,8615,2025-07-30,528.25,Electronics,20
4842,17,9379,2025-07-21,531.86,Mobile Accessories,20
4843,17,6178,2025-07-22,700.07,Electronics,0
4844,17,6228,2025-07-26,650.41,Computing,15
4845,17,1342,2025-07-28,986.58,Computing,10
4846,17,866,2025-08-04,962.45,Electronics,0
4847,17,7178,2025-07-26,827.32,Mobile Accessories,10
4848,17,5518,2025-07-27,606.91,Computing,10
4849,17,716,2025-07-21,730.63,Electronics,20
4850,17,1283,2025-07-27,669.46,Accessories,5
4851,17,1832,2025-07-28,521.7,Computing,5
4852,17,8145,2025-08-02,692.72,Electronics,15
4853,17,5775,2025-07-31,1033.55,Computing,20
4854,17,8863,2025-07-23,726.7,Accessories,15
4855,17,3457,2025-08-01,636.73,Electronics,20
4856,17,3970,2025-07-31,658.77,Electronics,10
4857,17,3125,2025-07-20,1206.59,Mobile Accessories,0
4858,17,5089,2025-07-25,796.64,Accessories,0
4859,17,2572,2025-07-23,609.84,Accessories,0
4860,17,3493,2025-07-20,833.7,Home Appliances,15
4861,17,8448,2025-07-31,1146.88,Home Appliances,10
4862,17,2763,2025-07-29,741.42,Accessories,10
4863,17,103,2025-07-31,1070.53,Computing,15
4864,17,6526,2025-08-05,793.12,Accessories,0
4865,17,2617,2025-07-30,796.35,Computing,10
4866,17,4831,2025-07-27,586.95,Computing,0
4867,17,9184,2025-07-25,593.6,Electronics,10
4868,17,7128,2025-08-02,1114.96,Accessories,15
4869,17,7432,2025-07-31,763.43,Mobile Accessories,15
4870,17,8389,2025-07-25,961.76,Accessories,20
4871,17,6904,2025-07-30,369.41,Computing,20
4872,17,8959,2025-07-18,946.68,Home Appliances,10
4873,17,9686,2025-07-28,735.54,Home Appliances,20
4874,17,5398,2025-07-24,1143.19,Computing,20
4875,17,3562,2025-07-23,769.72,Accessories,20
4876,17,718,2025-07-19,865.38,Mobile Accessories,5
4877,17,449,2025-07-26,835.3,Computing,0
4878,17,9765,2025-08-03,782.05,Computing,10
4879,17,9088,2025-07-23,709.91,Home Appliances,0
4880,17,3065,2025-07-31,886.86,Electronics,15
4881,17,8191,2025-07-22,887.73,Mobile Accessories,20
4882,17,9231,2025-07-20,745.63,Home Appliances,20
4883,17,4667,2025-08-02,952.17,Electronics,15
4884,17,9777,2025-07-18,662.16,Home Appliances,5
4885,17,6094,2025-08-03,910.28,Electronics,15
4886,17,639,2025-07-26,744.51,Mobile Accessories,15
4887,17,3979,2025-08-01,813.88,Home Appliances,0
4888,17,3280,2025-07-28,1105.46,Home Appliances,5
4889,17,8870,2025-07-30,986.24,Accessories,10
4890,17,7087,2025-07-26,614.85,Mobile Accessories,10
4891,17,6451,2025-08-01,852.09,Mobile Accessories,5
4892,17,4887,2025-08-02,839.51,Electronics,10
4893,17,8218,2025-07-21,737.64,Accessories,10
4894,17,6260,2025-08-04,1024.68,Home Appliances,0
4895,17,9935,2025-07-27,897.85,Home Appliances,0
4896,17,2425,2025-07-31,860.04,Accessories,5
4897,17,2198,2025-08-03,638.65,Home Appliances,5
4898,17,6239,2025-07-20,861.5,Mobile Accessories,0
4899,17,4944,2025-07-24,1011.73,Electronics,10
4900,17,893,2025-07-30,583.53,Home Appliances,5
4901,17,9756,2025-07-26,830.17,Home Appliances,5
4902,17,23,2025-07-20,488.87,Accessories,5
4903,17,3462,2025-07-27,540.42,Home Appliances,20
4904,17,1686,2025-07-27,945.11,Computing,15
4905,17,6814,2025-07-31,849.34,Accessories,0
4906,17,973,2025-07-24,955.64,Computing,0
4907,17,7046,2025-07-23,912.05,Mobile Accessories,5
4908,17,1352,2025-07-18,665.43,Home Appliances,10
4909,17,45,2025-07-19,603.64,Accessories,20
4910,17,7280,2025-07-23,829.05,Computing,15
4911,17,5648,2025-07-22,810.17,Computing,10
4912,17,4657,2025-07-25,1133.99,Home Appliances,20
4913,17,2413,2025-07-27,809.91,Computing,15
4914,17,2373,2025-08-03,921.22,Electronics,15
4915,17,4375,2025-07-30,682.95,Computing,20
4916,17,9786,2025-08-01,1021.21,Home Appliances,20
4917,17,3721,2025-07-27,716.6,Electronics,20
4918,17,8781,2025-07-22,680.46,Accessories,10
4919,17,5585,2025-07-22,943.21,Electronics,10
4920,17,4640,2025-08-03,772.0,Home Appliances,20
4921,17,3924,2025-07-28,588.0,Mobile Accessories,0
4922,17,4857,2025-07-28,845.76,Mobile Accessories,20
4923,17,2089,2025-07-29,894.98,Computing,10
4924,17,8824,2025-08-03,696.6,Computing,0
4925,17,820,2025-07-23,464.75,Mobile Accessories,20
4926,17,4021,2025-08-04,1049.83,Mobile Accessories,15
4927,17,4353,2025-07-23,1031.23,Accessories,0
4928,17,4200,2025-07-19,739.81,Mobile Accessories,10
4929,17,4584,2025-07-21,776.36,Electronics,5
4930,17,3388,2025-08-04,1044.46,Accessories,0
4931,17,2048,2025-07-24,724.13,Mobile Accessories,5
4932,17,8262,2025-07-23,493.05,Home Appliances,15
4933,17,6567,2025-08-03,799.69,Electronics,0
4934,17,1608,2025-08-04,967.66,Mobile Accessories,20
4935,17,8464,2025-08-01,685.82,Mobile Accessories,15
4936,17,3937,2025-07-30,980.95,Computing,0
4937,17,3188,2025-08-04,762.68,Home Appliances,0
4938,17,269,2025-07-23,883.77,Electronics,5
4939,17,4746,2025-07-28,1052.52,Mobile Accessories,20
4940,17,6999,2025-07-29,535.53,Mobile Accessories,10
4941,17,1371,2025-07-29,806.18,Accessories,5
4942,17,4310,2025-07-30,548.84,Home Appliances,0
4943,17,3775,2025-07-21,823.06,Home Appliances,15
4944,17,5961,2025-07-22,802.92,Computing,10
4945,17,7075,2025-07-26,667.45,Home Appliances,15
4946,17,3915,2025-07-20,1061.44,Computing,0
4947,17,1156,2025-07-20,754.6,Electronics,20
4948,17,6952,2025-08-04,752.16,Computing,20
4949,17,6157,2025-07-25,779.68,Accessories,10
4950,17,7095,2025-07-31,728.33,Mobile Accessories,0
4951,17,6863,2025-07-20,773.4,Electronics,15
4952,17,3352,2025-07-29,914.91,Accessories,20
4953,17,1227,2025-08-02,819.37,Home Appliances,5
4954,17,6568,2025-07-23,1013.14,Computing,20
4955,17,7977,2025-07-29,879.48,Accessories,5
4956,17,7049,2025-07-30,925.17,Electronics,0
4957,17,5156,2025-07-22,814.76,Computing,10
4958,17,9867,2025-07-25,743.59,Home Appliances,20
4959,17,5313,2025-07-28,855.04,Home Appliances,5
4960,17,4715,2025-07-22,880.53,Accessories,15
4961,17,7151,2025-07-29,773.02,Mobile Accessories,0
4962,17,2395,2025-07-30,1064.58,Electronics,15
4963,17,1843,2025-07-25,667.98,Electronics,15
4964,17,4554,2025-07-31,791.05,Computing,0
4965,17,8788,2025-08-01,506.68,Electronics,15
4966,17,4669,2025-07-22,1106.39,Accessories,5
4967,17,3726,2025-07-30,653.74,Mobile Accessories,20
4968,17,2184,2025-08-03,785.82,Mobile Accessories,5
4969,17,5072,2025-08-04,742.13,Computing,5
4970,17,9368,2025-08-02,1088.62,Electronics,20
4971,17,1506,2025-08-01,582.4,Computing,15
4972,17,6802,2025-07-26,808.72,Accessories,15
4973,17,5318,2025-08-02,1109.19,Computing,15
4974,17,1677,2025-07-21,487.57,Electronics,20
4975,17,7988,2025-08-03,1113.85,Computing,15
4976,17,3233,2025-07-26,1153.64,Home Appliances,15
4977,17,795,2025-07-28,838.69,Computing,5
4978,17,5011,2025-08-01,797.77,Computing,10
4979,17,2717,2025-07-23,704.48,Home Appliances,0
4980,17,3684,2025-07-23,852.44,Mobile Accessories,20
4981,17,236,2025-07-18,978.31,Computing,20
4982,17,9309,2025-07-30,659.78,Electronics,20
4983,17,1531,2025-07-18,754.35,Electronics,15
4984,17,428,2025-07-22,839.06,Home Appliances,5
4985,17,792,2025-07-24,641.52,Mobile Accessories,5
4986,17,9141,2025-07-24,867.66,Mobile Accessories,15
4987,17,3206,2025-07-28,763.76,Electronics,5
4988,17,4968,2025-07-28,773.12,Mobile Accessories,10
4989,17,7987,2025-07-25,601.07,Computing,10
4990,17,2011,2025-07-21,943.91,Mobile Accessories,0
4991,17,261,2025-08-03,1072.39,Computing,15
4992,17,2177,2025-07-25,731.47,Home Appliances,5
4993,17,1242,2025-08-02,819.02,Electronics,10
4994,17,167,2025-07-26,589.51,Computing,15
4995,17,6209,2025-08-02,740.4,Home Appliances,0
4996,17,6698,2025-07-29,1034.9,Home Appliances,10
4997,17,9868,2025-08-02,838.25,Mobile Accessories,5
4998,17,6890,2025-07-24,941.6,Home Appliances,10
4999,17,2295,2025-07-29,756.81,Mobile Accessories,15
5000,17,7017,2025-07-29,754.33,Mobile Accessories,5
5001,17,933,2025-07-18,770.14,Electronics,0
5002,17,5804,2025-07-28,957.93,Home Appliances,15
5003,17,5460,2025-07-28,704.76,Electronics,15
5004,17,8076,2025-08-05,817.21,Mobile Accessories,5
5005,17,512,2025-07-31,897.59,Accessories,20
5006,17,29,2025-07-18,754.12,Electronics,10
5007,17,2786,2025-07-24,760.77,Accessories,15
5008,17,6147,2025-07-21,1039.51,Accessories,20
5009,17,3823,2025-08-02,708.54,Mobile Accessories,5
5010,17,7666,2025-07-25,648.04,Home Appliances,10
5011,17,4868,2025-07-24,831.23,Accessories,20
5012,17,1789,2025-07-24,1113.04,Mobile Accessories,20
5013,17,1719,2025-07-19,788.19,Mobile Accessories,20
5014,17,8394,2025-07-27,348.88,Computing,5
5015,17,21,2025-07-25,801.46,Accessories,10
5016,17,5150,2025-07-19,1118.49,Home Appliances,0
5017,17,8060,2025-08-02,925.24,Computing,10
5018,18,6563,2025-09-06,456.89,Mobile Accessories,10
5019,18,8348,2025-08-24,574.08,Home Appliances,10
5020,18,4990,2025-09-03,634.77,Computing,10
5021,18,1091,2025-09-09,532.21,Accessories,10
5022,18,9396,2025-08-31,458.65,Accessories,20
5023,18,3342,2025-08-24,358.79,Electronics,5
5024,18,6069,2025-09-06,225.02,Computing,0
5025,18,904,2025-09-01,416.84,Accessories,20
5026,18,6522,2025-09-06,578.91,Home Appliances,0
5027,18,2178,2025-09-06,272.3,Home Appliances,5
5028,18,5899,2025-08-25,574.94,Computing,5
5029,18,6145,2025-08-23,541.72,Mobile Accessories,20
5030,18,9261,2025-08-24,567.61,Accessories,0
5031,18,373,2025-08-30,611.13,Accessories,5
5032,18,9210,2025-09-08,369.29,Home Appliances,5
5033,18,9728,2025-08-24,529.85,Computing,5
5034,18,3045,2025-08-27,535.14,Home Appliances,10
5035,18,4304,2025-08-23,421.53,Mobile Accessories,0
5036,18,6507,2025-08-29,528.72,Accessories,20
5037,18,9082,2025-08-31,426.88,Accessories,10
5038,18,7580,2025-09-02,544.39,Mobile Accessories,15
5039,18,1390,2025-08-28,417.66,Mobile Accessories,20
5040,18,1471,2025-09-07,434.23,Accessories,5
5041,18,3217,2025-08-23,561.78,Home Appliances,0
5042,18,8854,2025-09-02,541.48,Computing,10
5043,18,4361,2025-09-02,457.22,Accessories,15
5044,18,3097,2025-09-08,478.68,Computing,15
5045,18,826,2025-09-07,382.26,Home Appliances,0
5046,18,5537,2025-08-24,563.4,Computing,0
5047,18,1327,2025-08-23,637.03,Mobile Accessories,0
5048,18,5347,2025-08-24,547.58,Accessories,20
5049,18,8648,2025-09-05,539.2,Accessories,5
5050,18,4038,2025-08-26,579.55,Electronics,10
5051,18,1280,2025-09-06,520.28,Electronics,5
5052,18,9245,2025-09-06,633.56,Electronics,20
5053,18,5286,2025-08-24,392.6,Home Appliances,0
5054,18,3835,2025-09-02,658.7,Accessories,0
5055,18,7911,2025-08-27,448.08,Computing,5
5056,18,5886,2025-09-01,432.28,Accessories,0
5057,18,4195,2025-09-01,521.33,Computing,10
5058,18,8874,2025-09-06,357.38,Electronics,0
5059,18,2559,2025-09-04,576.13,Home Appliances,0
5060,18,1712,2025-08-29,472.96,Accessories,15
5061,18,2491,2025-09-07,453.1,Home Appliances,0
5062,18,2799,2025-09-03,534.25,Accessories,5
5063,18,9976,2025-09-06,455.43,Computing,15
5064,18,2791,2025-09-05,656.23,Electronics,15
5065,18,8088,2025-08-28,456.87,Electronics,0
5066,18,7332,2025-08-29,579.46,Electronics,0
5067,18,8034,2025-08-30,560.27,Accessories,15
5068,18,478,2025-09-06,633.73,Computing,0
5069,18,7129,2025-09-08,656.37,Electronics,15
5070,18,1889,2025-09-04,592.01,Mobile Accessories,15
5071,18,9269,2025-09-07,586.94,Home Appliances,20
5072,18,3972,2025-09-09,448.88,Accessories,10
5073,18,5761,2025-09-04,547.04,Computing,5
5074,18,1852,2025-08-26,684.28,Accessories,5
5075,18,9901,2025-08-23,468.36,Accessories,15
5076,18,5090,2025-08-24,542.43,Home Appliances,10
5077,18,9206,2025-08-23,327.5,Computing,10
5078,18,3092,2025-08-27,537.66,Home Appliances,15
5079,18,1903,2025-08-24,433.09,Accessories,15
5080,18,2890,2025-08-31,521.85,Accessories,10
5081,18,3043,2025-08-26,607.48,Mobile Accessories,15
5082,18,2670,2025-08-24,458.73,Accessories,5
5083,18,7688,2025-08-28,410.77,Home Appliances,20
5084,18,8178,2025-08-24,582.56,Electronics,15
5085,18,8518,2025-09-04,611.37,Accessories,5
5086,18,9762,2025-09-06,386.47,Computing,10
5087,18,2132,2025-08-30,556.3,Electronics,5
5088,18,6850,2025-09-05,529.37,Accessories,0
5089,18,9476,2025-09-02,619.91,Computing,0
5090,18,8614,2025-08-23,206.04,Home Appliances,15
5091,18,8384,2025-08-25,357.65,Accessories,15
5092,18,8289,2025-08-24,690.31,Computing,20
5093,18,21,2025-09-05,326.0,Home Appliances,15
5094,18,3259,2025-08-26,682.7,Computing,20
5095,18,282,2025-08-24,537.53,Mobile Accessories,10
5096,18,8087,2025-08-26,527.05,Accessories,0
5097,18,7854,2025-08-25,429.78,Accessories,20
5098,18,166,2025-09-04,623.33,Electronics,20
5099,18,5189,2025-09-03,617.3,Home Appliances,10
5100,18,5628,2025-09-04,320.41,Mobile Accessories,5
5101,18,3070,2025-08-27,537.58,Computing,5
5102,18,734,2025-08-30,513.29,Home Appliances,10
5103,18,1009,2025-09-07,679.33,Computing,10
5104,18,6980,2025-09-02,517.01,Home Appliances,15
5105,18,299,2025-08-25,656.65,Mobile Accessories,10
5106,18,6931,2025-09-06,454.01,Electronics,15
5107,18,6804,2025-08-26,512.27,Mobile Accessories,10
5108,18,3222,2025-08-24,602.62,Electronics,0
5109,18,4033,2025-09-01,635.64,Electronics,10
5110,18,7680,2025-09-07,618.04,Computing,15
5111,18,1511,2025-08-27,426.67,Home Appliances,10
5112,18,786,2025-08-28,315.17,Computing,20
5113,18,9790,2025-08-29,438.62,Electronics,5
5114,18,1938,2025-08-28,460.83,Computing,10
5115,18,3896,2025-09-03,410.6,Mobile Accessories,10
5116,18,1975,2025-08-26,450.44,Electronics,5
5117,18,964,2025-08-31,535.56,Accessories,5
5118,18,6119,2025-08-26,535.29,Home Appliances,15
5119,18,3176,2025-09-05,469.4,Mobile Accessories,0
5120,18,5027,2025-08-24,435.37,Home Appliances,15
5121,18,7053,2025-09-06,427.27,Computing,10
5122,18,7036,2025-08-30,517.4,Computing,5
5123,18,1876,2025-08-27,641.23,Home Appliances,20
5124,18,1602,2025-08-25,489.85,Accessories,5
5125,18,2296,2025-09-02,510.19,Mobile Accessories,5
5126,18,2228,2025-09-08,524.28,Home Appliances,15
5127,18,9051,2025-08-25,573.68,Accessories,20
5128,18,2225,2025-09-09,343.32,Home Appliances,5
5129,18,895,2025-09-05,477.22,Mobile Accessories,15
5130,18,1178,2025-08-24,503.25,Accessories,0
5131,18,3540,2025-09-06,379.08,Home Appliances,5
5132,18,2250,2025-09-02,393.07,Home Appliances,10
5133,18,4899,2025-09-08,688.45,Electronics,0
5134,18,4355,2025-09-05,527.84,Computing,10
5135,18,6937,2025-09-06,447.51,Accessories,10
5136,18,1883,2025-09-08,348.1,Home Appliances,10
5137,18,2041,2025-09-03,530.97,Mobile Accessories,15
5138,18,243,2025-08-29,537.06,Electronics,0
5139,18,6402,2025-08-25,485.15,Mobile Accessories,0
5140,18,2230,2025-08-29,466.89,Electronics,15
5141,18,7090,2025-09-09,455.31,Mobile Accessories,15
5142,18,9204,2025-08-25,404.35,Home Appliances,10
5143,18,3802,2025-08-28,383.0,Computing,15
5144,18,1859,2025-08-25,527.85,Computing,0
5145,18,443,2025-09-01,615.38,Home Appliances,0
5146,18,8111,2025-08-29,618.25,Electronics,20
5147,18,8095,2025-08-26,697.97,Electronics,5
5148,18,2625,2025-09-01,451.9,Computing,0
5149,18,6701,2025-09-03,497.11,Computing,20
5150,18,1705,2025-09-01,423.07,Mobile Accessories,0
5151,18,6374,2025-09-06,398.92,Electronics,15
5152,18,3668,2025-08-26,381.37,Accessories,0
5153,18,2482,2025-08-30,383.34,Accessories,5
5154,18,1259,2025-09-08,491.57,Electronics,0
5155,18,4105,2025-08-27,518.37,Electronics,15
5156,18,4849,2025-08-27,403.78,Home Appliances,15
5157,18,1529,2025-08-28,365.66,Home Appliances,10
5158,18,2042,2025-09-06,363.72,Mobile Accessories,5
5159,18,6059,2025-08-30,419.45,Home Appliances,10
5160,18,2234,2025-09-03,483.98,Mobile Accessories,15
5161,18,8707,2025-08-30,477.38,Electronics,10
5162,18,4027,2025-08-24,328.21,Computing,0
5163,18,5842,2025-09-02,528.97,Mobile Accessories,5
5164,18,5726,2025-09-08,677.6,Mobile Accessories,20
5165,18,4037,2025-09-06,523.31,Home Appliances,10
5166,18,9291,2025-09-02,680.29,Electronics,0
5167,18,3883,2025-09-03,619.78,Computing,5
5168,18,5666,2025-09-04,429.25,Mobile Accessories,5
5169,18,9550,2025-09-04,687.64,Electronics,15
5170,18,2588,2025-08-26,558.29,Mobile Accessories,15
5171,18,8694,2025-09-03,375.98,Home Appliances,0
5172,18,2171,2025-08-29,555.56,Electronics,15
5173,18,4914,2025-09-06,517.93,Mobile Accessories,5
5174,18,3086,2025-08-27,350.58,Home Appliances,10
5175,18,558,2025-08-27,501.31,Mobile Accessories,10
5176,18,1777,2025-09-06,435.13,Mobile Accessories,20
5177,18,627,2025-09-03,514.1,Electronics,20
5178,18,9504,2025-08-23,523.09,Computing,5
5179,18,2897,2025-09-02,641.73,Electronics,5
5180,18,4633,2025-09-09,507.12,Electronics,10
5181,18,5155,2025-09-04,651.62,Computing,15
5182,18,2617,2025-08-31,471.17,Electronics,15
5183,18,4727,2025-09-07,595.75,Accessories,15
5184,18,3632,2025-08-31,566.93,Computing,20
5185,18,4585,2025-08-24,584.27,Computing,0
5186,18,9336,2025-09-05,608.44,Home Appliances,5
5187,18,413,2025-08-31,499.92,Mobile Accessories,5
5188,18,8765,2025-09-05,619.31,Accessories,10
5189,18,5281,2025-08-28,533.45,Home Appliances,10
5190,18,9674,2025-08-31,490.48,Electronics,0
5191,18,8280,2025-08-25,440.87,Accessories,15
5192,18,2610,2025-09-02,522.6,Computing,10
5193,18,5674,2025-09-05,392.02,Computing,15
5194,18,6939,2025-08-29,696.26,Accessories,15
5195,18,1376,2025-08-29,522.39,Accessories,0
5196,18,9371,2025-09-02,477.21,Mobile Accessories,0
5197,18,6829,2025-08-28,547.85,Accessories,15
5198,18,5442,2025-09-09,583.69,Computing,5
5199,18,1075,2025-08-26,369.36,Mobile Accessories,10
5200,18,4956,2025-09-05,569.09,Mobile Accessories,0
5201,18,4612,2025-08-29,526.44,Electronics,10
5202,18,6425,2025-09-06,362.65,Accessories,10
5203,18,1820,2025-08-26,746.27,Electronics,15
5204,18,8056,2025-08-24,300.64,Accessories,15
5205,18,6529,2025-08-30,523.06,Accessories,20
5206,18,843,2025-08-25,331.05,Electronics,15
5207,18,3391,2025-08-24,508.19,Accessories,15
5208,18,3141,2025-08-23,548.22,Accessories,10
5209,18,415,2025-08-24,400.65,Accessories,5
5210,18,122,2025-09-01,603.23,Electronics,15
5211,18,9044,2025-09-05,552.18,Accessories,15
5212,18,3829,2025-09-05,302.05,Computing,15
5213,18,5835,2025-08-27,591.23,Accessories,20
5214,18,3914,2025-08-25,490.53,Accessories,0
5215,18,2182,2025-09-07,406.85,Mobile Accessories,0
5216,18,4336,2025-08-30,480.96,Accessories,10
5217,18,2980,2025-08-26,580.0,Computing,20
5218,18,170,2025-09-03,476.69,Computing,5
5219,18,6139,2025-08-23,427.77,Computing,15
5220,18,6393,2025-09-07,435.89,Electronics,20
5221,18,4275,2025-09-03,600.78,Electronics,15
5222,18,4338,2025-08-31,321.18,Accessories,10
5223,18,4631,2025-08-24,371.57,Electronics,0
5224,18,4694,2025-08-30,534.59,Accessories,5
5225,18,5236,2025-08-24,525.64,Home Appliances,15
5226,18,7667,2025-09-06,494.86,Accessories,15
5227,18,298,2025-08-27,412.01,Electronics,20
5228,18,9622,2025-09-07,540.27,Accessories,5
5229,18,1197,2025-08-31,406.86,Home Appliances,20
5230,18,6222,2025-08-26,664.71,Electronics,20
5231,18,1304,2025-09-07,527.41,Home Appliances,5
5232,18,436,2025-09-05,579.45,Electronics,5
5233,18,7555,2025-08-24,438.02,Mobile Accessories,20
5234,18,9176,2025-09-01,590.45,Mobile Accessories,10
5235,18,655,2025-08-23,484.07,Electronics,10
5236,18,2153,2025-09-09,552.07,Electronics,10
5237,18,6371,2025-09-09,695.69,Electronics,5
5238,18,7199,2025-09-09,550.43,Mobile Accessories,5
5239,18,6086,2025-09-04,342.99,Electronics,10
5240,18,6318,2025-08-30,345.83,Mobile Accessories,15
5241,18,5015,2025-08-29,549.79,Electronics,15
5242,18,4117,2025-08-26,591.72,Electronics,10
5243,18,203,2025-08-27,347.43,Electronics,15
5244,18,1310,2025-08-25,485.61,Accessories,0
5245,18,1476,2025-08-23,587.06,Mobile Accessories,10
5246,18,5005,2025-08-27,531.9,Electronics,5
5247,18,2826,2025-09-02,562.88,Accessories,0
5248,18,850,2025-08-26,658.55,Home Appliances,5
5249,18,5858,2025-09-02,533.82,Home Appliances,15
5250,18,248,2025-08-26,466.44,Home Appliances,5
5251,18,5859,2025-08-29,455.44,Mobile Accessories,5
5252,18,6100,2025-09-02,486.32,Home Appliances,10
5253,18,6640,2025-09-05,521.98,Computing,5
5254,18,1830,2025-08-27,388.08,Electronics,10
5255,18,4688,2025-08-27,413.01,Accessories,10
5256,18,7016,2025-08-23,470.95,Accessories,20
5257,18,2564,2025-09-06,726.07,Accessories,10
5258,18,204,2025-09-06,428.81,Mobile Accessories,20
5259,18,488,2025-08-25,553.85,Mobile Accessories,5
5260,18,6109,2025-09-08,577.92,Home Appliances,15
5261,18,5881,2025-08-23,654.06,Home Appliances,15
5262,18,2712,2025-08-23,574.0,Home Appliances,0
5263,18,3528,2025-09-05,529.15,Home Appliances,0
5264,18,8751,2025-08-30,720.07,Electronics,20
5265,18,252,2025-08-25,384.0,Mobile Accessories,5
5266,18,6524,2025-08-30,567.39,Accessories,20
5267,18,7057,2025-08-24,380.47,Electronics,5
5268,18,5796,2025-08-27,375.36,Home Appliances,15
5269,18,3874,2025-09-02,525.4,Computing,0
5270,18,2213,2025-09-01,498.16,Home Appliances,0
5271,18,5823,2025-09-03,454.09,Accessories,10
5272,18,2575,2025-08-27,602.07,Home Appliances,5
5273,18,4293,2025-08-27,601.05,Computing,0
5274,18,6603,2025-08-28,470.24,Home Appliances,20
5275,18,7722,2025-09-08,522.15,Accessories,0
5276,18,7002,2025-09-02,643.13,Home Appliances,15
5277,18,996,2025-09-06,551.71,Accessories,5
5278,18,4488,2025-08-27,656.3,Accessories,15
5279,18,7300,2025-08-26,432.83,Accessories,15
5280,18,797,2025-08-26,516.17,Home Appliances,15
5281,18,2093,2025-09-01,642.86,Computing,20
5282,18,6665,2025-09-09,416.55,Mobile Accessories,10
5283,18,7509,2025-08-31,488.45,Computing,0
5284,18,4277,2025-09-02,586.65,Mobile Accessories,15
5285,18,8824,2025-08-31,715.17,Computing,0
5286,18,2154,2025-09-07,622.72,Home Appliances,20
5287,18,4853,2025-08-30,424.65,Electronics,10
5288,18,7900,2025-08-31,547.73,Mobile Accessories,20
5289,18,5218,2025-09-05,609.5,Home Appliances,20
5290,18,6186,2025-08-24,506.85,Home Appliances,10
5291,18,9592,2025-09-09,397.22,Accessories,0
5292,18,8890,2025-09-06,439.99,Accessories,15
5293,18,8274,2025-08-24,465.35,Accessories,20
5294,18,3793,2025-08-31,631.3,Computing,10
5295,18,3129,2025-08-25,511.58,Accessories,10
5296,18,4380,2025-09-05,690.95,Accessories,20
5297,18,2002,2025-09-03,445.97,Home Appliances,5
5298,18,5848,2025-09-03,455.5,Accessories,20
5299,18,1028,2025-09-07,440.31,Home Appliances,20
5300,18,7856,2025-09-06,462.34,Home Appliances,15
5301,18,9624,2025-08-28,293.13,Computing,5
5302,19,2746,2025-09-17,563.43,Accessories,20
5303,19,3383,2025-09-26,491.77,Accessories,0
5304,19,5259,2025-09-22,567.59,Accessories,10
5305,19,7132,2025-09-28,619.39,Mobile Accessories,10
5306,19,1053,2025-09-21,585.46,Electronics,0
5307,19,2181,2025-09-14,494.61,Mobile Accessories,0
5308,19,3590,2025-09-23,559.01,Computing,10
5309,19,8140,2025-09-21,261.15,Home Appliances,20
5310,19,7399,2025-09-15,406.93,Electronics,10
5311,19,4870,2025-09-22,594.33,Electronics,10
5312,19,3918,2025-09-19,603.6,Accessories,20
5313,19,6500,2025-09-22,535.43,Mobile Accessories,0
5314,19,1020,2025-09-22,633.63,Electronics,5
5315,19,8008,2025-09-25,589.39,Computing,20
5316,19,5580,2025-09-20,437.07,Home Appliances,5
5317,19,9639,2025-09-23,320.26,Home Appliances,20
5318,19,9454,2025-09-14,479.9,Mobile Accessories,20
5319,19,4555,2025-09-19,665.93,Accessories,15
5320,19,2969,2025-09-24,523.35,Computing,10
5321,19,8954,2025-09-22,415.02,Computing,5
5322,19,5647,2025-09-13,546.24,Computing,10
5323,19,1976,2025-09-25,349.77,Electronics,20
5324,19,2316,2025-09-17,516.89,Accessories,0
5325,19,5755,2025-09-20,652.28,Home Appliances,5
5326,19,95,2025-09-21,525.37,Computing,15
5327,19,3640,2025-09-28,523.1,Home Appliances,0
5328,19,2742,2025-09-26,568.77,Mobile Accessories,0
5329,19,3661,2025-09-13,387.96,Electronics,15
5330,19,619,2025-09-13,724.6,Mobile Accessories,15
5331,19,6914,2025-09-20,667.07,Electronics,0
5332,19,783,2025-09-25,548.95,Accessories,10
5333,19,3833,2025-09-19,479.03,Accessories,10
5334,19,1461,2025-09-18,536.91,Accessories,20
5335,19,2002,2025-09-14,601.77,Electronics,5
5336,19,8527,2025-09-20,406.11,Home Appliances,0
5337,19,36,2025-09-24,544.97,Mobile Accessories,5
5338,19,214,2025-09-21,724.31,Home Appliances,20
5339,19,113,2025-09-27,464.86,Accessories,0
5340,19,9742,2025-09-20,690.38,Mobile Accessories,10
5341,19,6151,2025-09-23,578.12,Electronics,20
5342,19,5682,2025-09-25,442.16,Accessories,20
5343,19,6266,2025-09-22,553.19,Mobile Accessories,20
5344,19,7388,2025-09-14,588.56,Mobile Accessories,10
5345,19,656,2025-09-28,392.99,Accessories,5
5346,19,7109,2025-09-19,433.93,Mobile Accessories,5
5347,19,4568,2025-09-23,677.54,Mobile Accessories,15
5348,19,3572,2025-09-25,436.27,Computing,5
5349,19,6132,2025-09-13,517.8,Accessories,20
5350,19,2747,2025-09-20,482.02,Mobile Accessories,15
5351,19,6160,2025-09-22,563.87,Accessories,5
5352,19,3154,2025-09-23,542.28,Mobile Accessories,15
5353,19,5313,2025-09-21,682.66,Electronics,20
5354,19,5339,2025-09-26,447.0,Accessories,10
5355,19,176,2025-09-15,600.48,Electronics,20
5356,19,2629,2025-09-24,601.18,Home Appliances,10
5357,19,8174,2025-09-21,328.51,Home Appliances,15
5358,19,1790,2025-09-20,600.71,Computing,15
5359,19,3239,2025-09-14,502.01,Computing,10
5360,19,155,2025-09-19,626.84,Electronics,5
5361,19,4197,2025-09-24,626.01,Home Appliances,10
5362,19,5473,2025-09-27,614.45,Computing,5
5363,19,2426,2025-09-15,481.31,Mobile Accessories,10
5364,19,4410,2025-09-25,612.09,Home Appliances,20
5365,19,250,2025-09-22,463.53,Home Appliances,10
5366,19,5178,2025-09-24,497.56,Accessories,0
5367,19,3143,2025-09-17,760.44,Computing,10
5368,19,8960,2025-09-27,532.82,Home Appliances,15
5369,19,7889,2025-09-25,729.54,Accessories,0
5370,19,6972,2025-09-23,795.26,Home Appliances,10
5371,19,5218,2025-09-26,668.28,Computing,15
5372,19,5601,2025-09-23,411.76,Accessories,0
5373,19,7270,2025-09-17,618.34,Electronics,0
5374,19,3998,2025-09-24,403.2,Home Appliances,5
5375,19,3169,2025-09-16,541.43,Mobile Accessories,0
5376,19,9922,2025-09-21,428.38,Computing,10
5377,19,6119,2025-09-19,627.9,Accessories,20
5378,19,4285,2025-09-16,696.32,Accessories,20
5379,19,393,2025-09-17,502.8,Electronics,0
5380,19,4571,2025-09-24,463.29,Mobile Accessories,20
5381,19,7878,2025-09-28,519.64,Home Appliances,0
5382,19,2451,2025-09-19,504.93,Mobile Accessories,15
5383,19,3295,2025-09-13,542.14,Mobile Accessories,5
5384,19,2003,2025-09-20,586.83,Accessories,20
5385,19,2527,2025-09-16,677.18,Mobile Accessories,10
5386,19,1115,2025-09-24,561.0,Computing,20
5387,19,8712,2025-09-13,582.19,Home Appliances,20
5388,19,9205,2025-09-13,703.95,Electronics,5
5389,19,6248,2025-09-13,468.68,Electronics,0
5390,19,5705,2025-09-21,744.49,Home Appliances,15
5391,19,4626,2025-09-22,460.53,Accessories,0
5392,19,4159,2025-09-18,579.5,Home Appliances,15
5393,19,6889,2025-09-24,584.06,Electronics,0
5394,19,6389,2025-09-20,514.64,Electronics,15
5395,19,5785,2025-09-16,551.94,Home Appliances,20
5396,19,7502,2025-09-16,528.2,Electronics,15
5397,19,4427,2025-09-27,652.75,Accessories,10
5398,19,2883,2025-09-28,725.46,Electronics,20
5399,19,811,2025-09-15,500.78,Mobile Accessories,5
5400,19,3082,2025-09-22,580.47,Computing,5
5401,19,1012,2025-09-14,405.65,Electronics,15
5402,19,5950,2025-09-26,595.87,Accessories,5
5403,19,7675,2025-09-18,550.01,Computing,20
5404,19,1356,2025-09-21,550.11,Electronics,20
5405,19,4129,2025-09-17,411.67,Computing,15
5406,19,6187,2025-09-18,767.19,Accessories,0
5407,19,918,2025-09-16,696.78,Computing,0
5408,19,6677,2025-09-19,600.74,Home Appliances,0
5409,19,4979,2025-09-17,373.38,Mobile Accessories,20
5410,19,4574,2025-09-26,372.66,Accessories,20
5411,19,8791,2025-09-17,633.59,Computing,20
5412,19,8316,2025-09-20,678.65,Electronics,10
5413,19,2661,2025-09-22,415.92,Electronics,5
5414,19,1322,2025-09-21,564.25,Computing,20
5415,19,2165,2025-09-18,441.18,Home Appliances,15
5416,19,597,2025-09-27,548.06,Electronics,15
5417,19,6594,2025-09-24,451.6,Accessories,0
5418,19,1377,2025-09-24,524.53,Home Appliances,10
5419,19,6434,2025-09-15,664.5,Computing,5
5420,19,5521,2025-09-27,325.81,Computing,15
5421,19,6088,2025-09-27,438.27,Mobile Accessories,20
5422,19,1740,2025-09-14,508.35,Home Appliances,20
5423,19,6493,2025-09-19,554.99,Home Appliances,5
5424,19,2494,2025-09-17,573.28,Accessories,10
5425,19,2783,2025-09-22,530.54,Electronics,15
5426,19,4305,2025-09-22,440.16,Home Appliances,0
5427,19,1815,2025-09-23,470.28,Computing,15
5428,19,2397,2025-09-20,574.09,Electronics,10
5429,19,9747,2025-09-18,551.14,Home Appliances,15
5430,19,1745,2025-09-14,590.05,Accessories,0
5431,19,4799,2025-09-23,514.93,Electronics,20
5432,19,9434,2025-09-19,531.07,Home Appliances,10
5433,19,2226,2025-09-26,523.81,Computing,0
5434,19,4436,2025-09-16,475.88,Home Appliances,10
5435,19,5212,2025-09-16,488.33,Home Appliances,5
5436,19,633,2025-09-22,683.12,Accessories,5
5437,19,661,2025-09-14,398.49,Mobile Accessories,0
5438,19,2320,2025-09-24,630.63,Electronics,20
5439,19,8422,2025-09-17,659.8,Computing,20
5440,19,3643,2025-09-27,425.84,Home Appliances,20
5441,19,2009,2025-09-21,297.96,Mobile Accessories,0
5442,19,5954,2025-09-14,439.61,Home Appliances,10
5443,19,375,2025-09-22,543.16,Home Appliances,15
5444,19,2294,2025-09-19,682.17,Computing,5
5445,19,5753,2025-09-20,477.29,Home Appliances,5
5446,19,3146,2025-09-25,415.58,Accessories,0
5447,19,1626,2025-09-25,594.48,Mobile Accessories,5
5448,19,8996,2025-09-15,433.08,Computing,5
5449,19,1458,2025-09-15,329.32,Home Appliances,15
5450,19,5163,2025-09-19,614.27,Mobile Accessories,20
5451,19,6431,2025-09-17,480.66,Electronics,20
5452,19,1309,2025-09-14,563.51,Accessories,20
5453,19,1875,2025-09-18,479.36,Mobile Accessories,15
5454,19,2352,2025-09-26,510.91,Accessories,15
5455,19,8850,2025-09-23,667.82,Accessories,10
5456,19,2774,2025-09-26,642.91,Home Appliances,20
5457,19,2556,2025-09-17,573.86,Home Appliances,5
5458,19,9230,2025-09-23,398.36,Home Appliances,5
5459,19,8243,2025-09-20,428.43,Mobile Accessories,0
5460,19,8878,2025-09-18,557.01,Accessories,15
5461,19,8444,2025-09-17,478.97,Computing,15
5462,19,877,2025-09-26,585.34,Computing,10
5463,19,8023,2025-09-19,371.96,Mobile Accessories,20
5464,20,157,2025-12-04,588.18,Home Appliances,15
5465,20,9908,2025-11-30,616.45,Accessories,5
5466,20,8822,2025-11-29,608.16,Electronics,10
5467,20,3976,2025-11-19,679.19,Accessories,15
5468,20,2520,2025-12-06,547.73,Computing,15
5469,20,7731,2025-11-22,910.9,Computing,15
5470,20,3479,2025-12-09,549.08,Mobile Accessories,15
5471,20,7693,2025-12-12,479.22,Electronics,0
5472,20,769,2025-11-23,503.09,Electronics,15
5473,20,6711,2025-11-29,780.95,Electronics,10
5474,20,3233,2025-11-21,655.22,Mobile Accessories,0
5475,20,2056,2025-12-12,684.47,Mobile Accessories,5
5476,20,531,2025-12-12,601.57,Accessories,0
5477,20,9343,2025-12-14,640.5,Electronics,0
5478,20,1668,2025-12-01,938.02,Accessories,0
5479,20,4508,2025-12-13,581.69,Home Appliances,15
5480,20,9076,2025-12-12,751.96,Mobile Accessories,10
5481,20,6732,2025-12-09,721.28,Accessories,5
5482,20,2437,2025-12-08,637.65,Computing,5
5483,20,8569,2025-12-15,634.89,Mobile Accessories,10
5484,20,8363,2025-11-30,664.56,Electronics,0
5485,20,2672,2025-11-18,778.65,Home Appliances,20
5486,20,9927,2025-12-09,854.76,Computing,0
5487,20,1648,2025-11-25,649.43,Accessories,0
5488,20,6232,2025-11-29,864.43,Mobile Accessories,15
5489,20,6336,2025-12-10,671.89,Computing,5
5490,20,6611,2025-11-29,865.01,Electronics,15
5491,20,9270,2025-11-30,538.6,Home Appliances,5
5492,20,6347,2025-12-09,697.97,Computing,10
5493,20,6793,2025-11-29,847.55,Accessories,5
5494,20,4910,2025-11-25,923.56,Home Appliances,0
5495,20,5267,2025-11-28,765.92,Mobile Accessories,0
5496,20,3175,2025-11-22,946.04,Electronics,15
5497,20,6899,2025-11-26,643.24,Mobile Accessories,15
5498,20,9298,2025-12-05,615.07,Accessories,20
5499,20,6163,2025-12-13,562.02,Home Appliances,20
5500,20,2899,2025-11-23,877.97,Electronics,15
5501,20,9251,2025-11-22,619.53,Mobile Accessories,10
5502,20,3070,2025-11-29,734.37,Electronics,15
5503,20,827,2025-12-01,779.7,Accessories,10
5504,20,1462,2025-11-26,828.55,Home Appliances,0
5505,20,1410,2025-12-01,662.32,Computing,5
5506,20,8949,2025-11-24,565.79,Home Appliances,0
5507,20,8368,2025-11-21,933.29,Mobile Accessories,5
5508,20,5142,2025-11-19,864.0,Mobile Accessories,0
5509,20,336,2025-12-15,590.35,Mobile Accessories,10
5510,20,8466,2025-11-22,758.94,Accessories,5
5511,20,9258,2025-12-15,511.87,Mobile Accessories,20
5512,20,3088,2025-11-29,567.03,Electronics,0
5513,20,11,2025-11-30,612.83,Accessories,10
5514,20,5732,2025-12-14,638.0,Mobile Accessories,20
5515,20,474,2025-11-30,676.25,Computing,20
5516,20,4065,2025-11-26,890.85,Accessories,0
5517,20,3634,2025-12-06,920.42,Computing,5
5518,20,1710,2025-11-30,455.32,Home Appliances,5
5519,20,1708,2025-12-09,667.24,Accessories,15
5520,20,7197,2025-12-03,828.11,Mobile Accessories,15
5521,20,2065,2025-12-08,572.31,Mobile Accessories,20
5522,20,3815,2025-12-09,459.36,Home Appliances,5
5523,20,8934,2025-11-24,810.14,Mobile Accessories,10
5524,20,7660,2025-12-11,827.75,Home Appliances,20
5525,20,8299,2025-11-29,395.71,Mobile Accessories,10
5526,20,9548,2025-11-20,301.6,Computing,20
5527,20,556,2025-12-12,800.12,Home Appliances,0
5528,20,4383,2025-11-18,935.07,Accessories,10
5529,20,7773,2025-12-14,1040.48,Computing,10
5530,20,5630,2025-11-21,585.67,Home Appliances,5
5531,20,3581,2025-12-05,762.22,Home Appliances,20
5532,20,5150,2025-11-21,767.68,Home Appliances,15
5533,20,5950,2025-12-15,1043.15,Computing,15
5534,20,3644,2025-12-10,687.17,Accessories,20
5535,20,6091,2025-12-12,844.59,Accessories,0
5536,20,5424,2025-11-18,730.8,Electronics,20
5537,20,9569,2025-12-12,671.02,Computing,5
5538,20,8605,2025-11-28,664.29,Home Appliances,15
5539,20,6801,2025-12-13,745.15,Accessories,20
5540,20,5095,2025-11-24,616.89,Accessories,10
5541,20,2203,2025-12-13,597.67,Home Appliances,15
5542,20,8434,2025-12-07,814.14,Computing,20
5543,20,14,2025-12-09,624.08,Mobile Accessories,5
5544,20,7238,2025-11-22,698.15,Home Appliances,10
5545,20,6859,2025-11-26,584.61,Accessories,5
5546,20,2817,2025-11-19,783.18,Home Appliances,20
5547,20,9375,2025-11-29,922.97,Mobile Accessories,20
5548,20,1842,2025-11-22,437.25,Accessories,10
5549,20,2910,2025-11-22,782.66,Mobile Accessories,5
5550,20,3614,2025-11-30,1016.58,Computing,20
5551,20,5123,2025-12-06,570.48,Home Appliances,10
5552,20,5326,2025-11-23,482.16,Accessories,20
5553,20,3126,2025-12-12,837.95,Electronics,15
5554,20,407,2025-11-26,703.64,Electronics,10
5555,20,10,2025-11-27,764.18,Accessories,15
5556,20,9890,2025-12-15,650.57,Mobile Accessories,10
5557,20,1877,2025-12-13,502.1,Home Appliances,20
5558,20,8399,2025-11-26,839.92,Accessories,5
5559,20,657,2025-11-30,803.02,Electronics,10
5560,20,4001,2025-12-14,580.49,Computing,20
5561,20,4845,2025-11-30,477.22,Mobile Accessories,15
5562,20,2913,2025-11-28,598.61,Mobile Accessories,15
5563,20,3150,2025-12-04,930.56,Home Appliances,0
5564,20,6058,2025-11-18,728.07,Mobile Accessories,5
5565,20,9754,2025-12-11,208.07,Computing,0
5566,20,4028,2025-12-13,514.66,Home Appliances,20
5567,20,1711,2025-12-09,452.44,Home Appliances,5
5568,20,7569,2025-11-18,532.31,Home Appliances,20
5569,20,1497,2025-12-07,568.98,Mobile Accessories,5
5570,20,6192,2025-12-11,683.33,Electronics,0
5571,20,7338,2025-12-02,898.6,Accessories,15
5572,20,7169,2025-12-12,557.22,Computing,0
5573,20,9849,2025-11-30,818.47,Mobile Accessories,15
5574,20,9494,2025-12-13,780.18,Mobile Accessories,10
5575,20,7925,2025-12-04,680.44,Electronics,10
5576,20,2204,2025-12-12,828.62,Computing,0
5577,20,5556,2025-11-25,540.3,Mobile Accessories,15
5578,20,7859,2025-11-25,631.17,Computing,20
5579,20,3980,2025-11-27,763.46,Mobile Accessories,10
5580,20,41,2025-12-12,625.72,Computing,10
5581,20,1478,2025-11-28,702.51,Mobile Accessories,20
5582,20,2212,2025-11-21,645.33,Mobile Accessories,20
5583,20,2064,2025-11-29,781.72,Accessories,20
5584,20,5790,2025-12-08,769.44,Accessories,0
5585,20,1824,2025-12-10,792.71,Computing,10
5586,20,344,2025-12-11,743.25,Home Appliances,10
5587,20,838,2025-11-25,755.54,Computing,15
5588,20,2569,2025-12-15,917.95,Computing,10
5589,20,2552,2025-12-10,901.63,Computing,10
5590,20,4297,2025-11-29,978.23,Electronics,20
5591,20,9141,2025-12-13,644.2,Mobile Accessories,15
5592,20,9380,2025-12-09,818.86,Mobile Accessories,15
5593,20,1159,2025-12-07,806.98,Accessories,5
5594,20,5022,2025-12-07,626.38,Mobile Accessories,15
5595,20,3925,2025-11-23,659.74,Home Appliances,20
5596,20,984,2025-12-10,667.78,Electronics,15
5597,20,2994,2025-12-01,856.1,Accessories,15
5598,20,1350,2025-11-29,965.54,Accessories,10
5599,20,2636,2025-11-29,573.85,Computing,10
5600,20,1850,2025-11-29,879.33,Mobile Accessories,10
5601,20,870,2025-11-25,658.13,Home Appliances,20
5602,20,3784,2025-12-09,906.82,Mobile Accessories,10
5603,20,196,2025-12-14,627.02,Accessories,10
5604,20,5613,2025-12-04,838.43,Mobile Accessories,5
5605,20,9245,2025-12-04,699.99,Home Appliances,0
5606,20,7674,2025-12-01,826.58,Electronics,10
5607,20,6519,2025-11-23,595.71,Mobile Accessories,5
5608,20,1900,2025-11-30,630.56,Computing,15
5609,20,6551,2025-12-01,606.51,Computing,5
5610,20,4956,2025-11-28,664.61,Computing,20
5611,20,6034,2025-12-03,417.61,Home Appliances,5
5612,20,1007,2025-12-02,758.19,Computing,5
5613,20,5651,2025-11-26,636.4,Mobile Accessories,15
5614,20,5314,2025-11-28,822.94,Electronics,10
5615,20,1854,2025-12-03,821.77,Mobile Accessories,10
5616,20,4514,2025-12-11,628.13,Computing,15
5617,20,3553,2025-12-01,762.57,Accessories,20
5618,20,882,2025-11-27,607.03,Accessories,5
5619,20,145,2025-12-14,667.88,Home Appliances,10
5620,20,509,2025-12-09,845.98,Electronics,0
5621,20,8845,2025-12-01,606.8,Electronics,10
5622,20,9975,2025-12-02,771.14,Computing,20
5623,20,1905,2025-11-20,538.89,Home Appliances,0
5624,20,1380,2025-11-18,563.38,Mobile Accessories,20
5625,20,3910,2025-11-26,736.29,Computing,5
5626,20,8798,2025-12-06,650.0,Electronics,10
5627,20,7265,2025-12-02,686.03,Home Appliances,0
5628,20,8694,2025-12-07,648.74,Home Appliances,10
5629,20,7250,2025-11-19,565.83,Mobile Accessories,20
5630,20,4833,2025-12-07,555.91,Home Appliances,10
5631,20,7889,2025-11-20,794.94,Mobile Accessories,15
5632,20,6946,2025-12-06,754.96,Electronics,15
5633,20,2178,2025-12-07,746.55,Home Appliances,0
5634,20,200,2025-12-05,647.0,Mobile Accessories,20
5635,20,2373,2025-12-05,626.96,Accessories,15
5636,20,5027,2025-11-20,780.82,Computing,0
5637,20,7917,2025-12-05,402.38,Electronics,20
5638,20,1874,2025-11-28,884.92,Computing,10
5639,20,1584,2025-11-24,629.07,Home Appliances,10
5640,20,8103,2025-11-29,662.96,Computing,15
5641,20,6176,2025-11-29,517.47,Home Appliances,0
5642,20,8306,2025-12-07,939.68,Home Appliances,0
5643,20,2268,2025-12-13,820.27,Computing,20
5644,20,5000,2025-12-15,659.91,Accessories,5
5645,20,8780,2025-12-01,513.28,Mobile Accessories,10
5646,20,4064,2025-11-26,572.7,Accessories,5
5647,20,809,2025-11-20,631.48,Home Appliances,0
5648,20,2168,2025-11-26,754.99,Accessories,10
5649,20,2413,2025-12-04,831.61,Accessories,0
5650,20,4914,2025-12-03,812.92,Accessories,5
5651,20,4218,2025-12-14,649.4,Computing,0
5652,20,8837,2025-11-26,843.29,Home Appliances,20
5653,20,1904,2025-12-08,773.96,Mobile Accessories,5
5654,20,8823,2025-12-14,551.35,Mobile Accessories,10
5655,20,3122,2025-11-27,874.46,Electronics,5
5656,20,6494,2025-12-02,786.98,Electronics,20
5657,20,4465,2025-12-05,588.61,Accessories,15
5658,20,6252,2025-12-02,900.77,Electronics,10
5659,20,1033,2025-11-21,447.56,Accessories,15
5660,20,7349,2025-12-01,659.21,Computing,5
5661,20,2563,2025-12-11,499.01,Home Appliances,20
5662,20,891,2025-12-01,687.02,Electronics,5
5663,20,5579,2025-12-10,629.83,Mobile Accessories,20
5664,20,4388,2025-12-14,858.42,Electronics,15
5665,20,3775,2025-12-07,558.59,Mobile Accessories,10
5666,20,1846,2025-11-20,668.35,Accessories,5
5667,20,7132,2025-11-23,748.23,Electronics,15
5668,20,2158,2025-12-09,959.21,Electronics,0
5669,20,6466,2025-11-19,903.96,Accessories,10
5670,20,6871,2025-11-30,648.21,Mobile Accessories,10
5671,20,1402,2025-11-21,717.14,Electronics,10
5672,20,1258,2025-11-28,370.78,Mobile Accessories,5
5673,20,2411,2025-11-30,442.36,Computing,5
5674,20,5181,2025-11-20,812.03,Mobile Accessories,10
5675,20,2667,2025-12-03,711.33,Computing,0
5676,20,5104,2025-11-30,747.89,Computing,0
5677,20,1784,2025-12-08,664.32,Accessories,5
5678,20,4448,2025-12-01,557.02,Accessories,15
5679,20,337,2025-12-11,447.0,Mobile Accessories,10
5680,20,1058,2025-11-23,525.08,Electronics,10
5681,20,5673,2025-11-23,606.84,Electronics,20
5682,20,570,2025-12-01,667.12,Home Appliances,5
5683,20,1393,2025-12-09,615.93,Accessories,0
5684,20,2878,2025-12-11,598.55,Home Appliances,20
5685,20,3116,2025-11-29,466.64,Home Appliances,0
5686,20,3302,2025-11-28,779.3,Mobile Accessories,15
5687,20,460,2025-12-04,425.16,Computing,20
5688,20,6778,2025-11-23,548.82,Electronics,15
5689,20,8162,2025-11-25,529.94,Accessories,20
5690,20,8371,2025-12-14,935.19,Home Appliances,20
5691,20,8041,2025-12-14,968.39,Home Appliances,10
5692,20,2260,2025-11-23,771.77,Home Appliances,20
5693,20,8191,2025-12-15,510.18,Electronics,0
5694,20,2605,2025-11-30,612.94,Accessories,5
5695,20,1583,2025-11-25,807.79,Home Appliances,0
5696,20,564,2025-12-12,617.83,Accessories,10
5697,20,2550,2025-12-02,647.52,Accessories,5
5698,20,7782,2025-11-29,1003.94,Accessories,15
5699,20,15,2025-12-09,460.27,Electronics,5
5700,20,808,2025-12-13,807.0,Electronics,5
5701,20,1059,2025-12-07,592.18,Mobile Accessories,10
5702,20,5347,2025-11-18,753.35,Electronics,5
5703,20,3386,2025-12-09,566.86,Accessories,0
5704,20,402,2025-11-23,767.44,Home Appliances,15
5705,20,1078,2025-12-07,629.32,Electronics,20
5706,20,5232,2025-11-25,538.78,Accessories,10
5707,20,6525,2025-12-04,865.21,Electronics,0
5708,20,3949,2025-11-28,777.54,Home Appliances,20
5709,20,7776,2025-11-30,683.8,Computing,10
5710,20,1839,2025-11-22,560.96,Mobile Accessories,20
5711,20,512,2025-11-20,562.13,Computing,5
5712,20,8121,2025-11-18,714.0,Home Appliances,5
5713,20,4656,2025-12-12,705.92,Computing,20
5714,20,2625,2025-11-28,949.61,Accessories,10
5715,20,8707,2025-11-22,699.35,Electronics,20
5716,20,2925,2025-11-20,727.19,Home Appliances,15
5717,20,1670,2025-12-06,634.26,Computing,0
5718,20,1897,2025-12-12,643.18,Computing,0
5719,20,9597,2025-11-24,782.73,Electronics,20
5720,20,5704,2025-12-05,996.76,Accessories,20
5721,20,8712,2025-12-07,1045.54,Accessories,20
5722,20,3250,2025-12-08,782.69,Accessories,15
5723,20,9045,2025-12-04,765.54,Mobile Accessories,5
5724,20,6489,2025-11-23,303.8,Accessories,15
5725,20,9607,2025-12-04,492.36,Mobile Accessories,0
5726,20,2409,2025-12-09,695.68,Accessories,20
5727,20,6606,2025-11-20,677.36,Home Appliances,0
5728,20,8071,2025-12-07,519.46,Home Appliances,10
5729,20,2459,2025-12-07,748.83,Accessories,10
5730,20,4899,2025-12-06,824.16,Mobile Accessories,15
5731,20,8213,2025-12-12,708.46,Mobile Accessories,5
5732,20,5739,2025-12-06,494.8,Electronics,0
5733,20,3426,2025-11-26,757.09,Mobile Accessories,10
5734,20,3510,2025-11-28,774.44,Electronics,5
5735,20,3246,2025-11-24,869.78,Accessories,10
5736,20,1947,2025-12-08,648.9,Home Appliances,5
5737,20,7780,2025-11-19,749.7,Home Appliances,5
5738,20,3693,2025-11-18,714.54,Accessories,0
5739,20,5766,2025-12-05,721.4,Accessories,20
5740,20,1684,2025-11-28,703.71,Home Appliances,10
5741,20,3477,2025-12-09,704.39,Computing,20
5742,20,8166,2025-11-23,626.49,Mobile Accessories,5
5743,20,8426,2025-12-12,809.72,Accessories,0
5744,20,4570,2025-11-22,822.96,Computing,5
5745,20,1928,2025-11-29,635.02,Electronics,10
5746,20,2235,2025-11-23,830.75,Home Appliances,5
5747,20,1231,2025-11-29,790.97,Mobile Accessories,0
5748,20,9018,2025-12-04,757.42,Accessories,0
5749,20,3939,2025-11-29,1065.57,Mobile Accessories,20
5750,20,334,2025-11-18,717.28,Mobile Accessories,15
5751,20,1507,2025-12-13,793.48,Accessories,0
5752,20,9694,2025-11-18,991.86,Computing,5
5753,20,185,2025-12-05,791.6,Home Appliances,5
5754,20,8857,2025-12-10,688.47,Computing,20
5755,20,6345,2025-11-28,650.01,Mobile Accessories,5
5756,20,5656,2025-12-10,736.13,Mobile Accessories,0
5757,20,8568,2025-12-09,936.74,Mobile Accessories,20
5758,20,6026,2025-12-11,872.39,Accessories,10
5759,20,9122,2025-12-10,839.11,Electronics,0
5760,20,761,2025-12-14,276.11,Accessories,20
5761,20,8495,2025-11-22,391.26,Accessories,10
5762,20,7256,2025-11-26,704.43,Mobile Accessories,15
5763,20,4559,2025-11-30,829.61,Home Appliances,20
5764,20,2912,2025-11-21,676.12,Mobile Accessories,20
5765,20,3860,2025-12-15,676.89,Mobile Accessories,10
5766,20,9014,2025-12-04,801.77,Mobile Accessories,15
5767,20,1989,2025-11-20,1093.99,Electronics,10
5768,20,8451,2025-12-06,703.77,Electronics,20
5769,20,282,2025-11-20,982.74,Electronics,15
5770,20,399,2025-12-07,789.81,Home Appliances,0
5771,20,7920,2025-12-01,654.9,Electronics,5
5772,20,8963,2025-11-18,873.86,Electronics,15
5773,20,9956,2025-11-28,696.8,Computing,15
5774,20,1245,2025-11-21,401.39,Electronics,10
5775,20,5083,2025-11-23,607.92,Home Appliances,20
5776,20,5087,2025-11-19,647.51,Electronics,5
5777,20,1101,2025-12-12,606.25,Accessories,20
5778,20,6421,2025-11-25,560.43,Home Appliances,20
5779,20,235,2025-11-24,732.23,Accessories,10
5780,20,5746,2025-11-23,592.5,Computing,10
5781,20,5451,2025-12-12,608.26,Mobile Accessories,15
5782,20,4538,2025-11-20,891.28,Accessories,10
5783,20,7627,2025-11-21,800.34,Home Appliances,15
5784,20,8615,2025-12-05,700.44,Computing,10
5785,20,7958,2025-11-28,805.07,Home Appliances,10
5786,20,8745,2025-12-05,631.81,Mobile Accessories,5
5787,20,2148,2025-11-20,315.03,Electronics,20
5788,20,7222,2025-12-09,646.35,Computing,20
5789,20,3490,2025-12-09,637.72,Electronics,15
5790,20,9370,2025-11-24,845.99,Computing,10
5791,20,3276,2025-11-19,562.71,Home Appliances,15
5792,20,714,2025-11-18,984.84,Mobile Accessories,20
5793,20,4779,2025-11-30,775.17,Accessories,20
5794,20,1226,2025-12-03,815.24,Electronics,5
5795,20,7212,2025-11-30,520.03,Home Appliances,20
5796,20,8556,2025-11-23,812.25,Electronics,0
5797,20,3201,2025-11-20,660.47,Computing,0
5798,20,2417,2025-11-21,763.98,Home Appliances,0
5799,20,489,2025-11-22,522.02,Accessories,10
5800,20,8646,2025-11-21,681.74,Computing,10
5801,20,2535,2025-11-23,882.77,Mobile Accessories,15
5802,20,503,2025-12-04,774.63,Home Appliances,20
5803,20,1051,2025-12-03,695.59,Accessories,15
5804,20,5629,2025-11-23,853.83,Computing,0
5805,20,1378,2025-12-07,467.04,Accessories,10
5806,20,1636,2025-12-05,522.09,Accessories,5
5807,20,4387,2025-11-30,578.96,Accessories,5
5808,20,2083,2025-12-05,903.39,Mobile Accessories,20
5809,20,7133,2025-11-29,640.77,Computing,15
5810,20,2709,2025-12-05,569.07,Accessories,10
5811,20,9767,2025-12-13,481.14,Electronics,10
5812,20,7611,2025-12-09,508.39,Computing,10
5813,20,9006,2025-12-10,649.96,Accessories,20
5814,20,3711,2025-12-08,860.17,Mobile Accessories,5
5815,20,144,2025-11-29,718.38,Home Appliances,5
5816,20,5490,2025-12-10,712.94,Accessories,10
5817,20,1939,2025-12-04,536.46,Accessories,15
5818,20,1429,2025-12-15,719.65,Accessories,20
5819,20,8091,2025-11-28,733.16,Mobile Accessories,0
5820,20,4869,2025-11-22,693.47,Electronics,5
5821,20,504,2025-11-21,445.42,Computing,10
5822,20,389,2025-12-09,679.26,Electronics,0
5823,20,3097,2025-12-14,869.96,Electronics,20
5824,20,1630,2025-11-29,696.62,Accessories,15
5825,20,8192,2025-11-25,995.03,Electronics,10
5826,20,3776,2025-11-24,1012.42,Mobile Accessories,10
5827,20,4152,2025-12-14,672.56,Accessories,15
5828,20,1672,2025-11-29,602.11,Electronics,20
5829,20,8024,2025-11-29,750.53,Accessories,15
5830,20,8748,2025-11-24,634.56,Home Appliances,0
5831,20,2376,2025-11-22,648.26,Home Appliances,10
5832,20,5575,2025-12-02,620.01,Mobile Accessories,0
5833,20,6523,2025-11-22,717.6,Computing,10
5834,20,1271,2025-12-01,893.24,Home Appliances,0
5835,20,3074,2025-11-28,732.04,Accessories,10
5836,20,7275,2025-12-08,695.74,Home Appliances,10
5837,20,435,2025-11-21,485.56,Accessories,15
5838,20,6552,2025-12-01,618.13,Electronics,15
5839,20,8230,2025-11-26,651.0,Computing,5
5840,20,901,2025-12-08,670.6,Computing,5
5841,20,470,2025-11-24,850.71,Mobile Accessories,10
5842,20,7729,2025-12-02,679.69,Electronics,5
5843,20,8671,2025-12-15,600.06,Mobile Accessories,0
5844,20,936,2025-12-01,491.07,Accessories,15
5845,20,803,2025-12-12,500.28,Computing,0
5846,20,5715,2025-12-08,808.44,Home Appliances,10
5847,20,3514,2025-12-13,669.1,Mobile Accessories,10
5848,20,5442,2025-11-18,756.75,Home Appliances,0
5849,20,8345,2025-11-30,887.91,Accessories,15
5850,20,3669,2025-12-01,825.61,Accessories,20
5851,20,8807,2025-11-25,851.05,Electronics,10
5852,20,8747,2025-11-25,681.59,Electronics,20
5853,20,7547,2025-12-06,748.45,Accessories,5
5854,20,2441,2025-11-29,763.2,Mobile Accessories,10
5855,20,6631,2025-11-25,901.84,Computing,15
5856,20,9945,2025-11-30,974.69,Accessories,0
5857,20,5303,2025-11-25,479.72,Accessories,10
5858,20,2720,2025-12-11,616.6,Mobile Accessories,10
5859,20,90,2025-11-27,648.12,Mobile Accessories,15
5860,20,1987,2025-12-15,802.69,Mobile Accessories,5
5861,20,5307,2025-11-27,849.76,Mobile Accessories,15
5862,20,9010,2025-12-03,687.01,Computing,10
5863,20,4957,2025-12-10,798.82,Electronics,10
5864,20,9990,2025-12-10,829.94,Mobile Accessories,0
5865,20,6808,2025-11-21,762.52,Home Appliances,20
5866,20,3200,2025-11-26,483.78,Accessories,20
5867,20,8005,2025-11-18,786.4,Computing,20
5868,20,1855,2025-12-11,840.34,Electronics,10
5869,20,5155,2025-11-24,765.65,Electronics,10
5870,20,3212,2025-11-27,608.09,Home Appliances,10
5871,20,2648,2025-12-10,912.97,Mobile Accessories,15
5872,20,8068,2025-12-02,734.58,Computing,0
5873,20,1789,2025-12-12,723.63,Electronics,20
5874,20,5928,2025-11-19,664.57,Computing,20
5875,20,8602,2025-12-02,885.56,Mobile Accessories,5
5876,20,9113,2025-12-05,775.42,Home Appliances,10
5877,20,3005,2025-11-23,579.75,Electronics,5
5878,20,9684,2025-12-02,830.44,Computing,15
5879,20,3369,2025-11-21,786.45,Mobile Accessories,20
5880,20,6394,2025-12-01,940.27,Home Appliances,15
5881,20,4491,2025-11-20,690.97,Mobile Accessories,15
5882,20,8598,2025-12-12,802.77,Mobile Accessories,0
5883,20,6747,2025-12-04,612.25,Accessories,20
5884,20,4749,2025-11-30,868.5,Computing,10
5885,20,1475,2025-12-05,685.65,Electronics,20
5886,20,4318,2025-11-29,432.1,Electronics,20
5887,20,9237,2025-12-09,658.1,Mobile Accessories,20
5888,20,3237,2025-11-22,862.57,Home Appliances,20
5889,20,3235,2025-11-20,554.9,Electronics,5
5890,20,9727,2025-12-14,567.49,Computing,15
5891,20,7015,2025-11-27,669.58,Computing,20
5892,20,3304,2025-11-22,784.03,Mobile Accessories,0
5893,20,4025,2025-12-12,526.46,Accessories,5
5894,20,9163,2025-11-21,554.94,Home Appliances,5
5895,20,9439,2025-12-11,1129.13,Computing,15
5896,20,4118,2025-11-22,497.24,Mobile Accessories,10
5897,20,102,2025-11-30,728.76,Home Appliances,10
5898,20,2954,2025-11-25,726.22,Electronics,15
5899,20,1385,2025-11-19,985.6,Electronics,20
5900,20,3666,2025-11-29,699.24,Home Appliances,10
5901,20,804,2025-11-28,891.27,Electronics,5
5902,20,4120,2025-11-24,598.83,Electronics,10
5903,20,8331,2025-12-02,558.14,Mobile Accessories,5
5904,20,8988,2025-11-29,634.59,Accessories,10
5905,20,7588,2025-11-27,550.35,Accessories,10
5906,20,4268,2025-11-19,702.78,Electronics,5
5907,20,2416,2025-11-29,812.73,Accessories,0
5908,20,2082,2025-11-21,658.28,Home Appliances,0
5909,20,5562,2025-12-10,817.84,Mobile Accessories,20
5910,20,4190,2025-11-24,817.5,Home Appliances,15
5911,20,7653,2025-12-07,441.94,Computing,15
5912,20,4073,2025-12-05,608.14,Accessories,20
5913,20,7142,2025-11-23,838.87,Mobile Accessories,5
5914,20,306,2025-12-04,530.91,Computing,5
5915,20,5172,2025-12-11,685.84,Home Appliances,0
5916,20,2215,2025-11-27,722.21,Accessories,0
5917,20,7463,2025-11-18,602.6,Home Appliances,0
5918,20,5021,2025-11-27,805.04,Electronics,20
5919,20,2277,2025-11-28,750.2,Computing,5
5920,20,16,2025-12-01,768.9,Electronics,15
5921,20,6627,2025-12-12,670.49,Mobile Accessories,10
5922,20,1759,2025-11-28,555.8,Mobile Accessories,0
5923,20,7304,2025-11-22,961.06,Computing,0
5924,20,9027,2025-12-08,496.32,Computing,5
5925,20,6041,2025-12-04,587.76,Computing,15
5926,20,2289,2025-12-12,704.45,Home Appliances,10
5927,20,4484,2025-11-29,750.88,Mobile Accessories,0
5928,20,8131,2025-12-09,624.83,Mobile Accessories,5
5929,20,3249,2025-11-26,941.69,Computing,15
5930,20,7887,2025-12-15,473.28,Computing,15
5931,20,7189,2025-12-07,674.34,Accessories,5
5932,20,1875,2025-11-20,530.84,Mobile Accessories,20
5933,20,321,2025-12-03,694.85,Home Appliances,0
5934,20,763,2025-11-18,567.48,Electronics,10
5935,20,500,2025-11-24,940.86,Accessories,20
5936,20,5454,2025-11-19,764.76,Home Appliances,20
5937,20,2865,2025-12-11,622.97,Electronics,20
5938,20,1639,2025-12-05,787.94,Computing,15
5939,20,5340,2025-12-05,555.53,Accessories,10
5940,20,8265,2025-11-19,675.76,Electronics,10
5941,20,3785,2025-12-04,475.54,Home Appliances,15
5942,20,970,2025-11-26,637.62,Home Appliances,20
5943,20,7041,2025-12-02,724.96,Electronics,5
5944,20,9425,2025-11-19,715.23,Accessories,5
5945,20,1657,2025-12-12,520.07,Mobile Accessories,20
5946,20,6387,2025-11-30,673.83,Accessories,20
5947,20,9593,2025-12-12,661.95,Home Appliances,0
5948,20,9302,2025-11-26,780.17,Accessories,10
5949,20,510,2025-12-13,755.72,Electronics,20
5950,20,524,2025-12-05,693.5,Mobile Accessories,5
5951,20,7737,2025-11-18,852.97,Electronics,15
5952,20,3884,2025-11-24,759.27,Home Appliances,0
5953,20,1437,2025-12-07,627.83,Computing,0
5954,20,1773,2025-11-24,625.2,Home Appliances,20
5955,20,7763,2025-12-05,790.01,Computing,15
5956,20,4969,2025-12-08,877.82,Accessories,15
5957,20,7790,2025-11-27,874.8,Electronics,5
5958,20,5667,2025-11-26,1011.63,Computing,20
5959,20,1164,2025-12-08,742.66,Computing,20
5960,20,3007,2025-12-04,590.38,Accessories,10
5961,20,195,2025-11-28,733.15,Electronics,15
5962,20,7923,2025-11-28,554.47,Accessories,0
5963,20,802,2025-12-07,828.66,Computing,0
5964,20,6339,2025-11-20,723.76,Mobile Accessories,20
