customer_id,first_name,last_name,gender,age,city,state,signup_date,customer_segment,acquisition_channel
1,Karan,Sharma,Female,39,Ahmedabad,Gujarat,2024-05-03,Budget,YouTube
2,Riya,Sharma,Male,24,Bengaluru,Karnataka,2023-02-26,Regular,Email
3,Ananya,Mehta,Female,50,Delhi,Delhi,2024-05-26,Regular,Referral
4,Ishaan,Reddy,Female,53,Kolkata,West Bengal,2023-04-14,Regular,Organic Search
5,Kabir,Sharma,Female,24,Jaipur,Rajasthan,2024-07-10,Premium,Facebook
6,Priya,Trivedi,Female,44,Vadodara,Gujarat,2023-03-01,Premium,Referral
7,Karan,Shah,Male,19,Pune,Maharashtra,2025-01-04,VIP,Referral
8,Simran,Joshi,Male,34,Jaipur,Rajasthan,2024-01-06,Budget,Referral
9,Meera,Agarwal,Female,18,Ahmedabad,Gujarat,2023-01-26,Premium,Organic Search
10,Sneha,Malhotra,Female,47,Chennai,Tamil Nadu,2024-01-28,Regular,Instagram
11,Ishaan,Patel,Male,39,Rajkot,Gujarat,2024-08-28,Regular,Instagram
12,Ishaan,Gupta,Male,45,Indore,Madhya Pradesh,2023-04-20,Premium,Email
13,Neha,Sharma,Male,50,Chennai,Tamil Nadu,2025-02-11,Premium,Email
14,Priya,Parmar,Male,43,Hyderabad,Telangana,2023-09-11,Regular,Referral
15,Arjun,Soni,Male,52,Bengaluru,Karnataka,2025-07-05,Regular,YouTube
16,Kabir,Pandya,Male,28,Lucknow,Uttar Pradesh,2025-02-04,Regular,Google Ads
17,Neha,Parmar,Female,24,Rajkot,Gujarat,2024-06-21,Regular,Referral
18,Aditya,Mishra,Male,45,Jaipur,Rajasthan,2024-09-06,Premium,Referral
19,Kavya,Shah,Male,42,Indore,Madhya Pradesh,2024-08-09,Regular,Organic Search
20,Priya,Mehta,Female,58,Delhi,Delhi,2024-08-19,Regular,Organic Search
21,Vivaan,Agarwal,Male,48,Rajkot,Gujarat,2023-04-23,Regular,Google Ads
22,Neha,Parmar,Male,20,Nagpur,Maharashtra,2024-07-22,Budget,Organic Search
23,Yash,Agarwal,Male,50,Rajkot,Gujarat,2025-08-12,Premium,Google Ads
24,Rahul,Thakkar,Female,51,Ahmedabad,Gujarat,2025-06-14,Budget,Instagram
25,Vivaan,Shah,Male,38,Nagpur,Maharashtra,2025-01-31,Regular,YouTube
26,Tanya,Joshi,Female,54,Mumbai,Maharashtra,2025-07-26,Premium,Organic Search
27,Priya,Thakkar,Male,36,Delhi,Delhi,2024-10-14,Regular,Google Ads
28,Aarav,Kumar,Female,54,Mumbai,Maharashtra,2023-03-25,Premium,Referral
29,Yash,Mishra,Male,38,Hyderabad,Telangana,2024-12-19,Premium,Email
30,Simran,Soni,Male,31,Lucknow,Uttar Pradesh,2025-05-17,Budget,Organic Search
31,Kavya,Joshi,Male,27,Nagpur,Maharashtra,2025-08-06,Regular,Referral
32,Yash,Parmar,Female,24,Indore,Madhya Pradesh,2023-10-29,Regular,Organic Search
33,Pooja,Parmar,Male,46,Chennai,Tamil Nadu,2024-07-21,Regular,Instagram
34,Isha,Parmar,Male,57,Pune,Maharashtra,2024-06-24,Regular,Instagram
35,Nisha,Parmar,Female,25,Pune,Maharashtra,2023-04-02,Regular,Referral
36,Nisha,Soni,Female,56,Chennai,Tamil Nadu,2024-10-15,Budget,Organic Search
37,Dev,Pandya,Female,30,Hyderabad,Telangana,2024-09-05,Regular,Email
38,Tanya,Pandya,Male,36,Vadodara,Gujarat,2023-03-12,Budget,YouTube
39,Tanya,Agarwal,Female,28,Kolkata,West Bengal,2024-10-30,Budget,YouTube
40,Diya,Gupta,Male,19,Jaipur,Rajasthan,2023-03-22,Regular,Google Ads
41,Ananya,Pandya,Female,23,Mumbai,Maharashtra,2024-08-17,Regular,Email
42,Ananya,Patel,Female,46,Vadodara,Gujarat,2023-08-06,Budget,Facebook
43,Meera,Parmar,Male,58,Mumbai,Maharashtra,2025-06-02,Premium,YouTube
44,Yash,Reddy,Male,22,Nagpur,Maharashtra,2025-01-18,Regular,Google Ads
45,Sneha,Sharma,Male,58,Ahmedabad,Gujarat,2023-05-05,Premium,Instagram
46,Riya,Malhotra,Male,47,Chennai,Tamil Nadu,2023-07-20,Regular,YouTube
47,Pooja,Sharma,Female,56,Rajkot,Gujarat,2025-10-22,Budget,Facebook
48,Aditya,Trivedi,Female,53,Nagpur,Maharashtra,2024-07-27,Premium,Instagram
49,Rohan,Agarwal,Female,44,Indore,Madhya Pradesh,2025-11-09,Regular,Instagram
50,Meera,Thakkar,Male,35,Bengaluru,Karnataka,2025-09-09,Regular,Organic Search
51,Karan,Gupta,Male,53,Nagpur,Maharashtra,2024-12-22,Regular,Email
52,Priya,Kapoor,Female,33,Jaipur,Rajasthan,2025-08-09,Budget,Email
53,Aryan,Trivedi,Female,22,Hyderabad,Telangana,2023-06-29,Regular,Referral
54,Karan,Joshi,Male,26,Vadodara,Gujarat,2025-12-21,Budget,YouTube
55,Aanya,Patel,Female,51,Chennai,Tamil Nadu,2023-09-30,Regular,Facebook
56,Arjun,Soni,Female,51,Lucknow,Uttar Pradesh,2025-03-17,Premium,Email
57,Pooja,Agarwal,Female,53,Chennai,Tamil Nadu,2025-02-01,Premium,Google Ads
58,Tanya,Kapoor,Male,48,Kolkata,West Bengal,2025-10-30,Budget,Instagram
59,Krish,Kapoor,Female,37,Bengaluru,Karnataka,2024-11-29,Premium,Google Ads
60,Aanya,Shah,Male,34,Delhi,Delhi,2025-07-09,Regular,Instagram
61,Simran,Mehta,Female,37,Delhi,Delhi,2024-09-13,Budget,Google Ads
62,Aryan,Sharma,Male,45,Surat,Gujarat,2024-06-23,Premium,Instagram
63,Simran,Malhotra,Female,38,Kolkata,West Bengal,2025-09-12,Regular,Email
64,Priya,Thakkar,Female,36,Vadodara,Gujarat,2024-04-04,Budget,Google Ads
65,Vivaan,Soni,Female,20,Nagpur,Maharashtra,2025-12-20,Budget,YouTube
66,Riya,Patel,Male,47,Lucknow,Uttar Pradesh,2025-12-17,Regular,YouTube
67,Tanya,Thakkar,Female,22,Nagpur,Maharashtra,2023-10-27,Budget,Facebook
68,Ananya,Gupta,Female,59,Delhi,Delhi,2024-05-11,Premium,Facebook
69,Tanya,Thakkar,Male,23,Kolkata,West Bengal,2024-08-13,Regular,Organic Search
70,Karan,Joshi,Male,20,Mumbai,Maharashtra,2023-12-07,Regular,Referral
71,Yash,Pandya,Female,59,Nagpur,Maharashtra,2024-02-07,Budget,Facebook
72,Kabir,Agarwal,Female,41,Pune,Maharashtra,2023-10-15,Premium,Google Ads
73,Ananya,Parmar,Female,18,Pune,Maharashtra,2025-09-15,Regular,Instagram
74,Aditya,Reddy,Female,53,Chennai,Tamil Nadu,2023-08-02,Regular,Referral
75,Krish,Sharma,Female,32,Pune,Maharashtra,2024-06-15,Premium,Facebook
76,Isha,Kapoor,Male,58,Jaipur,Rajasthan,2025-05-19,Budget,Email
77,Arjun,Reddy,Female,55,Delhi,Delhi,2025-01-11,Regular,YouTube
78,Aanya,Mehta,Male,35,Jaipur,Rajasthan,2023-07-30,Regular,YouTube
79,Kabir,Joshi,Male,40,Ahmedabad,Gujarat,2023-06-20,Regular,Email
80,Arjun,Trivedi,Female,46,Delhi,Delhi,2024-06-21,Budget,YouTube
81,Vivaan,Singh,Male,58,Bengaluru,Karnataka,2025-03-12,Budget,Google Ads
82,Rahul,Singh,Female,39,Hyderabad,Telangana,2024-11-06,Regular,Organic Search
83,Kavya,Kumar,Male,41,Surat,Gujarat,2024-01-25,VIP,Email
84,Dev,Trivedi,Male,30,Kolkata,West Bengal,2024-02-25,Regular,Organic Search
85,Arjun,Joshi,Female,50,Chennai,Tamil Nadu,2023-03-03,Budget,Google Ads
86,Kavya,Mishra,Female,39,Kolkata,West Bengal,2023-03-27,Premium,Referral
87,Aanya,Singh,Male,52,Hyderabad,Telangana,2025-10-09,Regular,Organic Search
88,Simran,Gupta,Female,34,Hyderabad,Telangana,2024-05-05,Regular,YouTube
89,Yash,Trivedi,Female,39,Indore,Madhya Pradesh,2025-06-14,Regular,Email
90,Vivaan,Shah,Male,22,Hyderabad,Telangana,2023-03-01,Regular,Email
91,Dev,Parmar,Male,42,Delhi,Delhi,2024-04-21,Regular,Referral
92,Arjun,Parmar,Male,23,Indore,Madhya Pradesh,2023-11-16,Budget,Referral
93,Krish,Pandya,Female,34,Surat,Gujarat,2024-11-20,Premium,Referral
94,Diya,Gupta,Female,48,Nagpur,Maharashtra,2023-02-21,Budget,Email
95,Ananya,Pandya,Female,34,Bengaluru,Karnataka,2024-10-18,Budget,YouTube
96,Kabir,Kapoor,Male,50,Rajkot,Gujarat,2025-04-07,Budget,YouTube
97,Krish,Malhotra,Female,56,Hyderabad,Telangana,2023-04-29,Premium,YouTube
98,Sneha,Desai,Male,54,Lucknow,Uttar Pradesh,2024-12-21,Regular,Facebook
99,Tanya,Singh,Male,21,Chennai,Tamil Nadu,2024-05-20,Premium,Facebook
100,Pooja,Malhotra,Male,60,Delhi,Delhi,2024-09-28,Regular,Organic Search
101,Kabir,Parmar,Male,31,Bengaluru,Karnataka,2023-06-02,Budget,Instagram
102,Priya,Pandya,Male,30,Hyderabad,Telangana,2025-11-07,Regular,Organic Search
103,Diya,Pandya,Male,44,Ahmedabad,Gujarat,2025-12-23,Regular,Email
104,Raj,Trivedi,Male,41,Rajkot,Gujarat,2024-05-11,Regular,Organic Search
105,Aanya,Reddy,Female,44,Nagpur,Maharashtra,2023-03-20,Budget,YouTube
106,Ananya,Sharma,Male,25,Chennai,Tamil Nadu,2023-02-28,Premium,Email
107,Priya,Agarwal,Female,56,Lucknow,Uttar Pradesh,2025-02-01,Regular,Referral
108,Neha,Kumar,Female,38,Nagpur,Maharashtra,2025-04-05,Regular,Google Ads
109,Simran,Kapoor,Female,58,Rajkot,Gujarat,2025-12-20,Premium,Google Ads
110,Pooja,Mehta,Female,28,Ahmedabad,Gujarat,2023-09-01,Regular,YouTube
111,Tanya,Thakkar,Female,48,Rajkot,Gujarat,2023-07-27,Budget,Facebook
112,Tanya,Pandya,Male,44,Lucknow,Uttar Pradesh,2025-05-05,Regular,Organic Search
113,Tanya,Singh,Female,59,Vadodara,Gujarat,2024-08-22,Budget,Instagram
114,Raj,Desai,Female,44,Lucknow,Uttar Pradesh,2024-10-06,Budget,Organic Search
115,Aryan,Mishra,Female,25,Vadodara,Gujarat,2023-02-08,Budget,Facebook
116,Ananya,Singh,Male,50,Lucknow,Uttar Pradesh,2024-04-22,Premium,Email
117,Raj,Pandya,Female,29,Surat,Gujarat,2023-01-20,Regular,Facebook
118,Aarav,Soni,Female,52,Rajkot,Gujarat,2023-08-09,Premium,YouTube
119,Pooja,Agarwal,Female,51,Nagpur,Maharashtra,2023-10-02,Budget,Referral
120,Karan,Desai,Female,33,Rajkot,Gujarat,2024-04-07,Budget,Referral
121,Aryan,Mishra,Male,53,Jaipur,Rajasthan,2023-09-08,Premium,Facebook
122,Neha,Parmar,Female,19,Surat,Gujarat,2023-07-31,Regular,Google Ads
123,Aarav,Kapoor,Male,29,Jaipur,Rajasthan,2024-11-17,Premium,YouTube
124,Yash,Shah,Male,44,Rajkot,Gujarat,2024-02-23,Budget,Organic Search
125,Kabir,Soni,Female,34,Jaipur,Rajasthan,2024-05-21,Premium,YouTube
126,Neha,Joshi,Female,37,Bengaluru,Karnataka,2024-10-07,Regular,Organic Search
127,Ishaan,Verma,Male,38,Mumbai,Maharashtra,2025-05-18,Budget,YouTube
128,Meera,Reddy,Female,47,Chennai,Tamil Nadu,2024-05-06,Regular,Facebook
129,Isha,Patel,Female,59,Lucknow,Uttar Pradesh,2023-10-22,Premium,Google Ads
130,Kabir,Reddy,Female,37,Bengaluru,Karnataka,2024-04-01,Budget,Facebook
131,Aditya,Joshi,Male,25,Indore,Madhya Pradesh,2025-01-09,VIP,Email
132,Aditya,Joshi,Male,35,Pune,Maharashtra,2024-02-28,Regular,Referral
133,Aarav,Mishra,Female,35,Ahmedabad,Gujarat,2025-10-04,Regular,Instagram
134,Nisha,Gupta,Female,35,Rajkot,Gujarat,2023-10-19,Budget,Instagram
135,Rohan,Singh,Male,19,Vadodara,Gujarat,2023-06-05,Regular,Referral
136,Dev,Shah,Male,29,Surat,Gujarat,2023-12-16,Budget,Instagram
137,Karan,Mehta,Male,49,Lucknow,Uttar Pradesh,2023-08-31,Regular,Referral
138,Simran,Pandya,Male,59,Hyderabad,Telangana,2025-08-29,Premium,Email
139,Aryan,Reddy,Male,25,Vadodara,Gujarat,2023-09-15,Regular,Email
140,Tanya,Mehta,Male,27,Nagpur,Maharashtra,2024-08-07,Regular,Email
141,Karan,Gupta,Male,28,Chennai,Tamil Nadu,2023-02-04,Budget,Google Ads
142,Aryan,Patel,Female,31,Delhi,Delhi,2024-03-05,VIP,YouTube
143,Kabir,Mehta,Male,43,Surat,Gujarat,2023-04-05,Budget,Referral
144,Yash,Kapoor,Male,47,Mumbai,Maharashtra,2023-08-08,Budget,Organic Search
145,Vivaan,Parmar,Female,59,Lucknow,Uttar Pradesh,2023-10-28,Regular,Email
146,Aarav,Thakkar,Female,21,Vadodara,Gujarat,2025-11-26,Premium,Instagram
147,Diya,Mishra,Female,56,Vadodara,Gujarat,2025-02-13,VIP,Referral
148,Sneha,Sharma,Male,28,Surat,Gujarat,2024-02-04,VIP,Organic Search
149,Sneha,Reddy,Male,41,Chennai,Tamil Nadu,2024-11-20,Premium,Organic Search
150,Neha,Mehta,Female,39,Ahmedabad,Gujarat,2025-09-19,Regular,Instagram
151,Rohan,Gupta,Female,20,Mumbai,Maharashtra,2023-05-14,Budget,Referral
152,Aditya,Patel,Female,54,Delhi,Delhi,2024-10-22,Regular,Referral
153,Yash,Gupta,Male,19,Bengaluru,Karnataka,2023-09-15,Budget,Facebook
154,Kabir,Reddy,Female,29,Nagpur,Maharashtra,2025-11-28,Budget,Organic Search
155,Kavya,Reddy,Male,38,Pune,Maharashtra,2023-11-01,Budget,YouTube
156,Nisha,Malhotra,Male,22,Bengaluru,Karnataka,2024-06-09,Budget,Email
157,Aditya,Patel,Male,24,Nagpur,Maharashtra,2024-02-11,Regular,YouTube
158,Aarav,Pandya,Male,21,Surat,Gujarat,2025-06-04,Regular,Email
159,Aditya,Mishra,Female,60,Delhi,Delhi,2024-01-13,Regular,Instagram
160,Rohan,Kapoor,Female,58,Ahmedabad,Gujarat,2024-04-13,Premium,YouTube
161,Ananya,Joshi,Female,53,Nagpur,Maharashtra,2025-05-22,Regular,YouTube
162,Krish,Singh,Male,39,Chennai,Tamil Nadu,2025-09-16,Premium,Email
163,Aditya,Reddy,Female,46,Vadodara,Gujarat,2023-01-11,Regular,Email
164,Aarav,Singh,Male,26,Surat,Gujarat,2024-11-05,Budget,Organic Search
165,Rohan,Kumar,Male,43,Hyderabad,Telangana,2024-11-25,Budget,YouTube
166,Simran,Patel,Male,29,Mumbai,Maharashtra,2025-08-30,Regular,Referral
167,Sneha,Joshi,Female,18,Mumbai,Maharashtra,2023-01-09,Premium,Email
168,Krish,Sharma,Male,25,Delhi,Delhi,2023-01-28,Budget,YouTube
169,Karan,Desai,Male,50,Kolkata,West Bengal,2025-04-02,Premium,Facebook
170,Nisha,Mehta,Female,21,Kolkata,West Bengal,2024-11-16,Regular,YouTube
171,Aryan,Mishra,Female,31,Surat,Gujarat,2024-05-25,Budget,Google Ads
172,Ananya,Mehta,Female,46,Nagpur,Maharashtra,2024-05-16,Regular,YouTube
173,Ananya,Desai,Male,31,Surat,Gujarat,2024-08-04,Regular,Organic Search
174,Simran,Kumar,Male,26,Surat,Gujarat,2025-02-16,Budget,Organic Search
175,Dev,Trivedi,Female,26,Vadodara,Gujarat,2024-10-22,Regular,Referral
176,Tanya,Singh,Male,43,Surat,Gujarat,2023-01-03,Premium,Facebook
177,Raj,Reddy,Male,59,Rajkot,Gujarat,2023-02-12,Regular,Facebook
178,Meera,Trivedi,Female,34,Indore,Madhya Pradesh,2025-02-13,Budget,Referral
179,Karan,Parmar,Female,58,Vadodara,Gujarat,2023-02-11,Premium,Organic Search
180,Isha,Patel,Female,21,Kolkata,West Bengal,2024-12-30,Budget,Organic Search
181,Riya,Kumar,Female,20,Chennai,Tamil Nadu,2024-10-09,Budget,Instagram
182,Arjun,Sharma,Female,46,Indore,Madhya Pradesh,2024-10-18,Regular,Referral
183,Rohan,Patel,Female,42,Mumbai,Maharashtra,2025-05-30,Premium,Instagram
184,Sneha,Pandya,Female,38,Ahmedabad,Gujarat,2024-05-24,Regular,Organic Search
185,Karan,Parmar,Female,29,Hyderabad,Telangana,2023-02-06,Regular,Google Ads
186,Raj,Verma,Male,18,Rajkot,Gujarat,2025-04-02,VIP,Email
187,Ananya,Soni,Male,18,Kolkata,West Bengal,2024-08-01,Premium,Email
188,Ishaan,Kapoor,Male,24,Ahmedabad,Gujarat,2025-04-16,Budget,Facebook
189,Arjun,Reddy,Male,27,Delhi,Delhi,2024-05-31,Premium,Facebook
190,Raj,Pandya,Male,32,Nagpur,Maharashtra,2025-02-23,Regular,Instagram
191,Karan,Kumar,Male,57,Ahmedabad,Gujarat,2025-10-17,Budget,Organic Search
192,Nisha,Verma,Male,28,Surat,Gujarat,2025-05-28,Regular,Facebook
193,Meera,Patel,Male,40,Jaipur,Rajasthan,2025-12-17,Regular,YouTube
194,Kavya,Malhotra,Male,30,Chennai,Tamil Nadu,2025-08-16,Budget,YouTube
195,Tanya,Gupta,Male,44,Indore,Madhya Pradesh,2023-06-04,Budget,Google Ads
196,Vivaan,Thakkar,Male,58,Kolkata,West Bengal,2023-04-23,Regular,Organic Search
197,Dev,Soni,Female,34,Jaipur,Rajasthan,2025-04-15,Premium,YouTube
198,Raj,Verma,Male,30,Delhi,Delhi,2024-08-23,Budget,Google Ads
199,Pooja,Thakkar,Female,29,Surat,Gujarat,2024-03-17,Regular,Instagram
200,Priya,Joshi,Male,46,Rajkot,Gujarat,2023-08-16,Regular,YouTube
201,Rahul,Kumar,Female,38,Mumbai,Maharashtra,2025-05-23,Regular,Google Ads
202,Tanya,Malhotra,Male,37,Hyderabad,Telangana,2024-11-01,VIP,Organic Search
203,Tanya,Verma,Female,37,Pune,Maharashtra,2024-11-25,Regular,Email
204,Yash,Thakkar,Male,48,Bengaluru,Karnataka,2025-05-18,Regular,Google Ads
205,Yash,Verma,Female,25,Hyderabad,Telangana,2025-10-24,VIP,Referral
206,Riya,Thakkar,Male,41,Nagpur,Maharashtra,2023-05-01,Budget,Organic Search
207,Ishaan,Pandya,Female,28,Hyderabad,Telangana,2025-01-11,Budget,YouTube
208,Simran,Singh,Male,56,Vadodara,Gujarat,2024-11-24,Regular,Google Ads
209,Sneha,Sharma,Female,50,Delhi,Delhi,2023-09-14,Regular,Referral
210,Tanya,Gupta,Female,59,Indore,Madhya Pradesh,2023-02-12,Budget,Instagram
211,Pooja,Shah,Female,32,Mumbai,Maharashtra,2025-05-19,Regular,Facebook
212,Karan,Thakkar,Female,21,Jaipur,Rajasthan,2025-07-04,Regular,Email
213,Aarav,Joshi,Female,18,Kolkata,West Bengal,2024-08-10,Premium,Instagram
214,Aarav,Thakkar,Female,49,Indore,Madhya Pradesh,2025-07-01,Budget,Email
215,Pooja,Shah,Female,28,Bengaluru,Karnataka,2024-08-16,Regular,Email
216,Nisha,Malhotra,Female,47,Hyderabad,Telangana,2025-10-30,Budget,Referral
217,Pooja,Agarwal,Male,54,Delhi,Delhi,2025-03-02,Regular,Google Ads
218,Riya,Sharma,Male,36,Rajkot,Gujarat,2023-07-31,Regular,Organic Search
219,Raj,Reddy,Male,53,Kolkata,West Bengal,2025-07-10,Premium,Facebook
220,Aryan,Verma,Female,51,Delhi,Delhi,2023-12-02,Budget,Google Ads
221,Aditya,Joshi,Female,24,Mumbai,Maharashtra,2025-10-25,Regular,Google Ads
222,Karan,Singh,Male,37,Nagpur,Maharashtra,2025-07-10,Budget,YouTube
223,Rahul,Joshi,Male,29,Chennai,Tamil Nadu,2023-03-24,Regular,Google Ads
224,Kabir,Trivedi,Female,49,Indore,Madhya Pradesh,2025-10-26,Premium,Facebook
225,Nisha,Joshi,Female,19,Delhi,Delhi,2023-06-01,Premium,Instagram
226,Aryan,Malhotra,Male,39,Lucknow,Uttar Pradesh,2023-03-19,Regular,Referral
227,Rohan,Mishra,Female,58,Jaipur,Rajasthan,2024-02-16,Premium,Google Ads
228,Aarav,Shah,Male,57,Nagpur,Maharashtra,2024-01-16,Budget,Facebook
229,Meera,Kumar,Female,41,Delhi,Delhi,2025-08-05,Budget,Google Ads
230,Dev,Shah,Male,48,Nagpur,Maharashtra,2025-02-28,Premium,Referral
231,Yash,Kumar,Male,21,Kolkata,West Bengal,2023-11-09,Budget,Email
232,Neha,Pandya,Female,41,Mumbai,Maharashtra,2025-05-13,Budget,Referral
233,Ananya,Pandya,Male,60,Jaipur,Rajasthan,2024-01-30,Regular,Google Ads
234,Nisha,Agarwal,Female,34,Ahmedabad,Gujarat,2024-06-26,Regular,YouTube
235,Kavya,Mishra,Female,57,Vadodara,Gujarat,2023-01-04,Budget,Email
236,Neha,Sharma,Female,36,Delhi,Delhi,2023-04-19,Premium,Facebook
237,Aryan,Shah,Female,57,Rajkot,Gujarat,2025-07-06,Regular,Referral
238,Riya,Agarwal,Female,55,Indore,Madhya Pradesh,2025-06-04,Regular,Google Ads
239,Isha,Shah,Male,51,Mumbai,Maharashtra,2023-04-03,Budget,Organic Search
240,Isha,Trivedi,Female,50,Lucknow,Uttar Pradesh,2023-07-11,Regular,Email
241,Simran,Desai,Female,23,Indore,Madhya Pradesh,2023-11-29,Premium,Email
242,Riya,Patel,Male,53,Lucknow,Uttar Pradesh,2024-09-18,Premium,Instagram
243,Yash,Trivedi,Female,30,Vadodara,Gujarat,2025-09-12,VIP,Email
244,Karan,Desai,Male,26,Nagpur,Maharashtra,2024-07-26,Regular,Referral
245,Vivaan,Kapoor,Female,52,Chennai,Tamil Nadu,2023-12-22,VIP,Facebook
246,Aditya,Pandya,Male,51,Pune,Maharashtra,2024-08-13,Budget,Organic Search
247,Isha,Desai,Female,33,Nagpur,Maharashtra,2023-07-15,Budget,Google Ads
248,Rohan,Singh,Female,35,Kolkata,West Bengal,2023-09-19,Premium,Referral
249,Isha,Pandya,Female,35,Mumbai,Maharashtra,2023-11-18,Budget,Email
250,Neha,Gupta,Female,55,Kolkata,West Bengal,2024-02-24,Budget,Organic Search
251,Isha,Verma,Female,60,Chennai,Tamil Nadu,2023-11-28,Premium,Facebook
252,Nisha,Singh,Male,49,Vadodara,Gujarat,2024-11-11,Premium,Instagram
253,Isha,Trivedi,Male,24,Rajkot,Gujarat,2023-01-07,Budget,Google Ads
254,Vivaan,Desai,Female,40,Pune,Maharashtra,2024-06-17,Premium,YouTube
255,Vivaan,Kapoor,Male,40,Mumbai,Maharashtra,2023-03-13,Premium,Email
256,Tanya,Desai,Female,35,Surat,Gujarat,2024-09-09,Premium,Email
257,Kavya,Sharma,Female,24,Rajkot,Gujarat,2023-05-19,Regular,Instagram
258,Sneha,Reddy,Female,59,Chennai,Tamil Nadu,2024-06-25,Regular,Facebook
259,Rohan,Mehta,Male,57,Surat,Gujarat,2023-11-20,Premium,Instagram
260,Aarav,Kapoor,Female,41,Bengaluru,Karnataka,2025-08-06,Regular,Facebook
261,Aarav,Thakkar,Male,31,Bengaluru,Karnataka,2024-08-23,Regular,Google Ads
262,Meera,Agarwal,Female,22,Kolkata,West Bengal,2023-03-14,Regular,Email
263,Vivaan,Sharma,Female,39,Hyderabad,Telangana,2025-04-19,Regular,YouTube
264,Priya,Verma,Male,39,Jaipur,Rajasthan,2025-09-14,VIP,Instagram
265,Yash,Pandya,Female,27,Rajkot,Gujarat,2025-10-28,Regular,Referral
266,Simran,Mishra,Male,43,Nagpur,Maharashtra,2024-02-15,Budget,YouTube
267,Rahul,Gupta,Female,32,Mumbai,Maharashtra,2023-09-15,Premium,YouTube
268,Sneha,Singh,Female,55,Pune,Maharashtra,2024-10-12,Budget,Email
269,Arjun,Gupta,Female,58,Hyderabad,Telangana,2025-12-05,Regular,Email
270,Sneha,Malhotra,Male,59,Kolkata,West Bengal,2023-05-06,Budget,Organic Search
271,Ishaan,Soni,Female,18,Bengaluru,Karnataka,2025-11-10,Regular,Organic Search
272,Neha,Patel,Male,31,Rajkot,Gujarat,2024-06-27,Premium,Referral
273,Nisha,Mishra,Female,53,Chennai,Tamil Nadu,2024-03-30,Regular,YouTube
274,Isha,Patel,Female,48,Rajkot,Gujarat,2024-10-23,Budget,Google Ads
275,Rahul,Thakkar,Male,45,Chennai,Tamil Nadu,2025-11-10,VIP,Referral
276,Neha,Patel,Female,51,Bengaluru,Karnataka,2025-07-06,Regular,YouTube
277,Rohan,Mehta,Female,52,Ahmedabad,Gujarat,2025-12-24,Regular,Facebook
278,Riya,Desai,Male,56,Delhi,Delhi,2023-03-29,Regular,Referral
279,Vivaan,Mehta,Male,40,Mumbai,Maharashtra,2025-12-02,VIP,Organic Search
280,Rahul,Singh,Male,36,Lucknow,Uttar Pradesh,2024-05-30,Budget,Facebook
281,Kavya,Desai,Female,35,Lucknow,Uttar Pradesh,2024-05-14,Regular,Facebook
282,Ishaan,Agarwal,Male,32,Vadodara,Gujarat,2023-11-22,Regular,Facebook
283,Diya,Trivedi,Male,18,Delhi,Delhi,2024-07-06,Budget,Instagram
284,Diya,Thakkar,Female,42,Pune,Maharashtra,2025-06-06,Premium,Organic Search
285,Aarav,Mehta,Male,43,Rajkot,Gujarat,2025-09-22,Regular,Google Ads
286,Aryan,Pandya,Male,52,Vadodara,Gujarat,2025-09-19,Premium,Instagram
287,Tanya,Sharma,Female,32,Ahmedabad,Gujarat,2025-07-17,Budget,Instagram
288,Nisha,Gupta,Male,21,Pune,Maharashtra,2025-07-09,Premium,Facebook
289,Rahul,Soni,Female,32,Mumbai,Maharashtra,2023-11-04,Premium,Google Ads
290,Diya,Reddy,Male,59,Indore,Madhya Pradesh,2024-10-18,Regular,Organic Search
291,Aditya,Joshi,Male,55,Bengaluru,Karnataka,2024-04-14,Regular,Google Ads
292,Riya,Mehta,Female,56,Hyderabad,Telangana,2024-09-16,VIP,YouTube
293,Tanya,Kumar,Male,18,Jaipur,Rajasthan,2023-10-18,Premium,Referral
294,Nisha,Parmar,Female,39,Surat,Gujarat,2023-09-06,Regular,Instagram
295,Arjun,Joshi,Male,28,Hyderabad,Telangana,2023-11-20,Regular,Referral
296,Meera,Shah,Male,55,Surat,Gujarat,2024-08-26,Premium,Referral
297,Simran,Pandya,Female,54,Lucknow,Uttar Pradesh,2023-02-28,Budget,Google Ads
298,Aditya,Reddy,Female,43,Rajkot,Gujarat,2025-10-17,Regular,Organic Search
299,Meera,Mishra,Male,44,Vadodara,Gujarat,2023-09-26,VIP,Email
300,Riya,Gupta,Male,30,Mumbai,Maharashtra,2023-04-04,Premium,Referral
301,Karan,Patel,Male,24,Kolkata,West Bengal,2024-11-17,Premium,Instagram
302,Riya,Joshi,Female,25,Pune,Maharashtra,2024-05-29,Budget,Referral
303,Aryan,Mishra,Female,40,Jaipur,Rajasthan,2024-06-16,VIP,Google Ads
304,Aarav,Agarwal,Male,43,Nagpur,Maharashtra,2024-02-06,Regular,Email
305,Kabir,Agarwal,Male,44,Surat,Gujarat,2025-08-24,Budget,Referral
306,Karan,Mehta,Male,26,Jaipur,Rajasthan,2024-12-21,Regular,Email
307,Aanya,Parmar,Female,55,Bengaluru,Karnataka,2025-05-26,Premium,Email
308,Kabir,Kumar,Male,30,Lucknow,Uttar Pradesh,2024-08-30,Budget,Facebook
309,Aarav,Kapoor,Female,24,Ahmedabad,Gujarat,2023-04-03,Premium,Organic Search
310,Ishaan,Mehta,Female,28,Rajkot,Gujarat,2024-07-27,Premium,Organic Search
311,Tanya,Agarwal,Male,27,Indore,Madhya Pradesh,2025-08-28,Budget,Organic Search
312,Pooja,Malhotra,Female,50,Jaipur,Rajasthan,2024-03-12,Premium,YouTube
313,Pooja,Singh,Female,56,Jaipur,Rajasthan,2025-10-30,Premium,Referral
314,Aanya,Gupta,Male,20,Kolkata,West Bengal,2024-03-31,Budget,Referral
315,Sneha,Kumar,Male,58,Pune,Maharashtra,2024-02-19,Budget,YouTube
316,Dev,Agarwal,Male,46,Pune,Maharashtra,2024-12-04,Regular,Google Ads
317,Aditya,Singh,Male,54,Surat,Gujarat,2025-05-31,Regular,Organic Search
318,Karan,Trivedi,Male,33,Hyderabad,Telangana,2025-01-31,Premium,Google Ads
319,Tanya,Thakkar,Male,33,Ahmedabad,Gujarat,2023-09-22,Regular,Referral
320,Diya,Patel,Male,60,Jaipur,Rajasthan,2024-05-21,VIP,Organic Search
321,Simran,Patel,Female,24,Pune,Maharashtra,2024-10-07,VIP,Referral
322,Diya,Desai,Male,32,Chennai,Tamil Nadu,2025-06-15,Regular,YouTube
323,Pooja,Thakkar,Male,55,Rajkot,Gujarat,2025-05-10,Regular,Email
324,Riya,Verma,Male,23,Nagpur,Maharashtra,2024-11-19,Regular,Google Ads
325,Tanya,Mehta,Male,35,Kolkata,West Bengal,2025-05-16,Regular,Referral
326,Isha,Kapoor,Male,36,Pune,Maharashtra,2025-11-19,Regular,Facebook
327,Vivaan,Agarwal,Male,19,Delhi,Delhi,2024-05-01,Budget,Organic Search
328,Aarav,Shah,Female,20,Hyderabad,Telangana,2023-01-28,Budget,Facebook
329,Diya,Mehta,Male,42,Chennai,Tamil Nadu,2023-10-15,Budget,YouTube
330,Yash,Pandya,Female,53,Lucknow,Uttar Pradesh,2024-08-03,Premium,Google Ads
331,Rohan,Gupta,Male,45,Indore,Madhya Pradesh,2025-08-07,Budget,Google Ads
332,Rohan,Desai,Female,55,Bengaluru,Karnataka,2023-09-09,Budget,Referral
333,Nisha,Shah,Female,45,Jaipur,Rajasthan,2025-07-15,Regular,Referral
334,Sneha,Singh,Female,49,Indore,Madhya Pradesh,2023-04-20,Budget,Organic Search
335,Aryan,Desai,Male,58,Rajkot,Gujarat,2024-10-05,Budget,Email
336,Aryan,Reddy,Male,53,Bengaluru,Karnataka,2024-02-02,Regular,Google Ads
337,Aditya,Parmar,Male,56,Rajkot,Gujarat,2023-10-03,Regular,YouTube
338,Meera,Mishra,Male,53,Surat,Gujarat,2024-11-19,Budget,Google Ads
339,Diya,Trivedi,Male,60,Mumbai,Maharashtra,2023-09-04,Regular,Referral
340,Diya,Verma,Male,40,Jaipur,Rajasthan,2025-11-07,Regular,Google Ads
341,Aditya,Soni,Female,19,Bengaluru,Karnataka,2024-02-12,Regular,Facebook
342,Riya,Mehta,Female,27,Bengaluru,Karnataka,2023-05-05,Regular,YouTube
343,Neha,Reddy,Female,23,Surat,Gujarat,2023-06-02,Budget,Instagram
344,Kavya,Sharma,Male,25,Ahmedabad,Gujarat,2024-10-19,Regular,YouTube
345,Neha,Reddy,Male,32,Indore,Madhya Pradesh,2023-01-20,Premium,YouTube
346,Aarav,Patel,Female,46,Mumbai,Maharashtra,2023-09-04,Premium,Referral
347,Neha,Kapoor,Male,45,Vadodara,Gujarat,2025-10-29,Premium,Instagram
348,Riya,Joshi,Male,39,Delhi,Delhi,2024-06-14,Regular,Organic Search
349,Ishaan,Gupta,Male,51,Chennai,Tamil Nadu,2023-04-13,Regular,Referral
350,Isha,Kumar,Female,37,Vadodara,Gujarat,2024-08-19,Regular,Instagram
351,Kabir,Joshi,Female,50,Jaipur,Rajasthan,2023-12-17,Premium,Facebook
352,Arjun,Mehta,Male,32,Vadodara,Gujarat,2023-08-22,Premium,Email
353,Rahul,Trivedi,Female,24,Pune,Maharashtra,2023-02-06,Regular,YouTube
354,Kabir,Patel,Female,41,Bengaluru,Karnataka,2023-10-19,Budget,YouTube
355,Riya,Shah,Male,43,Lucknow,Uttar Pradesh,2023-01-17,Regular,YouTube
356,Aditya,Sharma,Male,27,Mumbai,Maharashtra,2023-03-31,Budget,YouTube
357,Diya,Kapoor,Female,32,Indore,Madhya Pradesh,2024-11-07,VIP,Facebook
358,Pooja,Joshi,Female,54,Lucknow,Uttar Pradesh,2025-09-03,Budget,YouTube
359,Aditya,Thakkar,Male,41,Vadodara,Gujarat,2023-09-10,Budget,Instagram
360,Pooja,Kumar,Male,28,Indore,Madhya Pradesh,2025-03-27,Premium,Instagram
361,Aanya,Patel,Male,57,Chennai,Tamil Nadu,2023-07-03,Budget,Google Ads
362,Krish,Verma,Female,38,Hyderabad,Telangana,2023-10-17,Budget,Facebook
363,Aanya,Gupta,Female,57,Vadodara,Gujarat,2025-01-30,Regular,Google Ads
364,Vivaan,Mehta,Male,55,Vadodara,Gujarat,2023-06-07,Regular,YouTube
365,Kavya,Patel,Male,32,Chennai,Tamil Nadu,2025-07-11,Regular,Organic Search
366,Aditya,Sharma,Male,32,Kolkata,West Bengal,2024-11-21,Regular,Facebook
367,Diya,Joshi,Male,54,Jaipur,Rajasthan,2024-01-28,Budget,Organic Search
368,Aryan,Joshi,Female,31,Surat,Gujarat,2025-11-09,Regular,Facebook
369,Arjun,Soni,Male,60,Pune,Maharashtra,2024-03-06,Regular,Email
370,Aarav,Mishra,Male,38,Rajkot,Gujarat,2025-09-23,Premium,Email
371,Arjun,Soni,Female,37,Pune,Maharashtra,2025-10-01,Regular,Organic Search
372,Aarav,Desai,Male,50,Bengaluru,Karnataka,2025-12-27,Regular,Google Ads
373,Krish,Soni,Female,20,Rajkot,Gujarat,2023-04-12,Regular,Google Ads
374,Priya,Pandya,Female,57,Delhi,Delhi,2024-10-13,Budget,Instagram
375,Diya,Patel,Female,40,Lucknow,Uttar Pradesh,2025-06-11,Budget,Organic Search
376,Riya,Desai,Male,40,Chennai,Tamil Nadu,2024-08-07,Premium,Instagram
377,Neha,Gupta,Female,44,Lucknow,Uttar Pradesh,2023-07-26,Budget,Referral
378,Kabir,Mehta,Male,52,Lucknow,Uttar Pradesh,2023-08-01,Regular,Organic Search
379,Karan,Shah,Female,42,Pune,Maharashtra,2023-03-20,Budget,Referral
380,Aditya,Shah,Female,49,Chennai,Tamil Nadu,2023-05-13,Premium,Organic Search
381,Isha,Thakkar,Female,39,Nagpur,Maharashtra,2025-11-14,VIP,Referral
382,Aarav,Joshi,Male,25,Mumbai,Maharashtra,2024-04-16,Regular,Instagram
383,Diya,Mishra,Male,55,Jaipur,Rajasthan,2023-10-17,Regular,Facebook
384,Yash,Thakkar,Female,35,Jaipur,Rajasthan,2025-10-03,Regular,YouTube
385,Nisha,Reddy,Male,45,Lucknow,Uttar Pradesh,2025-12-27,Premium,Google Ads
386,Meera,Agarwal,Female,45,Jaipur,Rajasthan,2024-09-25,Budget,Instagram
387,Kavya,Thakkar,Female,28,Lucknow,Uttar Pradesh,2024-02-26,Regular,Organic Search
388,Sneha,Mehta,Female,29,Lucknow,Uttar Pradesh,2024-07-11,Regular,Facebook
389,Kavya,Reddy,Female,19,Pune,Maharashtra,2024-08-03,Regular,Email
390,Krish,Joshi,Male,54,Indore,Madhya Pradesh,2024-06-22,Budget,YouTube
391,Rahul,Patel,Female,21,Surat,Gujarat,2024-04-06,Budget,Email
392,Rahul,Sharma,Male,58,Vadodara,Gujarat,2025-10-02,Premium,Referral
393,Raj,Mishra,Female,51,Jaipur,Rajasthan,2023-10-28,Budget,Organic Search
394,Meera,Malhotra,Female,40,Ahmedabad,Gujarat,2025-10-22,Regular,Email
395,Kavya,Mehta,Female,30,Mumbai,Maharashtra,2025-11-09,Regular,Organic Search
396,Kabir,Soni,Female,24,Surat,Gujarat,2025-08-11,Budget,YouTube
397,Nisha,Joshi,Female,49,Pune,Maharashtra,2025-09-12,Regular,Facebook
398,Nisha,Verma,Male,40,Pune,Maharashtra,2025-03-16,Premium,Organic Search
399,Vivaan,Shah,Male,25,Hyderabad,Telangana,2023-09-14,Regular,Email
400,Priya,Verma,Female,54,Indore,Madhya Pradesh,2024-03-28,Premium,Facebook
401,Aarav,Pandya,Male,51,Kolkata,West Bengal,2024-03-13,Regular,Email
402,Tanya,Soni,Male,46,Vadodara,Gujarat,2024-02-02,Regular,Instagram
403,Ananya,Agarwal,Female,54,Ahmedabad,Gujarat,2024-10-10,Regular,Organic Search
404,Aarav,Pandya,Female,40,Surat,Gujarat,2023-08-10,Premium,Referral
405,Rohan,Soni,Female,55,Vadodara,Gujarat,2023-05-16,Regular,YouTube
406,Tanya,Reddy,Female,46,Jaipur,Rajasthan,2024-09-17,Regular,Google Ads
407,Diya,Mishra,Male,22,Bengaluru,Karnataka,2025-02-14,Regular,YouTube
408,Meera,Mishra,Male,57,Kolkata,West Bengal,2024-08-07,Regular,Email
409,Arjun,Singh,Male,28,Vadodara,Gujarat,2024-04-29,Budget,Email
410,Aditya,Sharma,Male,31,Nagpur,Maharashtra,2025-11-07,Budget,Referral
411,Isha,Kapoor,Female,59,Lucknow,Uttar Pradesh,2025-05-26,Regular,Organic Search
412,Isha,Agarwal,Female,19,Vadodara,Gujarat,2024-05-15,Budget,Instagram
413,Yash,Malhotra,Female,52,Pune,Maharashtra,2023-04-03,Regular,Instagram
414,Tanya,Reddy,Female,52,Ahmedabad,Gujarat,2023-10-06,Premium,YouTube
415,Krish,Gupta,Male,59,Indore,Madhya Pradesh,2025-09-08,Regular,Google Ads
416,Priya,Verma,Male,45,Jaipur,Rajasthan,2024-09-12,Budget,Referral
417,Rahul,Pandya,Female,25,Kolkata,West Bengal,2024-04-20,Premium,YouTube
418,Aditya,Pandya,Male,49,Pune,Maharashtra,2025-05-31,Budget,Google Ads
419,Tanya,Mishra,Male,21,Indore,Madhya Pradesh,2024-11-02,Regular,Facebook
420,Aryan,Pandya,Female,24,Nagpur,Maharashtra,2025-03-11,Regular,Email
421,Rohan,Malhotra,Male,56,Rajkot,Gujarat,2023-06-20,Budget,Facebook
422,Neha,Parmar,Female,44,Indore,Madhya Pradesh,2024-01-07,Budget,YouTube
423,Isha,Trivedi,Male,54,Bengaluru,Karnataka,2025-01-01,Budget,Google Ads
424,Krish,Joshi,Male,34,Kolkata,West Bengal,2023-07-04,Budget,Google Ads
425,Priya,Agarwal,Female,27,Jaipur,Rajasthan,2025-07-27,Budget,Facebook
426,Aditya,Gupta,Female,21,Chennai,Tamil Nadu,2025-04-14,VIP,Instagram
427,Tanya,Singh,Female,40,Bengaluru,Karnataka,2023-07-28,Regular,Instagram
428,Aarav,Pandya,Male,31,Chennai,Tamil Nadu,2025-09-20,Premium,Referral
429,Riya,Trivedi,Female,22,Hyderabad,Telangana,2025-03-10,Regular,Facebook
430,Priya,Pandya,Male,19,Rajkot,Gujarat,2024-01-04,Regular,Instagram
431,Sneha,Sharma,Female,41,Vadodara,Gujarat,2024-12-24,Budget,Google Ads
432,Aarav,Parmar,Male,35,Delhi,Delhi,2025-10-01,Budget,YouTube
433,Aditya,Joshi,Female,44,Surat,Gujarat,2025-04-16,Regular,Instagram
434,Aanya,Agarwal,Female,41,Delhi,Delhi,2023-09-21,Premium,Referral
435,Pooja,Mehta,Male,46,Ahmedabad,Gujarat,2024-11-12,Budget,Google Ads
436,Dev,Pandya,Male,28,Indore,Madhya Pradesh,2025-07-01,Regular,Referral
437,Kavya,Kapoor,Female,35,Lucknow,Uttar Pradesh,2023-03-11,Budget,Organic Search
438,Simran,Malhotra,Male,21,Pune,Maharashtra,2024-03-07,Regular,YouTube
439,Aditya,Trivedi,Female,50,Kolkata,West Bengal,2025-12-13,Regular,Google Ads
440,Kabir,Shah,Male,31,Vadodara,Gujarat,2023-06-19,Regular,Organic Search
441,Krish,Trivedi,Male,59,Hyderabad,Telangana,2023-02-05,Budget,Organic Search
442,Neha,Kumar,Female,49,Kolkata,West Bengal,2023-09-16,Budget,Organic Search
443,Aanya,Trivedi,Female,21,Chennai,Tamil Nadu,2023-09-08,Regular,Email
444,Ananya,Kapoor,Male,37,Mumbai,Maharashtra,2023-01-13,VIP,Organic Search
445,Kavya,Soni,Male,38,Kolkata,West Bengal,2024-11-01,Regular,YouTube
446,Sneha,Thakkar,Male,20,Bengaluru,Karnataka,2024-06-24,Regular,Email
447,Vivaan,Sharma,Male,42,Rajkot,Gujarat,2023-02-26,Regular,Organic Search
448,Nisha,Mishra,Female,21,Pune,Maharashtra,2025-09-30,Budget,Instagram
449,Dev,Pandya,Female,28,Rajkot,Gujarat,2024-03-12,Premium,Referral
450,Vivaan,Kapoor,Male,33,Lucknow,Uttar Pradesh,2025-02-16,Budget,Instagram
451,Simran,Shah,Female,53,Kolkata,West Bengal,2023-08-18,Regular,Google Ads
452,Isha,Sharma,Male,23,Pune,Maharashtra,2025-04-10,Regular,Facebook
453,Kabir,Verma,Male,48,Pune,Maharashtra,2025-04-20,Regular,Google Ads
454,Aarav,Pandya,Male,57,Hyderabad,Telangana,2024-09-11,Budget,Organic Search
455,Aryan,Gupta,Female,30,Nagpur,Maharashtra,2023-12-23,Premium,Referral
456,Ishaan,Shah,Male,40,Nagpur,Maharashtra,2023-12-18,Budget,Referral
457,Kavya,Trivedi,Female,21,Chennai,Tamil Nadu,2025-05-14,Regular,Referral
458,Diya,Thakkar,Female,54,Jaipur,Rajasthan,2024-09-13,Premium,Email
459,Karan,Desai,Male,59,Indore,Madhya Pradesh,2024-09-26,Regular,Referral
460,Dev,Mehta,Female,54,Rajkot,Gujarat,2025-08-22,Regular,YouTube
461,Sneha,Joshi,Male,50,Chennai,Tamil Nadu,2024-09-19,VIP,Facebook
462,Simran,Patel,Male,59,Hyderabad,Telangana,2023-10-20,Budget,Google Ads
463,Aditya,Soni,Female,46,Nagpur,Maharashtra,2025-04-08,Premium,Email
464,Aanya,Parmar,Male,54,Vadodara,Gujarat,2023-08-22,Budget,Email
465,Pooja,Singh,Female,36,Surat,Gujarat,2024-06-20,Regular,Instagram
466,Neha,Singh,Female,37,Bengaluru,Karnataka,2025-03-15,Budget,Google Ads
467,Raj,Kumar,Female,49,Indore,Madhya Pradesh,2024-06-22,Budget,Google Ads
468,Tanya,Agarwal,Male,33,Rajkot,Gujarat,2025-05-01,Budget,Referral
469,Simran,Trivedi,Female,22,Surat,Gujarat,2023-06-27,Budget,Organic Search
470,Karan,Agarwal,Male,29,Vadodara,Gujarat,2024-07-09,VIP,Referral
471,Pooja,Sharma,Male,38,Mumbai,Maharashtra,2025-12-31,Premium,Email
472,Arjun,Agarwal,Female,31,Rajkot,Gujarat,2025-08-05,Budget,Google Ads
473,Raj,Mehta,Female,54,Lucknow,Uttar Pradesh,2025-04-02,Budget,Referral
474,Riya,Agarwal,Male,39,Rajkot,Gujarat,2023-08-16,Regular,Organic Search
475,Aarav,Verma,Female,47,Nagpur,Maharashtra,2023-09-11,Regular,Instagram
476,Kabir,Reddy,Female,40,Jaipur,Rajasthan,2024-11-05,Premium,Facebook
477,Krish,Mehta,Female,22,Surat,Gujarat,2023-01-06,Regular,Email
478,Diya,Trivedi,Male,46,Rajkot,Gujarat,2023-02-16,Regular,Instagram
479,Krish,Pandya,Female,47,Pune,Maharashtra,2025-06-01,Regular,Instagram
480,Yash,Kumar,Male,35,Pune,Maharashtra,2024-08-02,Regular,YouTube
481,Meera,Parmar,Male,18,Rajkot,Gujarat,2023-09-11,Budget,Facebook
482,Sneha,Agarwal,Female,56,Vadodara,Gujarat,2023-02-28,Regular,Instagram
483,Ananya,Trivedi,Female,34,Delhi,Delhi,2024-07-13,Budget,YouTube
484,Tanya,Gupta,Male,20,Lucknow,Uttar Pradesh,2025-10-11,Regular,YouTube
485,Vivaan,Desai,Male,59,Delhi,Delhi,2023-09-22,Regular,Google Ads
486,Vivaan,Soni,Female,24,Ahmedabad,Gujarat,2023-09-03,Premium,Referral
487,Sneha,Patel,Male,44,Vadodara,Gujarat,2024-03-12,Budget,Instagram
488,Kavya,Gupta,Female,45,Rajkot,Gujarat,2024-11-18,Regular,Email
489,Meera,Desai,Male,48,Pune,Maharashtra,2024-04-20,Budget,Google Ads
490,Pooja,Mehta,Female,32,Delhi,Delhi,2025-07-26,Regular,Facebook
491,Simran,Soni,Male,25,Nagpur,Maharashtra,2025-05-27,Premium,Referral
492,Kavya,Desai,Female,23,Rajkot,Gujarat,2024-10-18,Premium,Email
493,Simran,Sharma,Female,45,Mumbai,Maharashtra,2024-06-30,Premium,Email
494,Simran,Shah,Male,21,Rajkot,Gujarat,2024-02-19,VIP,YouTube
495,Kavya,Shah,Female,47,Jaipur,Rajasthan,2024-02-02,Premium,Instagram
496,Isha,Joshi,Male,60,Lucknow,Uttar Pradesh,2023-06-17,Budget,YouTube
497,Riya,Desai,Male,34,Indore,Madhya Pradesh,2025-03-13,Budget,YouTube
498,Dev,Mishra,Male,51,Surat,Gujarat,2023-08-18,Regular,Instagram
499,Rahul,Patel,Male,23,Hyderabad,Telangana,2024-12-03,VIP,Instagram
500,Ananya,Malhotra,Female,53,Delhi,Delhi,2023-05-24,Regular,Organic Search
501,Kavya,Malhotra,Male,52,Chennai,Tamil Nadu,2023-03-09,Budget,Instagram
502,Ishaan,Mishra,Male,56,Vadodara,Gujarat,2025-10-14,Premium,YouTube
503,Tanya,Kapoor,Male,56,Jaipur,Rajasthan,2023-04-08,Regular,Referral
504,Rohan,Sharma,Female,33,Jaipur,Rajasthan,2023-01-07,Regular,Organic Search
505,Aarav,Kapoor,Male,19,Nagpur,Maharashtra,2025-03-25,Premium,Instagram
506,Kabir,Singh,Female,25,Ahmedabad,Gujarat,2023-06-26,Premium,Instagram
507,Priya,Trivedi,Female,32,Nagpur,Maharashtra,2023-10-26,Premium,Email
508,Tanya,Kapoor,Male,44,Mumbai,Maharashtra,2023-08-17,Premium,YouTube
509,Yash,Verma,Female,33,Nagpur,Maharashtra,2025-06-14,Regular,Instagram
510,Yash,Parmar,Male,18,Kolkata,West Bengal,2024-09-22,Regular,YouTube
511,Rohan,Agarwal,Female,27,Nagpur,Maharashtra,2023-09-27,Regular,Facebook
512,Karan,Mishra,Female,24,Rajkot,Gujarat,2023-03-22,Premium,Google Ads
513,Arjun,Soni,Male,27,Ahmedabad,Gujarat,2025-03-30,Regular,Email
514,Rahul,Pandya,Female,29,Rajkot,Gujarat,2024-05-15,Budget,Organic Search
515,Raj,Kapoor,Male,34,Vadodara,Gujarat,2024-12-06,Regular,Email
516,Riya,Pandya,Female,29,Nagpur,Maharashtra,2025-09-16,Regular,Organic Search
517,Ananya,Joshi,Male,32,Rajkot,Gujarat,2024-12-03,Budget,YouTube
518,Aditya,Gupta,Male,49,Indore,Madhya Pradesh,2023-04-16,Premium,Instagram
519,Sneha,Mehta,Male,49,Delhi,Delhi,2024-10-02,Budget,Organic Search
520,Kabir,Verma,Male,43,Rajkot,Gujarat,2024-08-31,Budget,YouTube
521,Riya,Soni,Female,31,Chennai,Tamil Nadu,2025-09-22,Budget,Referral
522,Diya,Singh,Male,43,Kolkata,West Bengal,2025-10-05,Regular,Google Ads
523,Raj,Thakkar,Male,22,Pune,Maharashtra,2024-01-17,Budget,Email
524,Aanya,Mehta,Male,55,Indore,Madhya Pradesh,2025-04-17,Regular,Email
525,Tanya,Kumar,Male,21,Mumbai,Maharashtra,2023-04-14,Premium,Google Ads
526,Dev,Kumar,Female,45,Nagpur,Maharashtra,2024-10-25,Premium,YouTube
527,Meera,Trivedi,Male,18,Delhi,Delhi,2025-12-14,Premium,Email
528,Isha,Agarwal,Female,30,Jaipur,Rajasthan,2023-05-01,Regular,Instagram
529,Neha,Sharma,Male,60,Nagpur,Maharashtra,2025-10-23,Premium,YouTube
530,Meera,Parmar,Male,20,Lucknow,Uttar Pradesh,2024-02-11,Premium,Instagram
531,Tanya,Thakkar,Male,42,Rajkot,Gujarat,2024-11-06,VIP,Organic Search
532,Simran,Reddy,Male,59,Lucknow,Uttar Pradesh,2024-03-16,Budget,Referral
533,Sneha,Malhotra,Male,33,Surat,Gujarat,2024-03-07,Budget,Referral
534,Simran,Kumar,Male,38,Chennai,Tamil Nadu,2025-06-27,Budget,Referral
535,Rohan,Joshi,Female,30,Lucknow,Uttar Pradesh,2023-03-02,Premium,Facebook
536,Simran,Joshi,Female,53,Ahmedabad,Gujarat,2024-12-26,Regular,Google Ads
537,Priya,Malhotra,Male,25,Delhi,Delhi,2025-07-27,Regular,Referral
538,Sneha,Pandya,Male,36,Jaipur,Rajasthan,2025-05-18,Regular,Email
539,Aryan,Kumar,Male,33,Chennai,Tamil Nadu,2025-11-13,Premium,Google Ads
540,Yash,Reddy,Female,29,Nagpur,Maharashtra,2024-02-10,Premium,Google Ads
541,Priya,Patel,Male,37,Vadodara,Gujarat,2024-09-04,Regular,Instagram
542,Aarav,Soni,Female,35,Lucknow,Uttar Pradesh,2023-08-03,Premium,Organic Search
543,Simran,Malhotra,Female,29,Lucknow,Uttar Pradesh,2023-09-19,Regular,Email
544,Simran,Soni,Female,42,Lucknow,Uttar Pradesh,2025-07-03,Regular,Facebook
545,Aarav,Parmar,Female,28,Indore,Madhya Pradesh,2023-05-03,Premium,Google Ads
546,Ananya,Pandya,Female,39,Nagpur,Maharashtra,2025-02-02,Premium,Instagram
547,Vivaan,Desai,Male,51,Nagpur,Maharashtra,2023-11-16,Regular,Referral
548,Kavya,Thakkar,Female,30,Mumbai,Maharashtra,2023-06-07,Budget,Instagram
549,Diya,Kumar,Female,55,Hyderabad,Telangana,2025-12-24,Budget,Referral
550,Pooja,Patel,Male,29,Jaipur,Rajasthan,2024-01-04,Budget,Organic Search
551,Kabir,Verma,Male,56,Nagpur,Maharashtra,2025-05-19,Regular,Email
552,Raj,Kumar,Female,53,Bengaluru,Karnataka,2025-10-24,Regular,YouTube
553,Priya,Joshi,Male,45,Surat,Gujarat,2024-11-16,Premium,YouTube
554,Aarav,Pandya,Male,44,Mumbai,Maharashtra,2025-07-02,Regular,Organic Search
555,Diya,Pandya,Male,56,Delhi,Delhi,2025-12-19,Budget,Facebook
556,Karan,Kapoor,Female,30,Chennai,Tamil Nadu,2025-12-04,Budget,Organic Search
557,Rohan,Singh,Female,60,Bengaluru,Karnataka,2024-08-06,Premium,Referral
558,Kavya,Mehta,Male,57,Chennai,Tamil Nadu,2024-06-26,Regular,Instagram
559,Sneha,Gupta,Male,44,Pune,Maharashtra,2023-06-05,Regular,YouTube
560,Aditya,Mehta,Female,48,Indore,Madhya Pradesh,2025-06-06,Regular,Organic Search
561,Yash,Kumar,Female,19,Kolkata,West Bengal,2025-01-21,Budget,Google Ads
562,Simran,Reddy,Male,35,Kolkata,West Bengal,2023-03-05,Budget,Facebook
563,Diya,Reddy,Female,43,Pune,Maharashtra,2024-02-25,Regular,Referral
564,Meera,Mehta,Female,59,Chennai,Tamil Nadu,2023-11-19,Regular,Google Ads
565,Rohan,Sharma,Male,48,Rajkot,Gujarat,2024-06-30,Regular,YouTube
566,Kavya,Kapoor,Male,55,Hyderabad,Telangana,2023-09-08,Regular,Instagram
567,Pooja,Kumar,Female,39,Lucknow,Uttar Pradesh,2025-05-15,VIP,YouTube
568,Krish,Sharma,Female,53,Kolkata,West Bengal,2024-05-24,Premium,Facebook
569,Tanya,Singh,Female,36,Jaipur,Rajasthan,2024-03-16,Regular,Referral
570,Rohan,Kumar,Male,31,Pune,Maharashtra,2024-03-29,Regular,Facebook
571,Ananya,Malhotra,Male,31,Chennai,Tamil Nadu,2024-10-05,Regular,Google Ads
572,Isha,Thakkar,Male,46,Indore,Madhya Pradesh,2025-03-27,Budget,Google Ads
573,Krish,Agarwal,Male,34,Ahmedabad,Gujarat,2024-11-09,VIP,Facebook
574,Riya,Soni,Female,54,Rajkot,Gujarat,2023-10-01,Regular,Organic Search
575,Rohan,Reddy,Male,26,Kolkata,West Bengal,2023-03-01,Premium,Organic Search
576,Yash,Pandya,Male,18,Delhi,Delhi,2023-12-08,VIP,Google Ads
577,Diya,Mishra,Female,21,Ahmedabad,Gujarat,2023-04-23,Regular,Organic Search
578,Simran,Joshi,Male,24,Hyderabad,Telangana,2023-03-09,Budget,Email
579,Simran,Parmar,Female,28,Indore,Madhya Pradesh,2024-04-11,Regular,Referral
580,Diya,Kapoor,Male,31,Lucknow,Uttar Pradesh,2025-05-07,Regular,Facebook
581,Priya,Verma,Female,59,Kolkata,West Bengal,2023-09-20,Premium,Referral
582,Karan,Gupta,Female,36,Rajkot,Gujarat,2024-02-28,Budget,Google Ads
583,Arjun,Thakkar,Female,57,Delhi,Delhi,2024-12-20,Regular,Organic Search
584,Aarav,Mehta,Male,20,Ahmedabad,Gujarat,2024-07-16,Premium,Referral
585,Rohan,Joshi,Female,25,Delhi,Delhi,2025-09-09,VIP,YouTube
586,Sneha,Pandya,Male,46,Nagpur,Maharashtra,2025-07-07,Budget,Instagram
587,Simran,Shah,Male,54,Pune,Maharashtra,2023-10-15,Premium,Organic Search
588,Dev,Verma,Male,60,Rajkot,Gujarat,2024-02-29,Budget,Email
589,Kavya,Thakkar,Male,26,Kolkata,West Bengal,2024-07-07,Premium,Email
590,Rohan,Trivedi,Male,36,Jaipur,Rajasthan,2025-01-28,Budget,Instagram
591,Arjun,Trivedi,Male,29,Lucknow,Uttar Pradesh,2023-09-01,VIP,Instagram
592,Vivaan,Kumar,Female,44,Vadodara,Gujarat,2025-09-26,Regular,Referral
593,Riya,Patel,Female,54,Jaipur,Rajasthan,2023-11-24,Regular,Referral
594,Dev,Desai,Male,42,Bengaluru,Karnataka,2024-12-15,Budget,YouTube
595,Simran,Kapoor,Male,55,Kolkata,West Bengal,2025-03-11,Budget,Referral
596,Meera,Mehta,Male,34,Rajkot,Gujarat,2024-09-22,Regular,Instagram
597,Simran,Reddy,Male,50,Pune,Maharashtra,2025-12-16,Premium,Email
598,Aarav,Parmar,Male,56,Delhi,Delhi,2025-08-17,Premium,YouTube
599,Neha,Reddy,Female,31,Pune,Maharashtra,2025-08-17,Premium,Instagram
600,Rohan,Mishra,Female,45,Mumbai,Maharashtra,2025-12-11,Premium,YouTube
601,Raj,Patel,Male,35,Rajkot,Gujarat,2025-12-31,VIP,YouTube
602,Arjun,Patel,Male,50,Rajkot,Gujarat,2025-01-22,Premium,Referral
603,Diya,Malhotra,Female,59,Rajkot,Gujarat,2023-11-20,Budget,Referral
604,Neha,Trivedi,Male,32,Hyderabad,Telangana,2023-06-04,Premium,Google Ads
605,Diya,Sharma,Male,28,Ahmedabad,Gujarat,2023-02-28,Regular,Instagram
606,Sneha,Kapoor,Male,53,Hyderabad,Telangana,2023-07-20,VIP,Referral
607,Vivaan,Reddy,Female,32,Lucknow,Uttar Pradesh,2023-10-22,Regular,Google Ads
608,Isha,Trivedi,Female,47,Pune,Maharashtra,2025-09-24,Budget,Referral
609,Tanya,Kapoor,Male,32,Lucknow,Uttar Pradesh,2024-09-01,Budget,Email
610,Nisha,Desai,Female,40,Jaipur,Rajasthan,2023-12-15,Regular,Organic Search
611,Riya,Thakkar,Female,60,Lucknow,Uttar Pradesh,2025-08-20,Budget,YouTube
612,Neha,Desai,Male,32,Indore,Madhya Pradesh,2024-01-17,VIP,Email
613,Yash,Pandya,Female,46,Chennai,Tamil Nadu,2024-05-06,Budget,YouTube
614,Aanya,Joshi,Female,28,Hyderabad,Telangana,2023-11-27,Budget,Instagram
615,Aditya,Desai,Female,35,Nagpur,Maharashtra,2025-05-24,Budget,Organic Search
616,Tanya,Patel,Female,57,Rajkot,Gujarat,2023-06-07,Budget,Facebook
617,Aarav,Verma,Female,48,Vadodara,Gujarat,2024-03-07,Regular,Instagram
618,Aarav,Malhotra,Female,26,Chennai,Tamil Nadu,2024-09-10,Regular,YouTube
619,Meera,Malhotra,Male,39,Surat,Gujarat,2024-09-10,Budget,Facebook
620,Ishaan,Kumar,Male,28,Pune,Maharashtra,2024-09-17,Budget,Facebook
621,Rohan,Shah,Male,34,Ahmedabad,Gujarat,2024-03-10,Regular,Instagram
622,Yash,Pandya,Female,50,Nagpur,Maharashtra,2025-03-06,Premium,Email
623,Aditya,Reddy,Male,28,Jaipur,Rajasthan,2025-07-20,Regular,Instagram
624,Aarav,Reddy,Female,56,Pune,Maharashtra,2024-07-25,Budget,YouTube
625,Aarav,Kumar,Female,25,Bengaluru,Karnataka,2023-09-23,Regular,Organic Search
626,Kabir,Verma,Male,21,Hyderabad,Telangana,2023-04-12,Regular,Email
627,Dev,Sharma,Female,53,Pune,Maharashtra,2025-12-22,Regular,YouTube
628,Ishaan,Patel,Male,36,Ahmedabad,Gujarat,2025-09-23,Regular,Referral
629,Yash,Kumar,Female,41,Mumbai,Maharashtra,2024-12-09,VIP,Referral
630,Raj,Singh,Male,58,Bengaluru,Karnataka,2025-10-11,Budget,Organic Search
631,Yash,Mehta,Male,35,Kolkata,West Bengal,2025-04-03,Budget,Email
632,Krish,Soni,Male,50,Pune,Maharashtra,2023-08-10,Budget,Google Ads
633,Vivaan,Singh,Male,53,Chennai,Tamil Nadu,2025-07-03,Regular,Email
634,Meera,Pandya,Female,27,Mumbai,Maharashtra,2024-03-11,Budget,Google Ads
635,Aanya,Kapoor,Male,31,Kolkata,West Bengal,2024-10-01,Regular,YouTube
636,Aditya,Pandya,Female,24,Pune,Maharashtra,2025-08-02,Premium,Instagram
637,Sneha,Verma,Male,29,Bengaluru,Karnataka,2023-11-30,Budget,YouTube
638,Isha,Singh,Male,39,Jaipur,Rajasthan,2025-06-25,Regular,Instagram
639,Simran,Mishra,Male,44,Hyderabad,Telangana,2023-12-17,Premium,Referral
640,Kabir,Verma,Female,54,Nagpur,Maharashtra,2024-07-23,Budget,Google Ads
641,Simran,Parmar,Male,28,Indore,Madhya Pradesh,2024-12-28,Budget,Instagram
642,Dev,Parmar,Male,53,Bengaluru,Karnataka,2023-04-25,Regular,YouTube
643,Simran,Joshi,Female,30,Kolkata,West Bengal,2025-06-27,Budget,YouTube
644,Vivaan,Shah,Male,49,Delhi,Delhi,2024-01-02,Premium,YouTube
645,Meera,Trivedi,Female,25,Indore,Madhya Pradesh,2025-03-14,Budget,Organic Search
646,Aryan,Patel,Male,24,Lucknow,Uttar Pradesh,2025-06-14,Regular,Email
647,Karan,Verma,Male,60,Surat,Gujarat,2025-08-26,Regular,YouTube
648,Arjun,Sharma,Male,60,Mumbai,Maharashtra,2024-01-13,Budget,Email
649,Simran,Malhotra,Female,34,Chennai,Tamil Nadu,2025-10-08,Budget,Facebook
650,Priya,Joshi,Male,39,Indore,Madhya Pradesh,2023-04-28,Budget,Google Ads
651,Aanya,Patel,Male,51,Vadodara,Gujarat,2025-10-10,Premium,Facebook
652,Raj,Sharma,Male,37,Nagpur,Maharashtra,2024-06-10,Regular,Facebook
653,Ishaan,Verma,Female,25,Bengaluru,Karnataka,2025-03-24,Budget,Email
654,Neha,Sharma,Female,39,Bengaluru,Karnataka,2023-07-25,Regular,Email
655,Arjun,Sharma,Female,44,Surat,Gujarat,2025-03-26,Regular,Organic Search
656,Pooja,Kapoor,Female,51,Jaipur,Rajasthan,2023-03-07,VIP,Google Ads
657,Priya,Pandya,Female,38,Mumbai,Maharashtra,2023-01-04,Regular,Google Ads
658,Pooja,Desai,Female,32,Ahmedabad,Gujarat,2023-01-03,Premium,Referral
659,Arjun,Parmar,Male,22,Nagpur,Maharashtra,2023-11-21,Regular,Google Ads
660,Dev,Singh,Male,55,Chennai,Tamil Nadu,2024-08-27,Premium,Organic Search
661,Rohan,Pandya,Male,34,Nagpur,Maharashtra,2025-03-06,Budget,YouTube
662,Aryan,Reddy,Male,25,Vadodara,Gujarat,2024-06-18,Budget,YouTube
663,Neha,Agarwal,Male,36,Kolkata,West Bengal,2024-08-21,Premium,Organic Search
664,Aditya,Sharma,Female,22,Delhi,Delhi,2025-12-10,Premium,Google Ads
665,Isha,Desai,Female,40,Mumbai,Maharashtra,2025-04-11,Regular,Email
666,Aditya,Joshi,Female,36,Bengaluru,Karnataka,2025-12-02,Regular,Facebook
667,Diya,Mehta,Male,31,Mumbai,Maharashtra,2023-12-13,Regular,Google Ads
668,Arjun,Reddy,Female,27,Vadodara,Gujarat,2025-12-17,Budget,Referral
669,Aanya,Malhotra,Male,48,Mumbai,Maharashtra,2023-02-28,Budget,Google Ads
670,Isha,Singh,Female,30,Pune,Maharashtra,2024-11-10,Budget,Facebook
671,Karan,Soni,Male,39,Surat,Gujarat,2024-05-25,Regular,Instagram
672,Neha,Thakkar,Female,54,Pune,Maharashtra,2023-07-26,Budget,Google Ads
673,Sneha,Agarwal,Male,56,Kolkata,West Bengal,2023-04-21,Budget,Google Ads
674,Rohan,Kumar,Female,27,Jaipur,Rajasthan,2023-01-23,Premium,YouTube
675,Yash,Verma,Male,48,Mumbai,Maharashtra,2025-02-25,Budget,Facebook
676,Isha,Mehta,Female,60,Ahmedabad,Gujarat,2025-10-31,Regular,Referral
677,Sneha,Sharma,Male,52,Delhi,Delhi,2024-07-25,Premium,Google Ads
678,Raj,Sharma,Male,30,Hyderabad,Telangana,2025-01-16,Budget,Referral
679,Sneha,Kapoor,Male,47,Indore,Madhya Pradesh,2024-05-29,Budget,Google Ads
680,Pooja,Patel,Male,51,Pune,Maharashtra,2023-05-24,Regular,Instagram
681,Aditya,Singh,Female,53,Kolkata,West Bengal,2025-09-18,Regular,Facebook
682,Aryan,Thakkar,Female,52,Kolkata,West Bengal,2025-03-19,Regular,Google Ads
683,Isha,Gupta,Female,21,Mumbai,Maharashtra,2023-10-21,Regular,Instagram
684,Isha,Agarwal,Male,21,Indore,Madhya Pradesh,2023-11-21,Premium,Google Ads
685,Riya,Thakkar,Female,23,Jaipur,Rajasthan,2023-07-12,Budget,Email
686,Diya,Pandya,Male,45,Indore,Madhya Pradesh,2024-04-04,Premium,Instagram
687,Pooja,Gupta,Female,47,Indore,Madhya Pradesh,2025-12-07,Budget,Referral
688,Kavya,Agarwal,Male,44,Bengaluru,Karnataka,2024-06-09,Regular,Organic Search
689,Raj,Mishra,Female,22,Indore,Madhya Pradesh,2025-07-07,Budget,Email
690,Nisha,Singh,Male,56,Ahmedabad,Gujarat,2023-01-29,Regular,Organic Search
691,Meera,Soni,Male,52,Indore,Madhya Pradesh,2024-06-21,Premium,Google Ads
692,Isha,Kapoor,Female,56,Mumbai,Maharashtra,2023-05-23,Budget,Instagram
693,Arjun,Reddy,Female,32,Indore,Madhya Pradesh,2024-09-18,Budget,Facebook
694,Yash,Thakkar,Female,36,Rajkot,Gujarat,2025-04-20,Regular,Organic Search
695,Aryan,Sharma,Male,47,Hyderabad,Telangana,2023-08-06,Budget,Organic Search
696,Meera,Malhotra,Male,55,Pune,Maharashtra,2024-08-15,Premium,Referral
697,Yash,Agarwal,Male,49,Vadodara,Gujarat,2024-12-13,Premium,YouTube
698,Aryan,Verma,Female,57,Chennai,Tamil Nadu,2023-03-08,Premium,Google Ads
699,Karan,Singh,Male,46,Jaipur,Rajasthan,2025-01-30,Regular,Instagram
700,Tanya,Parmar,Female,23,Hyderabad,Telangana,2023-05-24,Regular,Email
701,Krish,Thakkar,Male,43,Hyderabad,Telangana,2024-04-09,Budget,Instagram
702,Riya,Thakkar,Female,44,Mumbai,Maharashtra,2023-04-06,Regular,Facebook
703,Meera,Malhotra,Male,52,Chennai,Tamil Nadu,2024-02-12,Regular,Instagram
704,Simran,Kapoor,Male,45,Mumbai,Maharashtra,2025-03-14,VIP,Email
705,Ananya,Shah,Female,22,Lucknow,Uttar Pradesh,2025-01-26,VIP,Google Ads
706,Diya,Agarwal,Male,58,Chennai,Tamil Nadu,2024-12-13,Premium,Referral
707,Priya,Singh,Male,33,Kolkata,West Bengal,2023-10-05,Regular,Email
708,Rohan,Thakkar,Female,58,Vadodara,Gujarat,2023-12-27,Regular,Referral
709,Aditya,Mehta,Male,35,Ahmedabad,Gujarat,2023-07-31,Premium,Referral
710,Yash,Joshi,Female,30,Jaipur,Rajasthan,2025-02-16,Regular,Email
711,Pooja,Gupta,Female,60,Kolkata,West Bengal,2023-01-21,Regular,Email
712,Riya,Pandya,Male,42,Jaipur,Rajasthan,2024-12-29,Budget,YouTube
713,Nisha,Kumar,Male,27,Pune,Maharashtra,2024-09-07,Premium,Referral
714,Priya,Agarwal,Male,46,Lucknow,Uttar Pradesh,2024-01-06,Regular,Google Ads
715,Arjun,Patel,Female,27,Indore,Madhya Pradesh,2024-09-15,Regular,YouTube
716,Priya,Reddy,Male,23,Bengaluru,Karnataka,2024-09-23,Premium,Referral
717,Sneha,Desai,Female,33,Ahmedabad,Gujarat,2025-01-30,Regular,Instagram
718,Diya,Kumar,Male,42,Jaipur,Rajasthan,2025-04-26,Regular,Google Ads
719,Pooja,Verma,Male,21,Indore,Madhya Pradesh,2025-08-05,Regular,Google Ads
720,Karan,Reddy,Female,54,Bengaluru,Karnataka,2023-07-07,Regular,Referral
721,Raj,Patel,Male,51,Nagpur,Maharashtra,2024-05-15,Budget,Instagram
722,Priya,Gupta,Male,36,Bengaluru,Karnataka,2025-05-25,Regular,Instagram
723,Dev,Malhotra,Male,50,Bengaluru,Karnataka,2024-01-10,Regular,Email
724,Simran,Patel,Male,21,Mumbai,Maharashtra,2024-03-09,Regular,Referral
725,Karan,Shah,Male,51,Vadodara,Gujarat,2024-05-13,Premium,Referral
726,Krish,Singh,Female,29,Rajkot,Gujarat,2023-01-06,Regular,Google Ads
727,Simran,Patel,Male,48,Lucknow,Uttar Pradesh,2024-09-08,Premium,Organic Search
728,Rohan,Reddy,Female,33,Bengaluru,Karnataka,2024-12-11,Regular,Facebook
729,Aditya,Verma,Male,19,Mumbai,Maharashtra,2024-04-19,Regular,Referral
730,Sneha,Joshi,Male,19,Kolkata,West Bengal,2024-07-27,Budget,Email
731,Ishaan,Shah,Female,53,Chennai,Tamil Nadu,2025-03-06,Budget,Google Ads
732,Ishaan,Malhotra,Male,23,Rajkot,Gujarat,2024-05-22,Premium,Instagram
733,Aanya,Desai,Male,40,Surat,Gujarat,2024-08-14,Budget,Instagram
734,Ananya,Reddy,Female,56,Mumbai,Maharashtra,2023-06-24,VIP,Facebook
735,Yash,Verma,Female,54,Indore,Madhya Pradesh,2024-11-22,Budget,Google Ads
736,Aryan,Mishra,Male,33,Mumbai,Maharashtra,2025-02-26,Premium,YouTube
737,Dev,Thakkar,Female,60,Mumbai,Maharashtra,2024-07-25,Regular,Email
738,Simran,Shah,Female,36,Ahmedabad,Gujarat,2023-07-05,Regular,Google Ads
739,Yash,Kumar,Female,41,Lucknow,Uttar Pradesh,2024-08-09,Budget,YouTube
740,Isha,Soni,Female,44,Hyderabad,Telangana,2024-05-28,Regular,Instagram
741,Rahul,Shah,Male,24,Hyderabad,Telangana,2024-10-15,Budget,Instagram
742,Karan,Verma,Male,47,Ahmedabad,Gujarat,2024-07-09,Regular,YouTube
743,Krish,Joshi,Female,58,Rajkot,Gujarat,2023-10-22,Regular,YouTube
744,Raj,Trivedi,Male,31,Ahmedabad,Gujarat,2023-02-13,Regular,Facebook
745,Kabir,Verma,Female,32,Hyderabad,Telangana,2024-06-22,Premium,Google Ads
746,Dev,Singh,Male,29,Rajkot,Gujarat,2023-02-08,Regular,Instagram
747,Aryan,Patel,Male,46,Hyderabad,Telangana,2023-10-16,Budget,Email
748,Aanya,Gupta,Female,40,Bengaluru,Karnataka,2023-09-05,Regular,Instagram
749,Nisha,Mehta,Female,30,Delhi,Delhi,2023-12-25,Premium,Google Ads
750,Simran,Pandya,Male,26,Indore,Madhya Pradesh,2023-07-28,Budget,YouTube
751,Vivaan,Sharma,Male,41,Jaipur,Rajasthan,2023-05-04,Regular,Facebook
752,Rohan,Malhotra,Male,56,Hyderabad,Telangana,2025-09-01,Budget,Organic Search
753,Rohan,Soni,Female,47,Ahmedabad,Gujarat,2024-02-07,Budget,Instagram
754,Rahul,Pandya,Male,18,Delhi,Delhi,2023-10-11,Regular,Facebook
755,Meera,Mehta,Female,27,Ahmedabad,Gujarat,2024-10-24,Regular,YouTube
756,Kabir,Kapoor,Female,55,Delhi,Delhi,2024-07-29,Regular,Referral
757,Diya,Patel,Female,32,Mumbai,Maharashtra,2023-08-29,Regular,Google Ads
758,Raj,Kapoor,Male,26,Pune,Maharashtra,2023-06-16,Budget,Instagram
759,Aarav,Kumar,Female,30,Nagpur,Maharashtra,2024-07-14,Budget,Google Ads
760,Kavya,Agarwal,Male,40,Delhi,Delhi,2023-05-28,Regular,Email
761,Riya,Verma,Female,50,Chennai,Tamil Nadu,2024-12-01,Regular,Google Ads
762,Isha,Sharma,Male,26,Kolkata,West Bengal,2024-09-14,Budget,Organic Search
763,Karan,Kumar,Male,20,Chennai,Tamil Nadu,2023-09-22,Regular,Referral
764,Pooja,Mehta,Female,47,Mumbai,Maharashtra,2024-05-15,Regular,YouTube
765,Raj,Trivedi,Female,26,Surat,Gujarat,2023-10-06,Budget,YouTube
766,Arjun,Kapoor,Male,42,Surat,Gujarat,2025-01-18,Regular,Email
767,Arjun,Desai,Male,41,Chennai,Tamil Nadu,2025-06-21,Regular,Organic Search
768,Rahul,Verma,Female,49,Surat,Gujarat,2023-06-08,Budget,Google Ads
769,Tanya,Joshi,Female,24,Delhi,Delhi,2025-12-19,Regular,Referral
770,Meera,Verma,Male,53,Chennai,Tamil Nadu,2024-05-13,Regular,YouTube
771,Yash,Patel,Male,42,Nagpur,Maharashtra,2024-05-02,Premium,YouTube
772,Kavya,Malhotra,Female,37,Ahmedabad,Gujarat,2024-04-09,Regular,YouTube
773,Karan,Reddy,Male,34,Mumbai,Maharashtra,2023-08-16,Regular,YouTube
774,Nisha,Trivedi,Female,53,Vadodara,Gujarat,2024-10-27,Budget,Facebook
775,Dev,Shah,Female,43,Surat,Gujarat,2025-04-01,Premium,Organic Search
776,Simran,Malhotra,Female,36,Ahmedabad,Gujarat,2025-03-09,Premium,Instagram
777,Meera,Kapoor,Female,54,Jaipur,Rajasthan,2025-01-22,Budget,Facebook
778,Karan,Soni,Male,20,Lucknow,Uttar Pradesh,2023-09-19,Budget,YouTube
779,Aditya,Agarwal,Female,60,Lucknow,Uttar Pradesh,2025-05-09,Regular,Organic Search
780,Raj,Gupta,Female,45,Nagpur,Maharashtra,2023-12-30,Regular,Referral
781,Raj,Shah,Male,39,Mumbai,Maharashtra,2023-04-08,Budget,Google Ads
782,Aanya,Trivedi,Male,36,Mumbai,Maharashtra,2025-11-01,Regular,Facebook
783,Tanya,Mishra,Female,33,Hyderabad,Telangana,2025-02-22,Budget,Email
784,Simran,Joshi,Female,23,Chennai,Tamil Nadu,2024-08-05,Budget,Instagram
785,Riya,Singh,Female,54,Indore,Madhya Pradesh,2025-07-15,Regular,Google Ads
786,Tanya,Desai,Female,48,Lucknow,Uttar Pradesh,2023-05-15,Regular,Facebook
787,Kabir,Thakkar,Female,51,Mumbai,Maharashtra,2023-09-16,Premium,Instagram
788,Aryan,Mishra,Female,48,Indore,Madhya Pradesh,2025-07-04,Regular,Organic Search
789,Karan,Shah,Male,28,Bengaluru,Karnataka,2024-05-31,Budget,Referral
790,Aarav,Soni,Male,53,Delhi,Delhi,2023-05-31,Premium,Organic Search
791,Aditya,Malhotra,Female,23,Lucknow,Uttar Pradesh,2025-05-17,Budget,Facebook
792,Raj,Kapoor,Male,44,Pune,Maharashtra,2025-08-31,Premium,Email
793,Tanya,Verma,Male,24,Jaipur,Rajasthan,2023-05-22,Premium,YouTube
794,Pooja,Singh,Female,49,Mumbai,Maharashtra,2023-09-08,Budget,Email
795,Tanya,Gupta,Male,25,Lucknow,Uttar Pradesh,2025-08-15,Budget,YouTube
796,Isha,Trivedi,Male,50,Pune,Maharashtra,2025-06-25,Premium,Instagram
797,Pooja,Gupta,Female,32,Kolkata,West Bengal,2024-10-05,Regular,Facebook
798,Neha,Mehta,Female,44,Hyderabad,Telangana,2025-12-06,Budget,Facebook
799,Aarav,Kumar,Female,47,Bengaluru,Karnataka,2023-04-04,Premium,Email
800,Rahul,Reddy,Male,39,Nagpur,Maharashtra,2025-01-30,Regular,Google Ads
801,Priya,Singh,Female,46,Surat,Gujarat,2023-12-22,Regular,Instagram
802,Rahul,Trivedi,Male,58,Kolkata,West Bengal,2024-06-15,Regular,Referral
803,Simran,Trivedi,Female,47,Delhi,Delhi,2024-11-22,Regular,YouTube
804,Yash,Kumar,Female,19,Bengaluru,Karnataka,2024-10-09,Regular,Organic Search
805,Raj,Parmar,Female,32,Rajkot,Gujarat,2024-12-02,Budget,Instagram
806,Raj,Sharma,Female,44,Jaipur,Rajasthan,2024-12-24,Regular,Organic Search
807,Ananya,Kapoor,Male,24,Pune,Maharashtra,2025-07-05,Regular,Referral
808,Priya,Sharma,Male,44,Hyderabad,Telangana,2023-03-05,Premium,Email
809,Diya,Verma,Female,38,Vadodara,Gujarat,2025-07-14,Regular,Referral
810,Kavya,Shah,Male,30,Rajkot,Gujarat,2024-12-27,Regular,Facebook
811,Priya,Parmar,Female,34,Mumbai,Maharashtra,2025-02-04,Budget,YouTube
812,Ishaan,Reddy,Female,28,Jaipur,Rajasthan,2025-07-11,Premium,YouTube
813,Tanya,Mehta,Male,27,Kolkata,West Bengal,2024-10-14,Regular,Referral
814,Rohan,Mishra,Male,50,Chennai,Tamil Nadu,2025-06-23,Regular,YouTube
815,Arjun,Soni,Female,31,Jaipur,Rajasthan,2025-11-06,Premium,YouTube
816,Aditya,Desai,Female,54,Pune,Maharashtra,2024-08-29,Premium,Instagram
817,Meera,Kumar,Female,25,Pune,Maharashtra,2025-01-15,Regular,Instagram
818,Riya,Parmar,Male,50,Rajkot,Gujarat,2025-07-28,Regular,Referral
819,Pooja,Soni,Female,24,Rajkot,Gujarat,2023-03-29,Premium,Organic Search
820,Aanya,Agarwal,Female,51,Jaipur,Rajasthan,2024-07-16,Premium,Organic Search
821,Ananya,Sharma,Female,24,Rajkot,Gujarat,2024-03-17,Regular,Email
822,Aryan,Kumar,Female,24,Pune,Maharashtra,2025-10-28,Regular,Referral
823,Isha,Shah,Female,58,Jaipur,Rajasthan,2024-07-12,Budget,Referral
824,Krish,Sharma,Female,53,Ahmedabad,Gujarat,2025-01-22,Regular,Organic Search
825,Ananya,Reddy,Male,24,Nagpur,Maharashtra,2025-06-19,Regular,Facebook
826,Aarav,Sharma,Female,37,Surat,Gujarat,2024-04-25,Regular,Referral
827,Priya,Sharma,Female,35,Surat,Gujarat,2024-12-03,Regular,Referral
828,Kavya,Singh,Male,60,Rajkot,Gujarat,2025-07-31,Budget,Facebook
829,Kavya,Agarwal,Male,58,Kolkata,West Bengal,2025-03-03,Budget,Instagram
830,Aditya,Verma,Female,31,Delhi,Delhi,2023-05-06,Regular,Email
831,Diya,Gupta,Male,57,Lucknow,Uttar Pradesh,2024-11-20,Regular,Organic Search
832,Sneha,Gupta,Female,31,Kolkata,West Bengal,2024-04-21,Regular,Google Ads
833,Pooja,Patel,Male,38,Pune,Maharashtra,2024-11-15,Premium,Referral
834,Ishaan,Mishra,Male,44,Mumbai,Maharashtra,2024-01-07,Regular,Referral
835,Yash,Mishra,Female,43,Jaipur,Rajasthan,2024-06-25,Regular,Referral
836,Dev,Parmar,Male,44,Bengaluru,Karnataka,2024-07-13,Budget,YouTube
837,Diya,Reddy,Female,41,Indore,Madhya Pradesh,2023-06-28,Regular,Referral
838,Kabir,Trivedi,Male,22,Indore,Madhya Pradesh,2024-07-20,Regular,Facebook
839,Rahul,Patel,Female,59,Chennai,Tamil Nadu,2025-01-17,Regular,YouTube
840,Yash,Mishra,Male,55,Vadodara,Gujarat,2025-08-08,Budget,Facebook
841,Neha,Pandya,Female,45,Kolkata,West Bengal,2023-10-29,Budget,Referral
842,Tanya,Malhotra,Female,59,Chennai,Tamil Nadu,2024-08-08,Budget,Google Ads
843,Priya,Verma,Female,60,Rajkot,Gujarat,2023-02-26,Regular,Organic Search
844,Kabir,Malhotra,Female,49,Hyderabad,Telangana,2025-10-20,Premium,Referral
845,Simran,Shah,Male,41,Nagpur,Maharashtra,2024-12-21,Premium,Facebook
846,Tanya,Soni,Female,23,Indore,Madhya Pradesh,2024-02-14,Regular,Referral
847,Arjun,Singh,Male,27,Vadodara,Gujarat,2024-10-07,Premium,Google Ads
848,Simran,Reddy,Male,20,Chennai,Tamil Nadu,2023-03-03,VIP,Facebook
849,Kabir,Joshi,Female,24,Bengaluru,Karnataka,2023-09-05,Regular,Instagram
850,Simran,Gupta,Female,46,Surat,Gujarat,2024-05-11,Regular,YouTube
851,Tanya,Verma,Male,51,Ahmedabad,Gujarat,2023-02-25,Premium,Email
852,Aanya,Agarwal,Male,24,Pune,Maharashtra,2024-04-03,Regular,Email
853,Tanya,Kapoor,Male,34,Kolkata,West Bengal,2025-07-07,Budget,Facebook
854,Tanya,Mishra,Female,30,Surat,Gujarat,2024-07-10,VIP,Email
855,Rohan,Mishra,Female,38,Hyderabad,Telangana,2025-08-21,Regular,Referral
856,Aryan,Joshi,Male,48,Pune,Maharashtra,2024-03-19,Premium,YouTube
857,Arjun,Agarwal,Male,26,Mumbai,Maharashtra,2025-03-02,Premium,Instagram
858,Nisha,Kumar,Male,30,Surat,Gujarat,2024-05-05,Regular,Instagram
859,Kavya,Joshi,Female,34,Vadodara,Gujarat,2024-08-17,Regular,Google Ads
860,Isha,Mishra,Male,25,Pune,Maharashtra,2024-02-12,Regular,Email
861,Aryan,Kumar,Male,26,Surat,Gujarat,2023-11-23,Budget,Referral
862,Aarav,Thakkar,Male,26,Vadodara,Gujarat,2025-07-30,Budget,YouTube
863,Priya,Mehta,Male,57,Delhi,Delhi,2025-08-06,Regular,Email
864,Riya,Malhotra,Female,47,Lucknow,Uttar Pradesh,2024-01-18,Budget,YouTube
865,Raj,Sharma,Male,24,Nagpur,Maharashtra,2025-10-10,Regular,Organic Search
866,Tanya,Sharma,Female,34,Mumbai,Maharashtra,2023-12-13,Budget,Google Ads
867,Diya,Desai,Female,56,Indore,Madhya Pradesh,2023-09-29,Regular,Organic Search
868,Raj,Mehta,Male,55,Delhi,Delhi,2024-01-31,Premium,Referral
869,Krish,Mishra,Female,22,Bengaluru,Karnataka,2023-06-03,Regular,Organic Search
870,Aditya,Sharma,Male,34,Mumbai,Maharashtra,2025-12-26,Regular,Email
871,Rahul,Joshi,Male,57,Indore,Madhya Pradesh,2025-04-20,VIP,Organic Search
872,Aanya,Pandya,Male,18,Bengaluru,Karnataka,2023-12-14,Budget,Instagram
873,Meera,Verma,Male,33,Bengaluru,Karnataka,2025-12-22,Regular,Google Ads
874,Rohan,Trivedi,Male,34,Nagpur,Maharashtra,2023-12-22,Budget,Referral
875,Ananya,Soni,Female,47,Hyderabad,Telangana,2025-11-30,Regular,Organic Search
876,Pooja,Shah,Female,48,Vadodara,Gujarat,2024-01-02,Budget,Email
877,Vivaan,Kapoor,Male,52,Pune,Maharashtra,2025-10-11,Budget,Instagram
878,Dev,Trivedi,Female,25,Chennai,Tamil Nadu,2023-10-04,Budget,Instagram
879,Neha,Singh,Male,47,Rajkot,Gujarat,2023-08-09,Regular,YouTube
880,Aanya,Reddy,Female,56,Chennai,Tamil Nadu,2023-03-02,Regular,Instagram
881,Nisha,Agarwal,Female,38,Delhi,Delhi,2023-03-16,Regular,Facebook
882,Raj,Kapoor,Male,32,Jaipur,Rajasthan,2024-04-17,Regular,Organic Search
883,Rohan,Agarwal,Female,51,Chennai,Tamil Nadu,2025-10-21,Budget,Email
884,Sneha,Verma,Female,44,Chennai,Tamil Nadu,2024-02-20,Premium,Email
885,Neha,Singh,Female,19,Mumbai,Maharashtra,2023-01-17,Regular,YouTube
886,Aarav,Trivedi,Male,27,Nagpur,Maharashtra,2025-12-18,Budget,Instagram
887,Kavya,Pandya,Female,22,Vadodara,Gujarat,2023-07-22,Budget,YouTube
888,Aarav,Soni,Female,44,Surat,Gujarat,2024-04-16,Premium,Facebook
889,Aanya,Agarwal,Female,21,Delhi,Delhi,2025-05-28,Regular,YouTube
890,Ananya,Trivedi,Female,30,Delhi,Delhi,2025-08-22,Regular,Email
891,Isha,Agarwal,Female,34,Vadodara,Gujarat,2025-03-28,Regular,Referral
892,Ishaan,Thakkar,Female,38,Lucknow,Uttar Pradesh,2024-02-18,Regular,Referral
893,Priya,Verma,Female,40,Hyderabad,Telangana,2024-05-15,Regular,YouTube
894,Simran,Desai,Female,50,Bengaluru,Karnataka,2023-05-01,Premium,Email
895,Pooja,Desai,Female,32,Bengaluru,Karnataka,2024-08-29,Regular,Google Ads
896,Kavya,Gupta,Male,31,Ahmedabad,Gujarat,2023-12-16,Budget,Facebook
897,Nisha,Parmar,Female,26,Hyderabad,Telangana,2025-03-30,Budget,Organic Search
898,Nisha,Reddy,Female,54,Kolkata,West Bengal,2024-10-15,Budget,Facebook
899,Isha,Reddy,Female,47,Kolkata,West Bengal,2025-02-22,Regular,Email
900,Raj,Trivedi,Female,46,Nagpur,Maharashtra,2024-05-11,Budget,Referral
901,Aarav,Malhotra,Female,40,Kolkata,West Bengal,2024-01-27,Regular,Google Ads
902,Vivaan,Gupta,Male,51,Pune,Maharashtra,2025-07-17,Regular,Instagram
903,Aryan,Sharma,Male,24,Surat,Gujarat,2024-04-14,Regular,YouTube
904,Aditya,Singh,Male,26,Hyderabad,Telangana,2023-12-16,Regular,Organic Search
905,Aarav,Agarwal,Male,21,Pune,Maharashtra,2025-02-13,Regular,Organic Search
906,Priya,Reddy,Female,19,Bengaluru,Karnataka,2023-05-29,Regular,Instagram
907,Diya,Sharma,Female,44,Vadodara,Gujarat,2023-09-13,Premium,Organic Search
908,Sneha,Pandya,Female,50,Bengaluru,Karnataka,2023-12-10,Regular,Google Ads
909,Rahul,Malhotra,Male,49,Bengaluru,Karnataka,2024-11-07,Regular,Facebook
910,Tanya,Desai,Male,54,Bengaluru,Karnataka,2023-04-18,Premium,Instagram
911,Isha,Reddy,Male,44,Indore,Madhya Pradesh,2024-08-17,Regular,Google Ads
912,Rohan,Kumar,Male,45,Nagpur,Maharashtra,2023-01-25,Premium,Facebook
913,Rohan,Soni,Female,20,Hyderabad,Telangana,2023-10-10,Regular,Referral
914,Rahul,Mehta,Female,53,Nagpur,Maharashtra,2025-06-05,Regular,Instagram
915,Aditya,Patel,Male,60,Hyderabad,Telangana,2025-07-26,Regular,Organic Search
916,Priya,Desai,Female,25,Pune,Maharashtra,2024-09-11,Regular,Referral
917,Sneha,Joshi,Male,58,Vadodara,Gujarat,2023-08-26,Budget,Facebook
918,Rohan,Pandya,Male,54,Rajkot,Gujarat,2025-07-26,Premium,Email
919,Priya,Agarwal,Male,55,Indore,Madhya Pradesh,2023-11-12,Regular,Organic Search
920,Rohan,Verma,Male,39,Rajkot,Gujarat,2025-04-19,Regular,Facebook
921,Dev,Soni,Female,31,Jaipur,Rajasthan,2024-04-07,Regular,Facebook
922,Dev,Kumar,Female,32,Kolkata,West Bengal,2024-08-14,Regular,Organic Search
923,Meera,Singh,Male,21,Surat,Gujarat,2025-04-19,Regular,Google Ads
924,Isha,Reddy,Male,35,Hyderabad,Telangana,2025-09-22,Regular,Google Ads
925,Priya,Desai,Female,18,Rajkot,Gujarat,2023-05-30,Budget,YouTube
926,Krish,Soni,Female,29,Jaipur,Rajasthan,2023-12-18,Budget,Organic Search
927,Aryan,Joshi,Male,58,Pune,Maharashtra,2024-03-17,Premium,Google Ads
928,Krish,Gupta,Male,59,Surat,Gujarat,2024-01-30,Premium,Email
929,Aarav,Agarwal,Male,34,Nagpur,Maharashtra,2023-01-06,Budget,Email
930,Meera,Kapoor,Male,36,Bengaluru,Karnataka,2024-06-17,Regular,Referral
931,Raj,Verma,Male,53,Indore,Madhya Pradesh,2023-08-08,Budget,Facebook
932,Raj,Soni,Female,24,Hyderabad,Telangana,2025-05-20,Premium,Google Ads
933,Arjun,Thakkar,Female,26,Bengaluru,Karnataka,2023-01-12,Budget,Organic Search
934,Aarav,Kapoor,Male,25,Kolkata,West Bengal,2025-03-05,Budget,Organic Search
935,Isha,Sharma,Male,42,Chennai,Tamil Nadu,2024-12-04,Budget,Organic Search
936,Kabir,Joshi,Male,24,Pune,Maharashtra,2024-04-02,Regular,YouTube
937,Vivaan,Pandya,Male,59,Surat,Gujarat,2023-08-13,Premium,Google Ads
938,Tanya,Patel,Female,25,Hyderabad,Telangana,2023-12-02,Regular,Organic Search
939,Kabir,Kumar,Female,41,Rajkot,Gujarat,2023-06-16,Budget,YouTube
940,Karan,Verma,Male,34,Chennai,Tamil Nadu,2024-05-12,Regular,Facebook
941,Simran,Shah,Female,29,Mumbai,Maharashtra,2023-05-28,Budget,Organic Search
942,Simran,Reddy,Male,48,Jaipur,Rajasthan,2023-02-05,Budget,Organic Search
943,Vivaan,Patel,Male,29,Chennai,Tamil Nadu,2025-09-16,Premium,Referral
944,Kavya,Pandya,Female,19,Kolkata,West Bengal,2023-11-04,Premium,Referral
945,Kavya,Sharma,Male,29,Indore,Madhya Pradesh,2024-10-03,VIP,Email
946,Aditya,Trivedi,Female,44,Pune,Maharashtra,2023-08-28,Regular,Google Ads
947,Nisha,Kapoor,Male,24,Nagpur,Maharashtra,2025-07-05,Budget,Google Ads
948,Aanya,Sharma,Male,30,Delhi,Delhi,2025-06-23,Premium,Email
949,Yash,Mehta,Male,53,Mumbai,Maharashtra,2025-05-05,Budget,Email
950,Aarav,Desai,Male,18,Nagpur,Maharashtra,2023-10-31,Budget,Referral
951,Kavya,Soni,Female,52,Mumbai,Maharashtra,2024-09-08,Budget,Referral
952,Yash,Patel,Male,47,Delhi,Delhi,2024-07-07,VIP,Referral
953,Rohan,Trivedi,Female,48,Ahmedabad,Gujarat,2025-02-04,Regular,Instagram
954,Nisha,Reddy,Female,34,Ahmedabad,Gujarat,2025-06-16,Budget,Instagram
955,Pooja,Reddy,Male,25,Chennai,Tamil Nadu,2025-08-29,Budget,Instagram
956,Isha,Trivedi,Female,20,Surat,Gujarat,2023-07-14,Premium,Email
957,Diya,Singh,Male,27,Vadodara,Gujarat,2025-11-28,Premium,Instagram
958,Ananya,Mehta,Female,51,Rajkot,Gujarat,2024-10-07,Regular,Google Ads
959,Sneha,Soni,Female,39,Kolkata,West Bengal,2023-09-09,Budget,Email
960,Ananya,Pandya,Male,21,Hyderabad,Telangana,2023-07-26,Regular,Google Ads
961,Rohan,Mishra,Male,49,Chennai,Tamil Nadu,2024-05-14,Regular,Email
962,Priya,Reddy,Female,46,Ahmedabad,Gujarat,2023-01-19,Premium,Organic Search
963,Krish,Trivedi,Male,28,Indore,Madhya Pradesh,2025-03-29,Budget,Facebook
964,Vivaan,Parmar,Male,30,Ahmedabad,Gujarat,2024-11-17,Regular,Google Ads
965,Ishaan,Singh,Female,21,Jaipur,Rajasthan,2023-01-20,Budget,Organic Search
966,Meera,Kumar,Female,19,Pune,Maharashtra,2024-03-23,Regular,Email
967,Karan,Desai,Male,51,Chennai,Tamil Nadu,2025-01-08,Budget,YouTube
968,Rahul,Desai,Female,60,Hyderabad,Telangana,2023-10-21,Premium,Email
969,Tanya,Gupta,Male,39,Bengaluru,Karnataka,2023-03-06,Budget,Facebook
970,Vivaan,Malhotra,Male,22,Ahmedabad,Gujarat,2024-05-13,Regular,Email
971,Rahul,Patel,Female,26,Bengaluru,Karnataka,2023-03-17,Regular,Facebook
972,Aanya,Parmar,Male,37,Surat,Gujarat,2025-06-19,Premium,Instagram
973,Vivaan,Joshi,Female,38,Surat,Gujarat,2024-09-26,Premium,Google Ads
974,Aanya,Trivedi,Male,34,Kolkata,West Bengal,2023-01-27,Budget,Facebook
975,Ananya,Verma,Male,29,Lucknow,Uttar Pradesh,2024-11-10,Budget,YouTube
976,Nisha,Verma,Male,45,Vadodara,Gujarat,2023-03-24,Regular,Google Ads
977,Meera,Reddy,Female,35,Rajkot,Gujarat,2024-04-30,Regular,Email
978,Vivaan,Verma,Female,20,Lucknow,Uttar Pradesh,2023-01-06,Budget,Email
979,Riya,Thakkar,Male,22,Ahmedabad,Gujarat,2025-08-26,Premium,Facebook
980,Pooja,Mehta,Female,31,Mumbai,Maharashtra,2024-01-03,Budget,Organic Search
981,Rahul,Pandya,Female,43,Kolkata,West Bengal,2024-04-15,VIP,YouTube
982,Aarav,Thakkar,Male,36,Nagpur,Maharashtra,2024-11-19,Budget,Facebook
983,Neha,Thakkar,Female,58,Mumbai,Maharashtra,2024-01-05,Budget,Organic Search
984,Ananya,Malhotra,Female,34,Rajkot,Gujarat,2023-10-05,Regular,YouTube
985,Tanya,Desai,Female,56,Lucknow,Uttar Pradesh,2023-12-06,Regular,Referral
986,Sneha,Agarwal,Male,59,Vadodara,Gujarat,2025-03-25,Budget,Facebook
987,Dev,Verma,Male,21,Nagpur,Maharashtra,2024-09-05,Regular,Instagram
988,Meera,Agarwal,Female,59,Surat,Gujarat,2025-03-03,Regular,Instagram
989,Isha,Pandya,Male,52,Jaipur,Rajasthan,2024-08-25,Budget,Instagram
990,Rohan,Soni,Female,41,Delhi,Delhi,2023-03-08,Premium,Facebook
991,Arjun,Agarwal,Male,58,Delhi,Delhi,2023-08-03,Premium,Organic Search
992,Dev,Kumar,Female,30,Hyderabad,Telangana,2024-02-20,Regular,Google Ads
993,Neha,Sharma,Male,50,Delhi,Delhi,2024-07-05,Premium,Email
994,Isha,Trivedi,Female,32,Jaipur,Rajasthan,2024-07-24,Budget,Google Ads
995,Dev,Trivedi,Male,32,Rajkot,Gujarat,2024-06-23,Budget,Email
996,Isha,Reddy,Female,48,Kolkata,West Bengal,2025-12-06,Regular,YouTube
997,Tanya,Mishra,Male,60,Bengaluru,Karnataka,2023-04-27,VIP,Instagram
998,Riya,Singh,Male,45,Hyderabad,Telangana,2023-05-31,Regular,Instagram
999,Neha,Sharma,Male,27,Kolkata,West Bengal,2025-12-16,Budget,Email
1000,Rohan,Kapoor,Female,24,Bengaluru,Karnataka,2025-09-10,Regular,Instagram
1001,Vivaan,Shah,Female,50,Nagpur,Maharashtra,2025-09-30,Budget,Google Ads
1002,Rahul,Trivedi,Female,24,Lucknow,Uttar Pradesh,2024-03-09,Budget,Facebook
1003,Priya,Parmar,Male,22,Pune,Maharashtra,2023-11-16,Regular,Instagram
1004,Vivaan,Joshi,Female,43,Chennai,Tamil Nadu,2023-08-30,Regular,Referral
1005,Raj,Soni,Male,33,Kolkata,West Bengal,2024-04-09,Budget,Organic Search
1006,Ishaan,Sharma,Male,25,Chennai,Tamil Nadu,2023-07-22,Budget,Organic Search
1007,Ishaan,Singh,Male,39,Kolkata,West Bengal,2024-07-02,Regular,Instagram
1008,Diya,Trivedi,Female,51,Bengaluru,Karnataka,2025-01-27,Regular,Referral
1009,Ishaan,Sharma,Male,57,Ahmedabad,Gujarat,2025-05-07,Regular,YouTube
1010,Meera,Shah,Female,45,Hyderabad,Telangana,2025-02-24,Regular,Facebook
1011,Ananya,Sharma,Female,53,Pune,Maharashtra,2024-06-24,Budget,Email
1012,Pooja,Kumar,Male,24,Rajkot,Gujarat,2024-05-01,Budget,Facebook
1013,Sneha,Gupta,Female,57,Nagpur,Maharashtra,2024-07-25,Premium,Facebook
1014,Sneha,Reddy,Male,60,Bengaluru,Karnataka,2025-04-19,Regular,Email
1015,Diya,Mehta,Male,45,Mumbai,Maharashtra,2024-10-22,Regular,Facebook
1016,Ishaan,Parmar,Female,19,Ahmedabad,Gujarat,2024-02-09,Premium,YouTube
1017,Kavya,Parmar,Male,26,Jaipur,Rajasthan,2024-10-18,Regular,Referral
1018,Diya,Mishra,Male,23,Vadodara,Gujarat,2025-08-06,Budget,Google Ads
1019,Kabir,Thakkar,Male,18,Mumbai,Maharashtra,2023-01-15,Premium,Facebook
1020,Arjun,Singh,Female,20,Jaipur,Rajasthan,2025-09-01,Budget,Google Ads
1021,Kabir,Joshi,Female,27,Hyderabad,Telangana,2025-11-29,Regular,YouTube
1022,Arjun,Sharma,Female,54,Lucknow,Uttar Pradesh,2023-11-03,Regular,YouTube
1023,Neha,Agarwal,Male,40,Hyderabad,Telangana,2024-12-05,Regular,Organic Search
1024,Pooja,Shah,Male,50,Mumbai,Maharashtra,2024-02-01,Regular,Organic Search
1025,Aditya,Reddy,Female,26,Hyderabad,Telangana,2024-11-08,Regular,Facebook
1026,Aditya,Patel,Female,30,Delhi,Delhi,2025-08-27,Premium,Instagram
1027,Nisha,Sharma,Female,45,Nagpur,Maharashtra,2025-05-14,Premium,Facebook
1028,Aanya,Kumar,Female,24,Chennai,Tamil Nadu,2023-07-30,Budget,Google Ads
1029,Simran,Mishra,Female,43,Lucknow,Uttar Pradesh,2024-02-03,Premium,YouTube
1030,Meera,Patel,Male,33,Surat,Gujarat,2023-09-15,Budget,Google Ads
1031,Meera,Sharma,Female,57,Bengaluru,Karnataka,2023-04-25,Budget,Google Ads
1032,Priya,Malhotra,Male,43,Jaipur,Rajasthan,2023-11-30,VIP,Organic Search
1033,Rohan,Kumar,Male,56,Pune,Maharashtra,2023-12-15,Regular,Email
1034,Aanya,Patel,Male,49,Vadodara,Gujarat,2023-08-21,Budget,YouTube
1035,Tanya,Sharma,Male,53,Surat,Gujarat,2024-03-24,Regular,YouTube
1036,Dev,Parmar,Female,59,Delhi,Delhi,2025-04-07,Budget,Google Ads
1037,Kavya,Kumar,Male,18,Ahmedabad,Gujarat,2024-08-30,Regular,Referral
1038,Priya,Patel,Female,38,Ahmedabad,Gujarat,2023-04-08,Regular,YouTube
1039,Rahul,Agarwal,Male,30,Lucknow,Uttar Pradesh,2024-07-21,Premium,Referral
1040,Aarav,Sharma,Female,43,Bengaluru,Karnataka,2024-04-06,Budget,Referral
1041,Rohan,Mishra,Female,26,Nagpur,Maharashtra,2024-05-14,Budget,Facebook
1042,Aryan,Joshi,Male,54,Surat,Gujarat,2024-09-22,Budget,Email
1043,Yash,Trivedi,Female,40,Surat,Gujarat,2025-11-27,Budget,Facebook
1044,Simran,Reddy,Male,18,Bengaluru,Karnataka,2025-12-10,Premium,Organic Search
1045,Krish,Thakkar,Female,19,Jaipur,Rajasthan,2023-05-07,Premium,Instagram
1046,Vivaan,Sharma,Male,60,Kolkata,West Bengal,2024-04-21,Regular,Instagram
1047,Isha,Desai,Male,45,Bengaluru,Karnataka,2024-12-23,Regular,Referral
1048,Krish,Verma,Female,53,Hyderabad,Telangana,2024-03-11,Premium,Google Ads
1049,Simran,Mishra,Female,48,Chennai,Tamil Nadu,2023-03-26,Budget,Referral
1050,Raj,Joshi,Male,58,Surat,Gujarat,2025-02-24,Budget,Instagram
1051,Nisha,Patel,Male,22,Kolkata,West Bengal,2023-01-27,Regular,Facebook
1052,Aryan,Gupta,Female,54,Bengaluru,Karnataka,2025-05-09,Premium,Instagram
1053,Simran,Kumar,Male,42,Ahmedabad,Gujarat,2023-03-13,Regular,Google Ads
1054,Pooja,Desai,Male,25,Pune,Maharashtra,2024-08-10,Regular,YouTube
1055,Ananya,Sharma,Male,51,Indore,Madhya Pradesh,2025-10-26,Budget,Email
1056,Pooja,Sharma,Female,56,Ahmedabad,Gujarat,2023-06-01,Regular,Google Ads
1057,Kavya,Thakkar,Male,49,Rajkot,Gujarat,2024-08-05,Premium,Google Ads
1058,Ananya,Desai,Male,28,Rajkot,Gujarat,2023-02-26,Regular,Google Ads
1059,Neha,Kumar,Female,42,Bengaluru,Karnataka,2024-03-01,Regular,Facebook
1060,Ishaan,Kumar,Male,20,Chennai,Tamil Nadu,2023-05-22,Regular,YouTube
1061,Diya,Sharma,Male,49,Chennai,Tamil Nadu,2024-07-21,Premium,Google Ads
1062,Isha,Patel,Male,52,Ahmedabad,Gujarat,2025-11-04,Regular,YouTube
1063,Simran,Thakkar,Male,49,Jaipur,Rajasthan,2025-10-28,Regular,Referral
1064,Arjun,Parmar,Female,51,Mumbai,Maharashtra,2025-12-12,Regular,Organic Search
1065,Aarav,Desai,Male,54,Pune,Maharashtra,2023-05-17,Budget,Organic Search
1066,Kabir,Trivedi,Male,22,Hyderabad,Telangana,2023-06-23,Premium,Google Ads
1067,Isha,Joshi,Male,45,Ahmedabad,Gujarat,2025-05-09,VIP,Facebook
1068,Aditya,Sharma,Male,45,Indore,Madhya Pradesh,2023-08-07,Regular,Google Ads
1069,Riya,Gupta,Male,25,Vadodara,Gujarat,2023-09-12,Budget,Organic Search
1070,Ananya,Shah,Female,44,Mumbai,Maharashtra,2025-03-22,Regular,Referral
1071,Ananya,Shah,Female,33,Chennai,Tamil Nadu,2023-09-27,Regular,Instagram
1072,Neha,Thakkar,Male,35,Hyderabad,Telangana,2023-08-12,Budget,Facebook
1073,Kavya,Desai,Male,42,Hyderabad,Telangana,2025-06-01,Budget,Organic Search
1074,Krish,Pandya,Female,18,Hyderabad,Telangana,2024-08-26,Premium,Google Ads
1075,Simran,Singh,Female,25,Indore,Madhya Pradesh,2024-12-01,Premium,Google Ads
1076,Tanya,Kumar,Female,38,Indore,Madhya Pradesh,2025-07-08,Premium,Google Ads
1077,Sneha,Shah,Male,51,Chennai,Tamil Nadu,2023-03-14,Regular,Instagram
1078,Krish,Shah,Male,41,Surat,Gujarat,2025-06-16,Premium,Instagram
1079,Neha,Mishra,Male,54,Vadodara,Gujarat,2025-08-04,Regular,Organic Search
1080,Vivaan,Joshi,Male,43,Indore,Madhya Pradesh,2024-06-26,Regular,Google Ads
1081,Raj,Soni,Male,31,Indore,Madhya Pradesh,2024-09-22,Premium,Organic Search
1082,Simran,Shah,Male,46,Vadodara,Gujarat,2025-03-05,VIP,Instagram
1083,Krish,Soni,Female,47,Jaipur,Rajasthan,2025-05-27,Premium,Google Ads
1084,Nisha,Mehta,Female,20,Jaipur,Rajasthan,2025-01-26,Premium,Instagram
1085,Neha,Pandya,Male,24,Nagpur,Maharashtra,2024-09-09,Regular,YouTube
1086,Meera,Gupta,Male,53,Mumbai,Maharashtra,2023-07-17,Regular,Referral
1087,Karan,Kapoor,Male,28,Mumbai,Maharashtra,2024-05-07,Premium,Organic Search
1088,Aditya,Trivedi,Female,49,Pune,Maharashtra,2023-03-23,Regular,Google Ads
1089,Ananya,Kapoor,Female,29,Surat,Gujarat,2024-01-09,Budget,Referral
1090,Sneha,Parmar,Female,32,Chennai,Tamil Nadu,2024-05-15,Premium,Google Ads
1091,Krish,Joshi,Female,55,Vadodara,Gujarat,2023-12-23,Premium,Email
1092,Ishaan,Trivedi,Male,41,Indore,Madhya Pradesh,2024-08-02,Regular,Email
1093,Ananya,Patel,Female,18,Vadodara,Gujarat,2023-10-27,Premium,Facebook
1094,Tanya,Joshi,Female,35,Nagpur,Maharashtra,2024-10-07,Budget,YouTube
1095,Raj,Parmar,Male,24,Lucknow,Uttar Pradesh,2023-04-30,Premium,YouTube
1096,Aanya,Parmar,Male,59,Delhi,Delhi,2023-07-05,Regular,Facebook
1097,Simran,Desai,Male,58,Nagpur,Maharashtra,2024-08-06,Regular,Email
1098,Rahul,Soni,Female,19,Nagpur,Maharashtra,2023-11-04,Premium,Organic Search
1099,Aditya,Mishra,Male,57,Delhi,Delhi,2023-08-22,Premium,Facebook
1100,Meera,Joshi,Female,48,Bengaluru,Karnataka,2025-10-31,Premium,Email
1101,Ananya,Sharma,Female,50,Delhi,Delhi,2023-06-24,Premium,Organic Search
1102,Pooja,Soni,Female,47,Nagpur,Maharashtra,2025-02-11,Budget,Google Ads
1103,Sneha,Shah,Female,48,Nagpur,Maharashtra,2024-10-04,Budget,Referral
1104,Rohan,Kapoor,Male,51,Delhi,Delhi,2025-06-29,Premium,Facebook
1105,Tanya,Parmar,Male,24,Kolkata,West Bengal,2025-10-22,Premium,Instagram
1106,Dev,Trivedi,Female,42,Chennai,Tamil Nadu,2025-01-30,Regular,Referral
1107,Karan,Kapoor,Male,33,Lucknow,Uttar Pradesh,2023-07-01,Budget,Email
1108,Pooja,Agarwal,Female,39,Chennai,Tamil Nadu,2025-07-30,Regular,Google Ads
1109,Isha,Kapoor,Female,53,Nagpur,Maharashtra,2023-12-16,Regular,Organic Search
1110,Karan,Agarwal,Male,44,Indore,Madhya Pradesh,2024-09-30,Premium,Instagram
1111,Kavya,Soni,Male,34,Surat,Gujarat,2023-08-13,Budget,Instagram
1112,Simran,Verma,Female,21,Mumbai,Maharashtra,2023-10-13,Budget,Organic Search
1113,Yash,Mehta,Male,52,Rajkot,Gujarat,2023-07-12,Premium,YouTube
1114,Pooja,Thakkar,Female,58,Jaipur,Rajasthan,2024-11-01,Budget,Email
1115,Isha,Shah,Male,39,Lucknow,Uttar Pradesh,2024-11-22,Premium,Google Ads
1116,Raj,Patel,Female,52,Hyderabad,Telangana,2024-06-21,Regular,Email
1117,Riya,Malhotra,Female,32,Indore,Madhya Pradesh,2024-09-03,Regular,Google Ads
1118,Pooja,Singh,Male,57,Delhi,Delhi,2025-06-19,Budget,Organic Search
1119,Arjun,Pandya,Male,38,Jaipur,Rajasthan,2023-02-20,Budget,Referral
1120,Dev,Kapoor,Female,30,Jaipur,Rajasthan,2023-05-08,Regular,Email
1121,Aditya,Trivedi,Male,28,Hyderabad,Telangana,2025-12-05,Premium,Referral
1122,Aryan,Mishra,Male,44,Lucknow,Uttar Pradesh,2023-08-22,Regular,Instagram
1123,Raj,Shah,Female,48,Surat,Gujarat,2024-03-23,Budget,YouTube
1124,Aanya,Joshi,Female,49,Hyderabad,Telangana,2024-08-06,Premium,Organic Search
1125,Ananya,Mishra,Male,47,Kolkata,West Bengal,2024-05-17,Budget,Referral
1126,Arjun,Kapoor,Male,35,Kolkata,West Bengal,2024-08-29,Premium,Organic Search
1127,Ananya,Mehta,Female,33,Nagpur,Maharashtra,2025-07-10,Budget,Facebook
1128,Kavya,Malhotra,Female,52,Hyderabad,Telangana,2023-10-12,Regular,Email
1129,Vivaan,Thakkar,Female,26,Chennai,Tamil Nadu,2025-07-24,Budget,Instagram
1130,Ananya,Trivedi,Female,56,Bengaluru,Karnataka,2024-06-27,Regular,Organic Search
1131,Kabir,Mehta,Female,54,Ahmedabad,Gujarat,2023-12-22,Regular,Facebook
1132,Kabir,Agarwal,Female,27,Bengaluru,Karnataka,2025-11-26,Regular,Referral
1133,Isha,Kapoor,Female,29,Kolkata,West Bengal,2023-05-18,Budget,Facebook
1134,Yash,Reddy,Female,25,Vadodara,Gujarat,2024-09-03,Premium,Facebook
1135,Meera,Reddy,Male,20,Lucknow,Uttar Pradesh,2024-04-01,Premium,Referral
1136,Dev,Kumar,Male,36,Kolkata,West Bengal,2023-04-09,Regular,Instagram
1137,Aryan,Trivedi,Male,28,Indore,Madhya Pradesh,2023-02-05,Regular,Referral
1138,Rohan,Verma,Female,25,Mumbai,Maharashtra,2024-09-21,Regular,Google Ads
1139,Rahul,Trivedi,Male,43,Nagpur,Maharashtra,2024-10-31,Budget,Facebook
1140,Riya,Soni,Female,40,Chennai,Tamil Nadu,2025-02-25,Premium,YouTube
1141,Simran,Kumar,Male,27,Lucknow,Uttar Pradesh,2024-11-11,Budget,Organic Search
1142,Vivaan,Patel,Female,35,Ahmedabad,Gujarat,2023-02-24,Regular,Google Ads
1143,Nisha,Singh,Female,29,Mumbai,Maharashtra,2025-10-26,Regular,Instagram
1144,Neha,Singh,Male,56,Indore,Madhya Pradesh,2025-06-09,Regular,Facebook
1145,Nisha,Kumar,Female,43,Kolkata,West Bengal,2025-10-03,Premium,Instagram
1146,Raj,Desai,Male,28,Rajkot,Gujarat,2025-02-06,Budget,Instagram
1147,Rahul,Parmar,Male,27,Surat,Gujarat,2025-07-06,Regular,Facebook
1148,Rohan,Reddy,Male,20,Nagpur,Maharashtra,2024-10-25,Regular,Instagram
1149,Pooja,Kumar,Male,24,Lucknow,Uttar Pradesh,2025-04-09,Budget,Organic Search
1150,Aarav,Mishra,Male,21,Lucknow,Uttar Pradesh,2023-06-19,Regular,Organic Search
1151,Priya,Joshi,Male,57,Bengaluru,Karnataka,2023-09-06,Premium,YouTube
1152,Kavya,Desai,Male,25,Indore,Madhya Pradesh,2024-10-23,Regular,YouTube
1153,Priya,Shah,Male,55,Delhi,Delhi,2023-07-29,Regular,Email
1154,Rahul,Desai,Male,30,Indore,Madhya Pradesh,2025-06-30,Regular,Organic Search
1155,Rahul,Pandya,Female,29,Mumbai,Maharashtra,2025-01-09,Regular,Facebook
1156,Sneha,Gupta,Female,52,Rajkot,Gujarat,2023-05-21,Premium,Facebook
1157,Diya,Malhotra,Male,55,Hyderabad,Telangana,2024-09-23,Budget,Organic Search
1158,Arjun,Verma,Female,60,Bengaluru,Karnataka,2025-03-15,Regular,Facebook
1159,Ishaan,Thakkar,Female,53,Delhi,Delhi,2023-06-29,Regular,Email
1160,Neha,Agarwal,Male,19,Delhi,Delhi,2025-07-08,Budget,Referral
1161,Sneha,Desai,Male,32,Surat,Gujarat,2024-09-28,Premium,YouTube
1162,Aryan,Desai,Female,51,Delhi,Delhi,2025-01-23,Budget,YouTube
1163,Sneha,Mehta,Male,56,Vadodara,Gujarat,2025-09-13,Budget,Facebook
1164,Aditya,Singh,Male,43,Kolkata,West Bengal,2025-11-06,Regular,Instagram
1165,Meera,Shah,Male,22,Jaipur,Rajasthan,2025-11-05,Budget,Google Ads
1166,Kabir,Kapoor,Female,42,Jaipur,Rajasthan,2024-01-20,Regular,Google Ads
1167,Rohan,Parmar,Male,51,Pune,Maharashtra,2025-06-11,Premium,Facebook
1168,Arjun,Reddy,Female,21,Ahmedabad,Gujarat,2025-09-13,Budget,Facebook
1169,Neha,Desai,Male,51,Surat,Gujarat,2025-02-07,Budget,YouTube
1170,Rahul,Kumar,Male,44,Pune,Maharashtra,2025-03-02,Budget,Organic Search
1171,Vivaan,Reddy,Female,59,Ahmedabad,Gujarat,2023-02-15,Budget,YouTube
1172,Riya,Singh,Male,46,Jaipur,Rajasthan,2024-05-18,Budget,Instagram
1173,Tanya,Pandya,Female,22,Lucknow,Uttar Pradesh,2025-04-09,Premium,YouTube
1174,Ishaan,Sharma,Female,35,Surat,Gujarat,2024-06-08,Premium,Google Ads
1175,Arjun,Sharma,Male,21,Lucknow,Uttar Pradesh,2025-09-05,Budget,Organic Search
1176,Ananya,Kumar,Male,18,Nagpur,Maharashtra,2024-07-10,Premium,Google Ads
1177,Rahul,Parmar,Female,37,Kolkata,West Bengal,2023-02-16,Budget,YouTube
1178,Kavya,Soni,Female,23,Chennai,Tamil Nadu,2024-06-11,Regular,Google Ads
1179,Isha,Shah,Male,37,Mumbai,Maharashtra,2023-04-17,Budget,Referral
1180,Neha,Mishra,Male,37,Mumbai,Maharashtra,2025-10-23,Budget,Google Ads
1181,Rahul,Pandya,Male,44,Indore,Madhya Pradesh,2024-09-07,Premium,Google Ads
1182,Meera,Gupta,Male,43,Bengaluru,Karnataka,2025-08-23,Regular,Google Ads
1183,Pooja,Gupta,Male,49,Jaipur,Rajasthan,2025-05-09,Regular,Email
1184,Vivaan,Gupta,Female,27,Indore,Madhya Pradesh,2023-07-20,Regular,Facebook
1185,Ananya,Singh,Female,35,Jaipur,Rajasthan,2023-09-11,Budget,Organic Search
1186,Ishaan,Patel,Female,58,Indore,Madhya Pradesh,2023-07-02,Regular,Instagram
1187,Kabir,Desai,Female,29,Kolkata,West Bengal,2025-09-07,Premium,Email
1188,Simran,Malhotra,Male,27,Rajkot,Gujarat,2024-05-04,Budget,Organic Search
1189,Meera,Mehta,Female,41,Nagpur,Maharashtra,2024-05-19,Regular,Instagram
1190,Raj,Kumar,Male,41,Pune,Maharashtra,2024-02-17,Regular,Email
1191,Yash,Desai,Male,55,Indore,Madhya Pradesh,2024-02-08,Regular,Email
1192,Rohan,Mehta,Male,42,Chennai,Tamil Nadu,2023-08-24,Regular,Instagram
1193,Rahul,Kumar,Male,25,Vadodara,Gujarat,2025-05-08,Regular,Facebook
1194,Simran,Malhotra,Male,31,Jaipur,Rajasthan,2025-08-23,VIP,Organic Search
1195,Kavya,Mishra,Female,60,Delhi,Delhi,2024-09-24,Regular,YouTube
1196,Arjun,Soni,Male,48,Bengaluru,Karnataka,2023-07-27,Regular,Email
1197,Meera,Singh,Male,41,Mumbai,Maharashtra,2023-05-20,Regular,Organic Search
1198,Riya,Desai,Male,33,Jaipur,Rajasthan,2024-08-10,Regular,Organic Search
1199,Aarav,Malhotra,Female,37,Chennai,Tamil Nadu,2024-08-09,Regular,Facebook
1200,Riya,Pandya,Male,55,Hyderabad,Telangana,2025-07-05,Regular,YouTube
1201,Isha,Pandya,Male,32,Pune,Maharashtra,2025-08-24,Regular,Organic Search
1202,Yash,Sharma,Male,31,Vadodara,Gujarat,2024-07-23,Regular,Instagram
1203,Ananya,Malhotra,Female,29,Chennai,Tamil Nadu,2023-05-05,Budget,Email
1204,Aarav,Pandya,Male,51,Delhi,Delhi,2023-05-14,Regular,YouTube
1205,Simran,Pandya,Female,25,Pune,Maharashtra,2025-09-22,Premium,Facebook
1206,Krish,Soni,Female,36,Mumbai,Maharashtra,2024-10-11,Premium,Organic Search
1207,Rahul,Gupta,Male,22,Pune,Maharashtra,2024-12-06,Premium,YouTube
1208,Rohan,Patel,Female,44,Chennai,Tamil Nadu,2024-07-21,Regular,Instagram
1209,Ishaan,Verma,Female,58,Nagpur,Maharashtra,2023-12-05,Budget,YouTube
1210,Arjun,Soni,Male,30,Rajkot,Gujarat,2025-04-18,Regular,Google Ads
1211,Raj,Patel,Male,49,Surat,Gujarat,2023-11-18,Budget,Email
1212,Ishaan,Kumar,Male,48,Rajkot,Gujarat,2023-04-05,Premium,Facebook
1213,Aditya,Sharma,Male,58,Chennai,Tamil Nadu,2023-07-15,Budget,Referral
1214,Aarav,Desai,Female,54,Jaipur,Rajasthan,2023-07-11,Premium,Facebook
1215,Rahul,Singh,Female,19,Delhi,Delhi,2024-10-17,Premium,Email
1216,Aanya,Joshi,Male,24,Kolkata,West Bengal,2024-06-05,Premium,Email
1217,Neha,Kumar,Male,28,Pune,Maharashtra,2025-01-22,Premium,Google Ads
1218,Dev,Shah,Male,28,Chennai,Tamil Nadu,2025-09-14,Regular,Google Ads
1219,Rohan,Patel,Female,40,Ahmedabad,Gujarat,2025-10-02,Regular,Facebook
1220,Sneha,Shah,Male,48,Ahmedabad,Gujarat,2023-01-13,Regular,Referral
1221,Dev,Thakkar,Female,25,Bengaluru,Karnataka,2023-09-11,Budget,YouTube
1222,Yash,Patel,Female,49,Pune,Maharashtra,2023-03-22,Budget,Referral
1223,Vivaan,Soni,Female,38,Lucknow,Uttar Pradesh,2024-01-08,Budget,Email
1224,Raj,Parmar,Female,48,Surat,Gujarat,2024-01-29,Premium,Google Ads
1225,Kabir,Reddy,Male,18,Delhi,Delhi,2024-02-22,Budget,Google Ads
1226,Vivaan,Soni,Male,30,Hyderabad,Telangana,2025-12-18,Regular,Google Ads
1227,Riya,Pandya,Male,28,Delhi,Delhi,2023-05-08,Budget,YouTube
1228,Aarav,Shah,Female,46,Pune,Maharashtra,2025-03-27,VIP,Organic Search
1229,Rohan,Shah,Female,21,Rajkot,Gujarat,2025-02-12,Regular,Facebook
1230,Aryan,Kapoor,Male,53,Lucknow,Uttar Pradesh,2025-06-10,Regular,Referral
1231,Isha,Parmar,Female,32,Nagpur,Maharashtra,2023-10-09,Regular,Organic Search
1232,Aryan,Joshi,Female,20,Ahmedabad,Gujarat,2023-07-26,Premium,Facebook
1233,Ishaan,Kumar,Female,46,Delhi,Delhi,2024-02-07,Budget,Google Ads
1234,Ananya,Mishra,Male,38,Chennai,Tamil Nadu,2023-08-06,Premium,YouTube
1235,Neha,Agarwal,Male,19,Delhi,Delhi,2023-11-22,Regular,YouTube
1236,Rahul,Mishra,Male,23,Pune,Maharashtra,2025-01-25,Budget,Facebook
1237,Sneha,Patel,Female,48,Chennai,Tamil Nadu,2025-10-08,Budget,Email
1238,Aditya,Agarwal,Male,41,Lucknow,Uttar Pradesh,2023-05-10,Premium,Google Ads
1239,Isha,Desai,Male,57,Mumbai,Maharashtra,2023-01-03,Budget,YouTube
1240,Rohan,Kapoor,Male,34,Delhi,Delhi,2024-07-08,Premium,Email
1241,Tanya,Shah,Female,22,Bengaluru,Karnataka,2023-09-23,Budget,Instagram
1242,Yash,Trivedi,Female,19,Pune,Maharashtra,2025-07-11,Regular,Referral
1243,Aanya,Kumar,Female,29,Vadodara,Gujarat,2023-01-24,Regular,Google Ads
1244,Krish,Thakkar,Female,22,Jaipur,Rajasthan,2024-06-17,Regular,Referral
1245,Priya,Mehta,Female,59,Jaipur,Rajasthan,2023-01-03,Regular,Instagram
1246,Neha,Kumar,Male,58,Bengaluru,Karnataka,2025-05-29,Premium,Facebook
1247,Ishaan,Joshi,Male,37,Indore,Madhya Pradesh,2024-03-02,Premium,Facebook
1248,Aryan,Trivedi,Female,25,Jaipur,Rajasthan,2023-01-04,Regular,Referral
1249,Vivaan,Sharma,Female,18,Bengaluru,Karnataka,2025-03-18,Regular,Facebook
1250,Yash,Singh,Male,23,Mumbai,Maharashtra,2025-02-22,Regular,Organic Search
1251,Aditya,Kumar,Female,28,Surat,Gujarat,2024-05-17,Premium,Referral
1252,Aditya,Mehta,Female,20,Ahmedabad,Gujarat,2023-08-20,Premium,YouTube
1253,Aarav,Soni,Female,48,Chennai,Tamil Nadu,2025-05-22,Budget,YouTube
1254,Kabir,Singh,Female,45,Bengaluru,Karnataka,2025-01-19,Budget,Email
1255,Kavya,Singh,Female,60,Vadodara,Gujarat,2023-03-13,VIP,Instagram
1256,Tanya,Kapoor,Male,22,Kolkata,West Bengal,2023-03-29,Budget,Facebook
1257,Kabir,Reddy,Male,43,Kolkata,West Bengal,2024-06-11,VIP,Facebook
1258,Ishaan,Malhotra,Female,33,Vadodara,Gujarat,2025-06-04,Regular,YouTube
1259,Aryan,Singh,Female,48,Kolkata,West Bengal,2024-08-25,Budget,YouTube
1260,Rohan,Singh,Male,45,Hyderabad,Telangana,2024-03-25,Regular,YouTube
1261,Krish,Thakkar,Female,24,Jaipur,Rajasthan,2024-03-14,Regular,Google Ads
1262,Tanya,Shah,Male,55,Indore,Madhya Pradesh,2023-05-06,Premium,Instagram
1263,Aditya,Singh,Female,26,Bengaluru,Karnataka,2024-07-16,Regular,Instagram
1264,Priya,Patel,Male,56,Pune,Maharashtra,2025-11-07,Regular,Google Ads
1265,Rohan,Trivedi,Male,52,Bengaluru,Karnataka,2025-04-28,Premium,Facebook
1266,Rohan,Sharma,Female,60,Pune,Maharashtra,2025-05-14,Budget,Referral
1267,Meera,Sharma,Female,44,Mumbai,Maharashtra,2025-07-12,Regular,Organic Search
1268,Nisha,Soni,Male,29,Pune,Maharashtra,2023-12-11,Regular,Organic Search
1269,Krish,Gupta,Female,42,Surat,Gujarat,2024-04-12,Budget,Referral
1270,Simran,Patel,Male,60,Kolkata,West Bengal,2025-09-07,Budget,Email
1271,Arjun,Kapoor,Female,46,Jaipur,Rajasthan,2023-05-21,Regular,Email
1272,Pooja,Trivedi,Female,48,Chennai,Tamil Nadu,2025-10-26,Budget,Facebook
1273,Raj,Shah,Female,51,Chennai,Tamil Nadu,2024-10-30,Regular,Email
1274,Dev,Gupta,Male,50,Indore,Madhya Pradesh,2024-09-22,Regular,YouTube
1275,Pooja,Soni,Male,44,Hyderabad,Telangana,2025-12-24,Regular,Instagram
1276,Aanya,Thakkar,Female,19,Mumbai,Maharashtra,2025-12-15,Regular,Referral
1277,Kabir,Parmar,Male,31,Surat,Gujarat,2025-03-08,Regular,YouTube
1278,Kabir,Verma,Female,30,Vadodara,Gujarat,2025-08-12,Budget,Email
1279,Karan,Mishra,Male,41,Rajkot,Gujarat,2023-08-03,Budget,Email
1280,Kabir,Parmar,Female,22,Surat,Gujarat,2025-01-12,Regular,Instagram
1281,Krish,Gupta,Male,51,Lucknow,Uttar Pradesh,2023-02-27,Premium,Organic Search
1282,Meera,Gupta,Male,40,Jaipur,Rajasthan,2025-06-24,Budget,Referral
1283,Rahul,Pandya,Male,36,Indore,Madhya Pradesh,2024-02-09,Regular,Organic Search
1284,Aarav,Reddy,Male,47,Pune,Maharashtra,2024-12-21,Regular,YouTube
1285,Sneha,Singh,Male,60,Hyderabad,Telangana,2025-02-21,Regular,Instagram
1286,Ananya,Kumar,Male,33,Ahmedabad,Gujarat,2023-04-07,VIP,Referral
1287,Aarav,Sharma,Female,57,Pune,Maharashtra,2024-08-09,Budget,Email
1288,Pooja,Gupta,Female,51,Hyderabad,Telangana,2024-06-01,Budget,Organic Search
1289,Isha,Desai,Male,28,Surat,Gujarat,2024-10-29,Regular,Referral
1290,Aarav,Thakkar,Female,31,Rajkot,Gujarat,2025-12-22,Budget,Instagram
1291,Ananya,Agarwal,Male,32,Mumbai,Maharashtra,2024-06-24,Regular,Instagram
1292,Sneha,Malhotra,Female,52,Chennai,Tamil Nadu,2025-03-26,Premium,Email
1293,Vivaan,Sharma,Female,24,Indore,Madhya Pradesh,2023-07-10,Regular,Organic Search
1294,Krish,Agarwal,Female,46,Bengaluru,Karnataka,2025-07-05,Budget,Instagram
1295,Priya,Joshi,Female,39,Pune,Maharashtra,2024-12-16,Budget,YouTube
1296,Kabir,Agarwal,Male,40,Delhi,Delhi,2024-06-22,Premium,Organic Search
1297,Kabir,Shah,Female,41,Pune,Maharashtra,2023-03-26,Regular,Email
1298,Meera,Thakkar,Female,52,Vadodara,Gujarat,2024-03-16,Premium,Instagram
1299,Karan,Joshi,Female,27,Bengaluru,Karnataka,2025-02-28,Regular,Facebook
1300,Meera,Sharma,Male,25,Vadodara,Gujarat,2023-12-05,VIP,YouTube
1301,Rahul,Thakkar,Female,29,Indore,Madhya Pradesh,2025-09-30,Premium,YouTube
1302,Rahul,Joshi,Male,46,Surat,Gujarat,2024-11-04,Regular,YouTube
1303,Aditya,Trivedi,Male,46,Hyderabad,Telangana,2024-12-30,Premium,Referral
1304,Karan,Verma,Female,40,Mumbai,Maharashtra,2023-11-13,Regular,Google Ads
1305,Meera,Shah,Male,43,Delhi,Delhi,2023-03-17,Budget,Email
1306,Kabir,Patel,Female,54,Vadodara,Gujarat,2025-08-31,Budget,Google Ads
1307,Dev,Malhotra,Female,49,Nagpur,Maharashtra,2025-09-25,Regular,Instagram
1308,Riya,Soni,Female,55,Surat,Gujarat,2023-07-23,Budget,Email
1309,Ananya,Pandya,Female,23,Ahmedabad,Gujarat,2024-02-28,Budget,Referral
1310,Ananya,Kumar,Female,25,Chennai,Tamil Nadu,2023-07-12,Regular,YouTube
1311,Aarav,Singh,Female,34,Jaipur,Rajasthan,2025-06-15,VIP,YouTube
1312,Riya,Parmar,Female,29,Mumbai,Maharashtra,2025-02-19,Regular,Referral
1313,Karan,Joshi,Male,39,Chennai,Tamil Nadu,2023-10-28,Regular,Organic Search
1314,Nisha,Parmar,Male,31,Nagpur,Maharashtra,2023-09-17,Budget,YouTube
1315,Arjun,Mishra,Female,51,Delhi,Delhi,2025-09-30,Budget,YouTube
1316,Rahul,Mishra,Female,36,Pune,Maharashtra,2024-09-07,Regular,Instagram
1317,Pooja,Pandya,Male,23,Hyderabad,Telangana,2024-03-07,Premium,Organic Search
1318,Aarav,Patel,Female,35,Kolkata,West Bengal,2024-12-16,Regular,Organic Search
1319,Rohan,Agarwal,Male,53,Bengaluru,Karnataka,2024-11-26,Regular,Facebook
1320,Nisha,Shah,Male,54,Mumbai,Maharashtra,2023-07-17,Regular,Referral
1321,Sneha,Thakkar,Female,55,Delhi,Delhi,2025-09-09,Budget,Email
1322,Aarav,Gupta,Female,32,Kolkata,West Bengal,2023-02-08,Regular,Organic Search
1323,Arjun,Mehta,Male,55,Chennai,Tamil Nadu,2024-12-09,Regular,Facebook
1324,Kavya,Sharma,Male,57,Hyderabad,Telangana,2024-04-15,Regular,Referral
1325,Vivaan,Singh,Female,26,Pune,Maharashtra,2023-03-20,Budget,Email
1326,Dev,Shah,Female,23,Rajkot,Gujarat,2024-12-29,Budget,Referral
1327,Rohan,Singh,Male,19,Pune,Maharashtra,2024-11-14,Regular,YouTube
1328,Nisha,Gupta,Male,33,Ahmedabad,Gujarat,2023-02-12,Budget,Referral
1329,Dev,Malhotra,Male,18,Indore,Madhya Pradesh,2023-05-12,Premium,Organic Search
1330,Aarav,Malhotra,Female,47,Hyderabad,Telangana,2023-03-18,Budget,Google Ads
1331,Kavya,Mehta,Female,50,Lucknow,Uttar Pradesh,2023-02-08,Budget,Organic Search
1332,Rahul,Joshi,Female,18,Jaipur,Rajasthan,2023-05-31,Budget,Instagram
1333,Raj,Gupta,Male,56,Kolkata,West Bengal,2025-09-02,Premium,Email
1334,Ananya,Gupta,Male,33,Vadodara,Gujarat,2023-11-14,Premium,YouTube
1335,Arjun,Sharma,Female,34,Surat,Gujarat,2024-03-12,Premium,Google Ads
1336,Raj,Reddy,Male,55,Nagpur,Maharashtra,2024-09-18,Regular,YouTube
1337,Neha,Gupta,Male,35,Ahmedabad,Gujarat,2024-07-04,Premium,Organic Search
1338,Riya,Desai,Male,39,Rajkot,Gujarat,2023-12-06,Premium,Instagram
1339,Neha,Patel,Male,39,Lucknow,Uttar Pradesh,2024-10-19,Regular,Organic Search
1340,Ananya,Gupta,Male,52,Hyderabad,Telangana,2025-07-06,VIP,Organic Search
1341,Kabir,Trivedi,Female,48,Delhi,Delhi,2023-12-27,Premium,Google Ads
1342,Rohan,Shah,Female,57,Hyderabad,Telangana,2025-09-22,VIP,Referral
1343,Ananya,Thakkar,Female,44,Jaipur,Rajasthan,2025-02-09,Premium,Email
1344,Arjun,Desai,Female,53,Hyderabad,Telangana,2023-07-09,Premium,Referral
1345,Yash,Joshi,Female,21,Nagpur,Maharashtra,2024-02-17,Premium,Email
1346,Raj,Patel,Male,22,Kolkata,West Bengal,2023-11-25,Regular,Organic Search
1347,Vivaan,Gupta,Male,42,Indore,Madhya Pradesh,2023-04-02,Premium,Referral
1348,Nisha,Kapoor,Male,48,Nagpur,Maharashtra,2024-03-15,Budget,Email
1349,Meera,Parmar,Female,31,Hyderabad,Telangana,2023-09-02,Regular,Email
1350,Meera,Parmar,Male,47,Hyderabad,Telangana,2025-06-27,Premium,Google Ads
1351,Arjun,Malhotra,Male,29,Nagpur,Maharashtra,2025-04-12,Regular,Instagram
1352,Arjun,Verma,Male,44,Chennai,Tamil Nadu,2023-04-07,Premium,Google Ads
1353,Simran,Parmar,Female,41,Rajkot,Gujarat,2025-07-26,Regular,Email
1354,Ishaan,Agarwal,Male,47,Lucknow,Uttar Pradesh,2025-08-11,Regular,Instagram
1355,Nisha,Parmar,Male,35,Surat,Gujarat,2024-07-28,Budget,Facebook
1356,Rohan,Agarwal,Female,31,Rajkot,Gujarat,2023-04-13,Budget,Facebook
1357,Riya,Reddy,Female,36,Bengaluru,Karnataka,2025-04-08,Regular,Organic Search
1358,Ishaan,Agarwal,Male,39,Lucknow,Uttar Pradesh,2024-05-27,Regular,Referral
1359,Dev,Thakkar,Female,43,Lucknow,Uttar Pradesh,2024-10-27,Budget,Google Ads
1360,Kabir,Verma,Male,24,Kolkata,West Bengal,2023-02-04,Budget,Email
1361,Rahul,Desai,Female,45,Nagpur,Maharashtra,2024-02-01,Regular,Referral
1362,Rahul,Singh,Male,55,Bengaluru,Karnataka,2023-01-27,Regular,Facebook
1363,Kabir,Joshi,Male,22,Nagpur,Maharashtra,2023-11-02,Regular,Facebook
1364,Sneha,Pandya,Female,53,Chennai,Tamil Nadu,2024-11-29,Budget,Organic Search
1365,Ananya,Singh,Female,35,Ahmedabad,Gujarat,2024-08-03,Premium,YouTube
1366,Simran,Singh,Female,31,Vadodara,Gujarat,2023-06-14,Budget,YouTube
1367,Krish,Sharma,Female,40,Jaipur,Rajasthan,2023-04-12,Regular,Referral
1368,Ishaan,Pandya,Male,31,Surat,Gujarat,2024-03-30,Budget,Organic Search
1369,Yash,Shah,Female,49,Jaipur,Rajasthan,2023-07-12,VIP,Referral
1370,Simran,Sharma,Male,22,Chennai,Tamil Nadu,2025-07-04,Budget,Instagram
1371,Raj,Shah,Male,39,Kolkata,West Bengal,2025-06-16,Regular,Instagram
1372,Kabir,Malhotra,Male,45,Mumbai,Maharashtra,2025-03-20,Regular,Email
1373,Aanya,Parmar,Female,60,Surat,Gujarat,2023-10-26,Budget,Facebook
1374,Pooja,Soni,Male,29,Indore,Madhya Pradesh,2023-01-21,Budget,Google Ads
1375,Aarav,Singh,Male,35,Indore,Madhya Pradesh,2023-02-14,Regular,Google Ads
1376,Ananya,Gupta,Female,53,Vadodara,Gujarat,2024-05-10,Premium,YouTube
1377,Kabir,Patel,Male,48,Nagpur,Maharashtra,2024-11-13,Budget,Organic Search
1378,Tanya,Kapoor,Male,30,Surat,Gujarat,2023-08-11,Regular,Organic Search
1379,Ishaan,Agarwal,Male,37,Chennai,Tamil Nadu,2023-10-26,Regular,Organic Search
1380,Yash,Shah,Female,53,Ahmedabad,Gujarat,2025-11-13,Budget,Instagram
1381,Yash,Patel,Male,24,Delhi,Delhi,2025-12-19,Budget,Email
1382,Arjun,Sharma,Male,40,Hyderabad,Telangana,2023-10-15,Premium,Organic Search
1383,Diya,Singh,Male,51,Pune,Maharashtra,2024-05-31,Regular,YouTube
1384,Arjun,Soni,Female,49,Pune,Maharashtra,2025-06-16,Budget,YouTube
1385,Rohan,Shah,Female,38,Jaipur,Rajasthan,2023-06-03,Regular,Email
1386,Neha,Mishra,Female,23,Hyderabad,Telangana,2023-10-08,Budget,Email
1387,Rohan,Shah,Male,33,Delhi,Delhi,2024-03-09,Regular,Referral
1388,Kabir,Joshi,Male,52,Nagpur,Maharashtra,2023-12-08,Budget,Facebook
1389,Dev,Agarwal,Male,37,Mumbai,Maharashtra,2023-03-27,VIP,Organic Search
1390,Isha,Malhotra,Male,59,Indore,Madhya Pradesh,2025-02-17,Regular,Email
1391,Tanya,Trivedi,Male,58,Jaipur,Rajasthan,2023-07-10,VIP,Email
1392,Simran,Agarwal,Female,28,Nagpur,Maharashtra,2025-12-27,Regular,YouTube
1393,Aryan,Mishra,Male,49,Surat,Gujarat,2025-09-17,Regular,YouTube
1394,Kavya,Kumar,Male,31,Indore,Madhya Pradesh,2025-05-25,Premium,Google Ads
1395,Meera,Trivedi,Female,41,Bengaluru,Karnataka,2024-10-23,Regular,Referral
1396,Krish,Trivedi,Female,56,Rajkot,Gujarat,2024-07-27,Regular,Google Ads
1397,Kabir,Patel,Male,60,Pune,Maharashtra,2023-05-11,Budget,Google Ads
1398,Aryan,Mishra,Female,48,Jaipur,Rajasthan,2025-04-18,VIP,Email
1399,Kavya,Kapoor,Female,34,Pune,Maharashtra,2025-08-16,Budget,Facebook
1400,Ishaan,Kumar,Female,42,Chennai,Tamil Nadu,2025-04-18,Premium,YouTube
1401,Sneha,Singh,Male,26,Mumbai,Maharashtra,2023-08-09,Regular,Instagram
1402,Aarav,Mehta,Female,39,Mumbai,Maharashtra,2024-10-04,Budget,Organic Search
1403,Krish,Trivedi,Male,52,Bengaluru,Karnataka,2024-05-02,Budget,Organic Search
1404,Rohan,Malhotra,Female,54,Kolkata,West Bengal,2025-05-01,Premium,Facebook
1405,Priya,Gupta,Male,34,Mumbai,Maharashtra,2023-12-20,Regular,Referral
1406,Simran,Singh,Male,45,Surat,Gujarat,2025-08-05,Regular,Organic Search
1407,Krish,Verma,Male,18,Chennai,Tamil Nadu,2023-06-10,Regular,Instagram
1408,Arjun,Mishra,Female,26,Lucknow,Uttar Pradesh,2024-04-08,Budget,Referral
1409,Kavya,Pandya,Female,30,Lucknow,Uttar Pradesh,2025-12-19,Regular,Organic Search
1410,Sneha,Joshi,Female,49,Ahmedabad,Gujarat,2023-08-03,Regular,Email
1411,Pooja,Desai,Male,45,Jaipur,Rajasthan,2024-08-02,Regular,Referral
1412,Aarav,Trivedi,Female,48,Surat,Gujarat,2024-05-02,Regular,Organic Search
1413,Kavya,Kumar,Female,25,Hyderabad,Telangana,2023-08-13,VIP,Instagram
1414,Sneha,Soni,Male,25,Rajkot,Gujarat,2024-12-09,Budget,Referral
1415,Meera,Agarwal,Female,51,Ahmedabad,Gujarat,2023-06-10,Budget,Referral
1416,Kabir,Gupta,Male,40,Surat,Gujarat,2024-03-30,Premium,Google Ads
1417,Ananya,Patel,Female,27,Hyderabad,Telangana,2025-12-18,Regular,Referral
1418,Priya,Joshi,Male,54,Indore,Madhya Pradesh,2024-06-28,Regular,YouTube
1419,Ananya,Shah,Male,42,Pune,Maharashtra,2023-01-29,Premium,Facebook
1420,Aryan,Parmar,Female,50,Indore,Madhya Pradesh,2025-02-05,Regular,Google Ads
1421,Priya,Parmar,Male,21,Vadodara,Gujarat,2023-07-04,Budget,YouTube
1422,Aryan,Mehta,Female,24,Pune,Maharashtra,2023-12-23,Regular,Organic Search
1423,Dev,Gupta,Female,50,Pune,Maharashtra,2024-05-06,Budget,Referral
1424,Riya,Reddy,Female,19,Bengaluru,Karnataka,2025-01-02,Budget,Organic Search
1425,Pooja,Singh,Female,49,Chennai,Tamil Nadu,2024-07-31,Budget,Google Ads
1426,Priya,Patel,Male,22,Nagpur,Maharashtra,2023-04-24,Regular,Facebook
1427,Simran,Kumar,Male,34,Lucknow,Uttar Pradesh,2024-01-13,Budget,Email
1428,Aryan,Singh,Male,29,Jaipur,Rajasthan,2023-04-07,Premium,Instagram
1429,Aditya,Desai,Female,29,Lucknow,Uttar Pradesh,2025-04-21,Regular,Email
1430,Riya,Pandya,Female,52,Bengaluru,Karnataka,2023-05-04,Budget,Referral
1431,Pooja,Patel,Male,38,Mumbai,Maharashtra,2023-06-05,Regular,Referral
1432,Simran,Patel,Male,38,Mumbai,Maharashtra,2023-04-20,Premium,Organic Search
1433,Ishaan,Singh,Female,19,Mumbai,Maharashtra,2023-02-22,Regular,Instagram
1434,Rahul,Agarwal,Female,38,Chennai,Tamil Nadu,2024-08-10,Budget,Instagram
1435,Vivaan,Reddy,Female,32,Bengaluru,Karnataka,2024-12-26,Budget,Organic Search
1436,Karan,Shah,Male,28,Bengaluru,Karnataka,2023-02-14,Premium,Referral
1437,Aanya,Verma,Female,27,Ahmedabad,Gujarat,2025-07-24,Budget,Facebook
1438,Nisha,Agarwal,Male,35,Bengaluru,Karnataka,2023-05-02,Budget,Facebook
1439,Vivaan,Pandya,Female,40,Hyderabad,Telangana,2024-04-26,Regular,Email
1440,Nisha,Mishra,Male,48,Mumbai,Maharashtra,2024-11-08,Budget,YouTube
1441,Isha,Malhotra,Female,43,Bengaluru,Karnataka,2024-05-14,VIP,YouTube
1442,Ishaan,Reddy,Male,19,Rajkot,Gujarat,2023-03-15,Premium,Email
1443,Nisha,Verma,Male,56,Chennai,Tamil Nadu,2025-08-28,Regular,Organic Search
1444,Yash,Singh,Male,24,Lucknow,Uttar Pradesh,2023-05-29,Premium,Instagram
1445,Nisha,Kapoor,Female,41,Jaipur,Rajasthan,2025-06-10,Regular,Organic Search
1446,Meera,Joshi,Male,56,Mumbai,Maharashtra,2025-12-20,Premium,Facebook
1447,Kavya,Pandya,Male,49,Kolkata,West Bengal,2025-12-13,Regular,Email
1448,Neha,Thakkar,Female,43,Indore,Madhya Pradesh,2024-04-17,Budget,YouTube
1449,Pooja,Malhotra,Male,40,Hyderabad,Telangana,2023-06-19,Premium,Instagram
1450,Karan,Desai,Male,31,Kolkata,West Bengal,2024-12-01,Premium,YouTube
1451,Riya,Kumar,Female,46,Mumbai,Maharashtra,2023-02-01,VIP,Instagram
1452,Rahul,Kumar,Male,42,Indore,Madhya Pradesh,2023-02-22,Regular,YouTube
1453,Priya,Soni,Female,48,Rajkot,Gujarat,2025-07-28,Regular,Referral
1454,Neha,Soni,Male,19,Ahmedabad,Gujarat,2023-05-19,Budget,Google Ads
1455,Aarav,Pandya,Female,19,Chennai,Tamil Nadu,2025-12-06,Budget,Instagram
1456,Isha,Pandya,Male,40,Lucknow,Uttar Pradesh,2023-03-31,Budget,Instagram
1457,Ishaan,Singh,Male,28,Jaipur,Rajasthan,2025-04-07,Budget,Organic Search
1458,Kavya,Patel,Male,46,Jaipur,Rajasthan,2023-02-05,Regular,Instagram
1459,Simran,Gupta,Female,59,Nagpur,Maharashtra,2025-10-12,Regular,Google Ads
1460,Tanya,Kapoor,Male,52,Mumbai,Maharashtra,2025-07-17,Regular,Google Ads
1461,Aanya,Thakkar,Male,26,Bengaluru,Karnataka,2024-07-07,Regular,Organic Search
1462,Priya,Singh,Female,49,Lucknow,Uttar Pradesh,2025-01-09,Regular,YouTube
1463,Isha,Parmar,Female,47,Ahmedabad,Gujarat,2023-09-26,Regular,Facebook
1464,Karan,Desai,Female,32,Rajkot,Gujarat,2025-06-28,VIP,Organic Search
1465,Isha,Kapoor,Male,31,Chennai,Tamil Nadu,2023-07-05,Regular,Referral
1466,Riya,Parmar,Male,34,Mumbai,Maharashtra,2025-05-18,Budget,YouTube
1467,Aryan,Malhotra,Male,39,Bengaluru,Karnataka,2024-02-28,Regular,Instagram
1468,Isha,Agarwal,Female,47,Vadodara,Gujarat,2025-04-12,Premium,Instagram
1469,Riya,Sharma,Female,34,Mumbai,Maharashtra,2025-07-14,Regular,Referral
1470,Kavya,Trivedi,Male,33,Ahmedabad,Gujarat,2025-05-18,VIP,Organic Search
1471,Kavya,Thakkar,Male,25,Chennai,Tamil Nadu,2025-10-12,Budget,YouTube
1472,Tanya,Thakkar,Female,56,Hyderabad,Telangana,2024-03-17,Budget,Email
1473,Kabir,Trivedi,Female,48,Mumbai,Maharashtra,2023-02-08,Budget,Facebook
1474,Isha,Desai,Female,29,Indore,Madhya Pradesh,2025-06-26,Premium,Google Ads
1475,Karan,Kumar,Male,50,Bengaluru,Karnataka,2023-06-15,Regular,Facebook
1476,Aarav,Agarwal,Female,29,Vadodara,Gujarat,2024-03-18,Budget,Email
1477,Raj,Verma,Female,42,Rajkot,Gujarat,2023-11-27,Budget,YouTube
1478,Sneha,Kumar,Female,55,Delhi,Delhi,2025-09-19,Regular,Organic Search
1479,Meera,Sharma,Female,35,Vadodara,Gujarat,2024-12-14,VIP,YouTube
1480,Nisha,Thakkar,Male,36,Delhi,Delhi,2025-04-14,Regular,Instagram
1481,Neha,Singh,Female,20,Delhi,Delhi,2023-05-19,Budget,Referral
1482,Meera,Gupta,Male,52,Rajkot,Gujarat,2025-02-07,Regular,YouTube
1483,Isha,Parmar,Male,22,Bengaluru,Karnataka,2023-05-04,Regular,Email
1484,Raj,Malhotra,Female,52,Ahmedabad,Gujarat,2025-05-31,Regular,YouTube
1485,Diya,Mishra,Female,44,Ahmedabad,Gujarat,2025-01-30,Regular,Organic Search
1486,Kabir,Patel,Male,54,Chennai,Tamil Nadu,2025-12-19,Regular,YouTube
1487,Meera,Patel,Female,38,Pune,Maharashtra,2025-11-08,Premium,Email
1488,Aanya,Agarwal,Male,33,Delhi,Delhi,2023-08-14,Budget,Google Ads
1489,Aarav,Gupta,Female,45,Jaipur,Rajasthan,2024-09-03,Premium,Facebook
1490,Krish,Mishra,Male,42,Pune,Maharashtra,2023-11-20,Premium,Organic Search
1491,Meera,Mehta,Male,50,Surat,Gujarat,2025-11-06,Regular,YouTube
1492,Ananya,Gupta,Male,34,Delhi,Delhi,2024-08-19,Budget,Facebook
1493,Aanya,Mishra,Female,60,Jaipur,Rajasthan,2024-06-24,Premium,Facebook
1494,Vivaan,Patel,Male,47,Ahmedabad,Gujarat,2024-10-07,Regular,Instagram
1495,Kavya,Verma,Male,58,Indore,Madhya Pradesh,2025-09-16,Budget,Google Ads
1496,Tanya,Gupta,Female,21,Jaipur,Rajasthan,2024-12-06,Regular,Facebook
1497,Isha,Agarwal,Female,19,Indore,Madhya Pradesh,2024-09-22,Regular,Instagram
1498,Aanya,Patel,Male,26,Pune,Maharashtra,2025-05-28,Budget,Email
1499,Rahul,Desai,Male,48,Hyderabad,Telangana,2023-07-10,Regular,Email
1500,Meera,Verma,Female,42,Mumbai,Maharashtra,2025-05-04,Regular,Email
1501,Arjun,Joshi,Male,54,Kolkata,West Bengal,2024-05-05,Premium,Referral
1502,Aarav,Gupta,Female,53,Nagpur,Maharashtra,2024-02-09,Regular,Referral
1503,Kabir,Shah,Female,22,Delhi,Delhi,2025-05-24,Regular,Organic Search
1504,Sneha,Gupta,Female,41,Ahmedabad,Gujarat,2024-03-05,Regular,Email
1505,Karan,Singh,Male,41,Chennai,Tamil Nadu,2024-06-03,Budget,Email
1506,Aditya,Parmar,Female,46,Vadodara,Gujarat,2025-06-11,Premium,Instagram
1507,Dev,Mehta,Male,48,Delhi,Delhi,2025-03-31,Regular,Google Ads
1508,Dev,Singh,Male,54,Bengaluru,Karnataka,2025-06-05,Premium,Google Ads
1509,Meera,Malhotra,Female,36,Nagpur,Maharashtra,2024-03-10,Premium,Instagram
1510,Krish,Kumar,Female,40,Pune,Maharashtra,2023-03-04,Regular,Instagram
1511,Vivaan,Kapoor,Female,52,Ahmedabad,Gujarat,2023-05-14,Budget,Referral
1512,Tanya,Desai,Female,23,Rajkot,Gujarat,2025-08-15,Premium,YouTube
1513,Aarav,Reddy,Male,23,Rajkot,Gujarat,2024-09-10,Regular,Facebook
1514,Sneha,Mishra,Male,54,Jaipur,Rajasthan,2024-02-29,VIP,Referral
1515,Sneha,Trivedi,Female,47,Chennai,Tamil Nadu,2023-12-24,Regular,Organic Search
1516,Tanya,Agarwal,Male,18,Mumbai,Maharashtra,2025-10-29,Budget,Referral
1517,Aanya,Mehta,Female,25,Lucknow,Uttar Pradesh,2025-10-07,Premium,Email
1518,Karan,Patel,Male,45,Ahmedabad,Gujarat,2023-07-16,Premium,Referral
1519,Kabir,Kumar,Male,42,Indore,Madhya Pradesh,2025-10-30,Premium,Referral
1520,Aarav,Gupta,Male,50,Rajkot,Gujarat,2025-05-11,Budget,Facebook
1521,Pooja,Mehta,Female,55,Mumbai,Maharashtra,2024-06-02,Premium,YouTube
1522,Sneha,Pandya,Male,31,Delhi,Delhi,2023-12-15,Regular,Organic Search
1523,Aditya,Soni,Male,28,Vadodara,Gujarat,2024-07-28,Regular,Google Ads
1524,Neha,Malhotra,Male,19,Delhi,Delhi,2025-10-24,Premium,Organic Search
1525,Sneha,Kapoor,Male,47,Kolkata,West Bengal,2023-11-24,Regular,Email
1526,Nisha,Patel,Female,47,Pune,Maharashtra,2024-05-26,Budget,Referral
1527,Kabir,Trivedi,Male,21,Jaipur,Rajasthan,2025-07-19,Regular,Referral
1528,Kavya,Verma,Female,30,Delhi,Delhi,2023-05-10,Regular,Google Ads
1529,Pooja,Singh,Female,24,Hyderabad,Telangana,2024-08-09,Premium,Instagram
1530,Ananya,Pandya,Male,55,Bengaluru,Karnataka,2024-04-28,Budget,Organic Search
1531,Rohan,Thakkar,Male,20,Kolkata,West Bengal,2023-12-24,Premium,Facebook
1532,Aditya,Verma,Female,26,Vadodara,Gujarat,2024-01-20,Premium,Google Ads
1533,Meera,Verma,Female,31,Ahmedabad,Gujarat,2023-09-11,Budget,YouTube
1534,Aarav,Mehta,Female,28,Bengaluru,Karnataka,2025-04-14,Budget,Google Ads
1535,Tanya,Mehta,Male,54,Chennai,Tamil Nadu,2025-03-06,Regular,Email
1536,Ananya,Reddy,Male,31,Jaipur,Rajasthan,2024-04-13,Premium,Email
1537,Kabir,Trivedi,Female,36,Lucknow,Uttar Pradesh,2024-05-07,Regular,Facebook
1538,Vivaan,Parmar,Female,25,Ahmedabad,Gujarat,2025-07-08,Premium,Instagram
1539,Aditya,Trivedi,Female,24,Kolkata,West Bengal,2023-02-20,Regular,Referral
1540,Neha,Kapoor,Male,24,Mumbai,Maharashtra,2025-12-15,Regular,Email
1541,Krish,Thakkar,Male,20,Bengaluru,Karnataka,2023-03-14,Budget,YouTube
1542,Neha,Gupta,Female,20,Bengaluru,Karnataka,2024-08-22,Budget,Organic Search
1543,Krish,Reddy,Male,35,Indore,Madhya Pradesh,2023-02-21,Regular,Facebook
1544,Ishaan,Joshi,Female,50,Kolkata,West Bengal,2023-05-05,Premium,Email
1545,Diya,Kumar,Male,54,Rajkot,Gujarat,2023-09-19,Regular,YouTube
1546,Arjun,Soni,Female,45,Mumbai,Maharashtra,2025-08-12,Regular,Referral
1547,Riya,Mehta,Male,53,Chennai,Tamil Nadu,2023-11-26,Regular,Google Ads
1548,Rohan,Malhotra,Male,33,Delhi,Delhi,2023-08-29,Budget,Referral
1549,Kavya,Kapoor,Male,32,Jaipur,Rajasthan,2023-10-18,Regular,YouTube
1550,Priya,Kumar,Male,46,Pune,Maharashtra,2023-07-30,Regular,Referral
1551,Krish,Soni,Male,35,Indore,Madhya Pradesh,2024-12-19,Regular,Facebook
1552,Sneha,Verma,Male,36,Vadodara,Gujarat,2023-11-18,Regular,Email
1553,Diya,Parmar,Male,46,Nagpur,Maharashtra,2023-12-24,Premium,Instagram
1554,Aanya,Reddy,Female,23,Kolkata,West Bengal,2025-07-05,Regular,Instagram
1555,Karan,Verma,Female,44,Nagpur,Maharashtra,2023-04-04,Regular,YouTube
1556,Dev,Desai,Female,24,Pune,Maharashtra,2024-12-11,Regular,YouTube
1557,Karan,Malhotra,Male,44,Ahmedabad,Gujarat,2023-06-18,Premium,YouTube
1558,Aarav,Reddy,Male,36,Jaipur,Rajasthan,2024-05-30,Regular,Email
1559,Sneha,Agarwal,Male,34,Surat,Gujarat,2023-04-08,Budget,Instagram
1560,Priya,Agarwal,Female,58,Rajkot,Gujarat,2023-12-16,VIP,Instagram
1561,Meera,Soni,Female,28,Vadodara,Gujarat,2025-01-05,Regular,Facebook
1562,Diya,Soni,Female,22,Chennai,Tamil Nadu,2024-08-01,Budget,Facebook
1563,Meera,Parmar,Female,19,Bengaluru,Karnataka,2025-04-20,Regular,Google Ads
1564,Arjun,Kumar,Female,29,Chennai,Tamil Nadu,2024-02-05,Regular,Email
1565,Tanya,Mishra,Female,59,Pune,Maharashtra,2025-01-20,Regular,YouTube
1566,Aanya,Gupta,Male,59,Surat,Gujarat,2025-03-31,Regular,Facebook
1567,Vivaan,Parmar,Female,28,Indore,Madhya Pradesh,2025-10-24,Budget,Google Ads
1568,Aarav,Reddy,Male,27,Jaipur,Rajasthan,2024-01-04,Regular,Google Ads
1569,Ananya,Gupta,Female,45,Mumbai,Maharashtra,2024-07-09,Budget,Instagram
1570,Rohan,Mishra,Female,24,Bengaluru,Karnataka,2025-10-01,Regular,Email
1571,Riya,Agarwal,Male,31,Hyderabad,Telangana,2025-08-23,Regular,Email
1572,Ishaan,Desai,Male,30,Rajkot,Gujarat,2025-10-11,Regular,Referral
1573,Dev,Singh,Male,22,Pune,Maharashtra,2025-03-24,Regular,YouTube
1574,Vivaan,Mishra,Female,59,Ahmedabad,Gujarat,2023-04-16,Regular,Email
1575,Aditya,Sharma,Female,25,Jaipur,Rajasthan,2023-06-14,Regular,Referral
1576,Sneha,Thakkar,Male,18,Jaipur,Rajasthan,2024-09-29,Budget,YouTube
1577,Sneha,Thakkar,Female,22,Delhi,Delhi,2025-10-20,Budget,Email
1578,Yash,Trivedi,Male,28,Bengaluru,Karnataka,2023-11-27,Budget,Instagram
1579,Riya,Mishra,Female,60,Bengaluru,Karnataka,2023-10-26,Regular,Referral
1580,Rohan,Mishra,Female,27,Surat,Gujarat,2025-05-05,Premium,Google Ads
1581,Rohan,Patel,Female,32,Kolkata,West Bengal,2024-12-07,Regular,Email
1582,Rahul,Singh,Male,56,Hyderabad,Telangana,2024-03-22,Regular,Organic Search
1583,Aryan,Mishra,Female,46,Nagpur,Maharashtra,2024-04-24,Regular,Email
1584,Vivaan,Gupta,Male,42,Mumbai,Maharashtra,2025-01-03,Regular,Instagram
1585,Priya,Shah,Male,23,Bengaluru,Karnataka,2025-05-23,Regular,Facebook
1586,Yash,Kapoor,Male,28,Ahmedabad,Gujarat,2024-06-05,Budget,YouTube
1587,Aditya,Agarwal,Male,34,Delhi,Delhi,2024-09-13,Premium,Facebook
1588,Riya,Soni,Male,32,Bengaluru,Karnataka,2025-01-28,Budget,Google Ads
1589,Simran,Malhotra,Male,33,Kolkata,West Bengal,2023-09-01,Regular,Facebook
1590,Kavya,Shah,Male,19,Delhi,Delhi,2023-01-23,Regular,Organic Search
1591,Yash,Trivedi,Male,53,Pune,Maharashtra,2024-04-10,Premium,Organic Search
1592,Neha,Mishra,Male,36,Ahmedabad,Gujarat,2025-05-14,Premium,Google Ads
1593,Isha,Malhotra,Female,55,Lucknow,Uttar Pradesh,2023-09-26,Premium,YouTube
1594,Dev,Agarwal,Male,38,Bengaluru,Karnataka,2024-06-16,Regular,Instagram
1595,Neha,Agarwal,Female,28,Mumbai,Maharashtra,2023-11-10,Regular,Organic Search
1596,Nisha,Patel,Male,58,Bengaluru,Karnataka,2023-04-30,Budget,Organic Search
1597,Krish,Trivedi,Female,20,Pune,Maharashtra,2025-09-07,Regular,Google Ads
1598,Sneha,Kumar,Female,51,Delhi,Delhi,2024-12-10,Premium,YouTube
1599,Isha,Verma,Female,35,Indore,Madhya Pradesh,2023-05-16,Regular,Referral
1600,Aanya,Soni,Female,32,Hyderabad,Telangana,2025-12-17,Budget,Instagram
1601,Meera,Mehta,Female,42,Vadodara,Gujarat,2025-07-24,Budget,Facebook
1602,Isha,Reddy,Female,32,Nagpur,Maharashtra,2023-01-01,Regular,Facebook
1603,Krish,Soni,Male,47,Mumbai,Maharashtra,2023-03-18,Budget,Google Ads
1604,Aryan,Agarwal,Male,34,Pune,Maharashtra,2025-08-18,Regular,Email
1605,Kabir,Kapoor,Male,35,Bengaluru,Karnataka,2024-08-03,Regular,Referral
1606,Vivaan,Agarwal,Male,48,Pune,Maharashtra,2023-05-28,Regular,Email
1607,Raj,Trivedi,Male,60,Lucknow,Uttar Pradesh,2024-07-27,Budget,Referral
1608,Pooja,Kumar,Male,35,Jaipur,Rajasthan,2023-07-05,Premium,Instagram
1609,Karan,Trivedi,Female,52,Hyderabad,Telangana,2024-06-05,Regular,Facebook
1610,Aryan,Thakkar,Male,30,Chennai,Tamil Nadu,2023-06-11,Regular,YouTube
1611,Kavya,Shah,Female,31,Indore,Madhya Pradesh,2023-07-15,Regular,Referral
1612,Kavya,Reddy,Female,53,Rajkot,Gujarat,2023-02-03,Regular,Instagram
1613,Ishaan,Malhotra,Female,35,Kolkata,West Bengal,2024-02-12,Premium,Google Ads
1614,Krish,Pandya,Female,22,Nagpur,Maharashtra,2024-06-20,Premium,Referral
1615,Arjun,Kapoor,Female,31,Jaipur,Rajasthan,2023-02-05,Budget,Google Ads
1616,Simran,Shah,Female,42,Indore,Madhya Pradesh,2023-04-24,Budget,Instagram
1617,Simran,Mishra,Male,56,Pune,Maharashtra,2024-08-27,Regular,YouTube
1618,Raj,Malhotra,Female,29,Kolkata,West Bengal,2024-03-18,Budget,Facebook
1619,Vivaan,Sharma,Female,57,Mumbai,Maharashtra,2023-02-07,Premium,Facebook
1620,Sneha,Malhotra,Male,45,Surat,Gujarat,2023-04-02,Regular,YouTube
1621,Rohan,Soni,Male,52,Jaipur,Rajasthan,2024-09-22,Regular,Facebook
1622,Ishaan,Singh,Male,18,Mumbai,Maharashtra,2024-11-02,Regular,Referral
1623,Rahul,Kapoor,Male,20,Lucknow,Uttar Pradesh,2023-04-11,Regular,Email
1624,Aanya,Desai,Male,60,Nagpur,Maharashtra,2024-05-21,Budget,Email
1625,Priya,Kapoor,Male,24,Vadodara,Gujarat,2023-06-28,Premium,YouTube
1626,Dev,Reddy,Male,26,Pune,Maharashtra,2023-10-11,Budget,Organic Search
1627,Arjun,Kumar,Female,53,Hyderabad,Telangana,2023-12-21,VIP,Email
1628,Aryan,Soni,Male,40,Bengaluru,Karnataka,2024-05-02,Budget,Referral
1629,Rahul,Thakkar,Female,41,Kolkata,West Bengal,2025-10-02,Regular,Instagram
1630,Vivaan,Patel,Male,27,Surat,Gujarat,2023-10-06,Budget,Facebook
1631,Isha,Soni,Male,29,Nagpur,Maharashtra,2024-06-27,Regular,Referral
1632,Rohan,Shah,Female,36,Delhi,Delhi,2024-10-11,Regular,Instagram
1633,Pooja,Verma,Male,49,Rajkot,Gujarat,2025-07-19,Budget,YouTube
1634,Rahul,Kapoor,Male,41,Lucknow,Uttar Pradesh,2023-12-21,Regular,Referral
1635,Simran,Gupta,Male,39,Pune,Maharashtra,2023-07-14,Regular,Referral
1636,Yash,Patel,Male,20,Mumbai,Maharashtra,2025-03-14,Regular,Organic Search
1637,Sneha,Joshi,Male,57,Delhi,Delhi,2023-04-03,Regular,Email
1638,Priya,Verma,Male,44,Kolkata,West Bengal,2024-03-08,Premium,Instagram
1639,Dev,Agarwal,Male,36,Rajkot,Gujarat,2024-07-11,Budget,Instagram
1640,Kavya,Agarwal,Female,26,Pune,Maharashtra,2025-11-16,Budget,Organic Search
1641,Priya,Mishra,Male,30,Indore,Madhya Pradesh,2023-06-11,Regular,Google Ads
1642,Nisha,Soni,Female,19,Delhi,Delhi,2023-04-11,Premium,Instagram
1643,Pooja,Malhotra,Female,53,Pune,Maharashtra,2024-11-29,Premium,Email
1644,Rahul,Shah,Female,46,Jaipur,Rajasthan,2023-06-07,Regular,Facebook
1645,Nisha,Mehta,Female,28,Delhi,Delhi,2024-05-06,Premium,Organic Search
1646,Kabir,Desai,Female,51,Vadodara,Gujarat,2025-07-07,Premium,Facebook
1647,Vivaan,Kapoor,Female,21,Nagpur,Maharashtra,2025-10-29,Budget,Facebook
1648,Yash,Parmar,Female,21,Surat,Gujarat,2025-04-03,Budget,Email
1649,Raj,Pandya,Male,18,Chennai,Tamil Nadu,2024-11-09,Regular,Facebook
1650,Pooja,Malhotra,Male,42,Kolkata,West Bengal,2025-02-24,Budget,Referral
1651,Priya,Gupta,Male,43,Pune,Maharashtra,2025-09-18,Regular,Organic Search
1652,Karan,Pandya,Female,28,Delhi,Delhi,2023-04-21,Regular,Referral
1653,Dev,Mehta,Male,40,Rajkot,Gujarat,2025-04-20,Regular,Organic Search
1654,Raj,Singh,Female,19,Hyderabad,Telangana,2023-07-22,Budget,Facebook
1655,Isha,Trivedi,Female,36,Lucknow,Uttar Pradesh,2025-12-24,Premium,YouTube
1656,Simran,Sharma,Male,46,Vadodara,Gujarat,2024-02-18,Regular,YouTube
1657,Priya,Malhotra,Female,57,Delhi,Delhi,2024-11-20,Regular,Google Ads
1658,Tanya,Shah,Female,21,Jaipur,Rajasthan,2023-09-23,VIP,Referral
1659,Simran,Kumar,Male,33,Mumbai,Maharashtra,2024-07-25,Budget,Google Ads
1660,Krish,Trivedi,Female,54,Lucknow,Uttar Pradesh,2023-07-24,Regular,Instagram
1661,Vivaan,Joshi,Male,44,Delhi,Delhi,2024-08-06,Regular,Instagram
1662,Tanya,Sharma,Female,22,Chennai,Tamil Nadu,2023-06-22,Premium,Referral
1663,Kavya,Thakkar,Female,32,Indore,Madhya Pradesh,2023-11-04,Budget,Referral
1664,Ishaan,Malhotra,Male,40,Indore,Madhya Pradesh,2024-03-25,Regular,Organic Search
1665,Aarav,Mehta,Male,20,Surat,Gujarat,2023-03-03,Premium,Instagram
1666,Meera,Malhotra,Male,35,Kolkata,West Bengal,2024-04-19,Regular,Organic Search
1667,Priya,Joshi,Female,60,Pune,Maharashtra,2023-03-27,Budget,Google Ads
1668,Arjun,Reddy,Female,43,Pune,Maharashtra,2025-10-27,Regular,Facebook
1669,Meera,Soni,Male,23,Pune,Maharashtra,2023-10-22,Budget,Organic Search
1670,Simran,Joshi,Male,34,Bengaluru,Karnataka,2025-01-08,Regular,Instagram
1671,Priya,Mehta,Male,55,Jaipur,Rajasthan,2024-06-09,Premium,Facebook
1672,Ishaan,Gupta,Female,59,Hyderabad,Telangana,2023-02-03,Regular,Facebook
1673,Kabir,Gupta,Female,44,Lucknow,Uttar Pradesh,2025-01-21,Budget,Google Ads
1674,Ishaan,Sharma,Male,37,Vadodara,Gujarat,2025-02-18,Regular,Organic Search
1675,Arjun,Patel,Male,23,Lucknow,Uttar Pradesh,2024-09-29,Regular,YouTube
1676,Isha,Agarwal,Male,52,Kolkata,West Bengal,2025-11-23,Regular,Referral
1677,Nisha,Gupta,Female,29,Kolkata,West Bengal,2025-03-05,Regular,YouTube
1678,Karan,Mishra,Male,20,Pune,Maharashtra,2024-02-10,Premium,Email
1679,Kabir,Thakkar,Male,21,Vadodara,Gujarat,2025-11-07,Regular,YouTube
1680,Aditya,Soni,Male,21,Jaipur,Rajasthan,2024-03-03,VIP,Instagram
1681,Kavya,Trivedi,Female,21,Mumbai,Maharashtra,2025-07-02,Premium,Google Ads
1682,Vivaan,Desai,Female,56,Indore,Madhya Pradesh,2023-10-20,Budget,Facebook
1683,Sneha,Parmar,Male,38,Kolkata,West Bengal,2024-08-02,Budget,Google Ads
1684,Ananya,Shah,Female,19,Delhi,Delhi,2023-02-17,Regular,Organic Search
1685,Neha,Pandya,Male,33,Chennai,Tamil Nadu,2023-03-25,Budget,Referral
1686,Kavya,Thakkar,Male,24,Lucknow,Uttar Pradesh,2024-08-29,Regular,Organic Search
1687,Kavya,Gupta,Male,36,Jaipur,Rajasthan,2023-11-04,Regular,Email
1688,Rohan,Mishra,Male,60,Indore,Madhya Pradesh,2023-09-09,Budget,Email
1689,Neha,Verma,Female,50,Rajkot,Gujarat,2023-06-29,Budget,Email
1690,Aarav,Mishra,Male,26,Pune,Maharashtra,2024-03-01,Budget,Facebook
1691,Simran,Malhotra,Male,54,Nagpur,Maharashtra,2023-02-08,Budget,Email
1692,Arjun,Kumar,Female,34,Rajkot,Gujarat,2025-03-26,Regular,Referral
1693,Ananya,Reddy,Male,44,Kolkata,West Bengal,2024-09-16,Regular,Email
1694,Riya,Kapoor,Female,50,Bengaluru,Karnataka,2024-01-11,Premium,Email
1695,Meera,Parmar,Male,29,Nagpur,Maharashtra,2023-02-10,Budget,Referral
1696,Aditya,Shah,Male,28,Indore,Madhya Pradesh,2023-02-16,Premium,Referral
1697,Riya,Parmar,Male,30,Ahmedabad,Gujarat,2023-07-04,Budget,Facebook
1698,Ishaan,Thakkar,Male,48,Ahmedabad,Gujarat,2023-03-13,Regular,Organic Search
1699,Isha,Gupta,Female,30,Hyderabad,Telangana,2024-07-22,Budget,Email
1700,Nisha,Singh,Male,55,Kolkata,West Bengal,2024-07-27,Premium,Instagram
1701,Raj,Parmar,Female,43,Surat,Gujarat,2023-12-08,Budget,Google Ads
1702,Ishaan,Soni,Female,48,Mumbai,Maharashtra,2024-07-22,VIP,Email
1703,Vivaan,Gupta,Female,39,Rajkot,Gujarat,2025-08-21,Budget,Email
1704,Aryan,Mishra,Male,23,Bengaluru,Karnataka,2023-11-24,Budget,Google Ads
1705,Simran,Reddy,Female,37,Delhi,Delhi,2023-06-02,Regular,Organic Search
1706,Vivaan,Kumar,Female,38,Lucknow,Uttar Pradesh,2024-12-29,Premium,Email
1707,Priya,Reddy,Female,27,Jaipur,Rajasthan,2023-08-20,VIP,Organic Search
1708,Aryan,Pandya,Male,36,Delhi,Delhi,2023-06-25,Regular,Referral
1709,Aryan,Reddy,Male,52,Rajkot,Gujarat,2024-07-04,Premium,Organic Search
1710,Kabir,Agarwal,Female,43,Kolkata,West Bengal,2023-05-23,Regular,Email
1711,Isha,Joshi,Female,24,Indore,Madhya Pradesh,2023-01-17,Regular,Instagram
1712,Aarav,Soni,Male,54,Chennai,Tamil Nadu,2023-09-06,Regular,Organic Search
1713,Pooja,Reddy,Female,25,Ahmedabad,Gujarat,2025-11-24,Budget,Referral
1714,Ishaan,Kumar,Female,22,Kolkata,West Bengal,2025-03-11,Regular,YouTube
1715,Kabir,Gupta,Female,53,Jaipur,Rajasthan,2025-09-26,Premium,Facebook
1716,Dev,Pandya,Male,45,Kolkata,West Bengal,2025-09-25,Regular,Facebook
1717,Pooja,Mehta,Female,20,Surat,Gujarat,2023-05-26,Premium,Google Ads
1718,Karan,Soni,Female,56,Surat,Gujarat,2025-07-14,Premium,Instagram
1719,Aditya,Trivedi,Male,25,Ahmedabad,Gujarat,2024-12-27,Premium,Organic Search
1720,Aditya,Kapoor,Female,32,Nagpur,Maharashtra,2023-06-14,Budget,Facebook
1721,Aanya,Shah,Male,44,Rajkot,Gujarat,2024-10-08,Budget,Google Ads
1722,Rohan,Trivedi,Male,53,Lucknow,Uttar Pradesh,2024-10-29,Budget,Google Ads
1723,Yash,Verma,Male,33,Rajkot,Gujarat,2023-12-20,VIP,Google Ads
1724,Yash,Joshi,Female,43,Chennai,Tamil Nadu,2025-07-31,Budget,Facebook
1725,Meera,Joshi,Female,21,Lucknow,Uttar Pradesh,2025-11-20,Regular,YouTube
1726,Rahul,Gupta,Female,29,Jaipur,Rajasthan,2024-06-09,Budget,Google Ads
1727,Vivaan,Mehta,Female,34,Indore,Madhya Pradesh,2024-05-24,Budget,Email
1728,Yash,Thakkar,Female,58,Pune,Maharashtra,2023-06-27,Budget,YouTube
1729,Meera,Gupta,Female,43,Mumbai,Maharashtra,2023-11-25,Budget,YouTube
1730,Rohan,Pandya,Female,48,Indore,Madhya Pradesh,2025-03-11,Regular,Email
1731,Yash,Agarwal,Female,32,Kolkata,West Bengal,2024-11-18,VIP,Facebook
1732,Nisha,Shah,Male,51,Nagpur,Maharashtra,2025-07-26,Regular,Facebook
1733,Nisha,Patel,Female,46,Jaipur,Rajasthan,2025-09-06,Regular,Organic Search
1734,Isha,Kapoor,Female,26,Chennai,Tamil Nadu,2025-01-04,Regular,Instagram
1735,Isha,Kapoor,Male,31,Vadodara,Gujarat,2025-11-24,Premium,Organic Search
1736,Dev,Shah,Female,53,Lucknow,Uttar Pradesh,2023-10-24,Premium,Facebook
1737,Pooja,Agarwal,Male,21,Pune,Maharashtra,2024-09-13,VIP,Instagram
1738,Sneha,Malhotra,Female,55,Kolkata,West Bengal,2025-06-27,Budget,Google Ads
1739,Isha,Malhotra,Female,54,Nagpur,Maharashtra,2025-11-28,Premium,Facebook
1740,Ananya,Reddy,Male,41,Hyderabad,Telangana,2024-12-06,Budget,Facebook
1741,Yash,Agarwal,Male,34,Vadodara,Gujarat,2024-09-19,Regular,Organic Search
1742,Diya,Kapoor,Female,30,Bengaluru,Karnataka,2024-11-03,Regular,Email
1743,Neha,Malhotra,Male,37,Ahmedabad,Gujarat,2024-02-24,Regular,Google Ads
1744,Meera,Malhotra,Female,34,Hyderabad,Telangana,2024-10-14,Regular,Referral
1745,Kabir,Thakkar,Female,44,Kolkata,West Bengal,2025-04-03,Budget,Referral
1746,Priya,Verma,Female,50,Delhi,Delhi,2024-12-13,Premium,Instagram
1747,Isha,Patel,Female,38,Vadodara,Gujarat,2025-05-16,Regular,Google Ads
1748,Sneha,Patel,Female,34,Chennai,Tamil Nadu,2025-03-24,Budget,Referral
1749,Rohan,Singh,Female,39,Lucknow,Uttar Pradesh,2025-05-17,Regular,YouTube
1750,Kavya,Mehta,Male,42,Vadodara,Gujarat,2023-04-23,Regular,Email
1751,Diya,Trivedi,Male,20,Chennai,Tamil Nadu,2025-07-28,Budget,YouTube
1752,Rahul,Verma,Male,44,Jaipur,Rajasthan,2023-06-23,Budget,Referral
1753,Kabir,Parmar,Female,44,Ahmedabad,Gujarat,2025-10-07,VIP,Instagram
1754,Pooja,Kapoor,Male,29,Pune,Maharashtra,2023-03-15,Premium,Facebook
1755,Aanya,Singh,Female,32,Kolkata,West Bengal,2024-09-28,Budget,Facebook
1756,Pooja,Shah,Male,55,Lucknow,Uttar Pradesh,2023-02-01,Regular,Facebook
1757,Yash,Parmar,Female,37,Lucknow,Uttar Pradesh,2024-05-11,Regular,Instagram
1758,Ananya,Shah,Female,39,Delhi,Delhi,2023-07-14,Regular,YouTube
1759,Nisha,Trivedi,Female,19,Pune,Maharashtra,2024-06-11,Regular,Instagram
1760,Simran,Trivedi,Female,21,Indore,Madhya Pradesh,2024-03-16,Budget,Instagram
1761,Aryan,Sharma,Female,30,Ahmedabad,Gujarat,2024-12-24,Regular,YouTube
1762,Raj,Soni,Male,49,Jaipur,Rajasthan,2023-01-24,Budget,Referral
1763,Simran,Malhotra,Female,39,Bengaluru,Karnataka,2023-10-17,Regular,Facebook
1764,Ananya,Mishra,Male,42,Pune,Maharashtra,2025-06-14,Premium,Email
1765,Dev,Patel,Female,44,Delhi,Delhi,2023-11-04,VIP,Instagram
1766,Diya,Thakkar,Female,34,Indore,Madhya Pradesh,2023-10-31,Premium,Instagram
1767,Karan,Mishra,Female,23,Mumbai,Maharashtra,2024-09-22,VIP,YouTube
1768,Isha,Kumar,Male,60,Vadodara,Gujarat,2025-08-08,Budget,Referral
1769,Sneha,Malhotra,Female,33,Indore,Madhya Pradesh,2023-02-07,Regular,Organic Search
1770,Simran,Singh,Male,25,Chennai,Tamil Nadu,2024-01-21,Budget,Email
1771,Priya,Gupta,Female,50,Rajkot,Gujarat,2025-01-14,Premium,Organic Search
1772,Kavya,Gupta,Male,27,Pune,Maharashtra,2023-03-23,Premium,Instagram
1773,Simran,Soni,Male,51,Rajkot,Gujarat,2023-02-19,Regular,Organic Search
1774,Karan,Shah,Male,36,Surat,Gujarat,2024-10-30,Regular,Google Ads
1775,Krish,Trivedi,Female,31,Indore,Madhya Pradesh,2023-03-15,Budget,Email
1776,Ananya,Reddy,Female,20,Delhi,Delhi,2025-09-28,Budget,Instagram
1777,Priya,Singh,Male,58,Nagpur,Maharashtra,2024-11-25,VIP,Email
1778,Karan,Joshi,Female,40,Mumbai,Maharashtra,2024-11-14,Premium,Referral
1779,Aryan,Pandya,Female,57,Surat,Gujarat,2023-12-22,Budget,Organic Search
1780,Meera,Malhotra,Female,28,Hyderabad,Telangana,2025-10-10,Budget,Google Ads
1781,Diya,Desai,Male,23,Surat,Gujarat,2023-07-04,Budget,Google Ads
1782,Kabir,Sharma,Male,51,Hyderabad,Telangana,2023-06-03,VIP,Email
1783,Aanya,Trivedi,Female,18,Delhi,Delhi,2025-05-03,Premium,Facebook
1784,Nisha,Desai,Male,52,Nagpur,Maharashtra,2023-04-28,Regular,Email
1785,Sneha,Verma,Female,42,Lucknow,Uttar Pradesh,2023-09-24,Regular,YouTube
1786,Aanya,Reddy,Female,46,Jaipur,Rajasthan,2025-04-16,Regular,Facebook
1787,Riya,Kapoor,Male,40,Ahmedabad,Gujarat,2023-09-12,Budget,Referral
1788,Karan,Reddy,Male,35,Delhi,Delhi,2023-06-20,Premium,Google Ads
1789,Aditya,Singh,Female,31,Lucknow,Uttar Pradesh,2024-09-08,Regular,Facebook
1790,Aanya,Soni,Female,34,Ahmedabad,Gujarat,2025-09-28,Budget,Google Ads
1791,Nisha,Malhotra,Female,19,Chennai,Tamil Nadu,2024-07-01,Regular,Google Ads
1792,Dev,Sharma,Male,48,Mumbai,Maharashtra,2024-12-02,Regular,Google Ads
1793,Karan,Gupta,Male,36,Rajkot,Gujarat,2024-10-28,Regular,YouTube
1794,Isha,Singh,Female,49,Rajkot,Gujarat,2025-06-11,Regular,YouTube
1795,Krish,Singh,Female,45,Vadodara,Gujarat,2024-02-14,Premium,Instagram
1796,Neha,Agarwal,Male,58,Bengaluru,Karnataka,2025-01-08,Premium,Referral
1797,Aditya,Sharma,Female,25,Bengaluru,Karnataka,2023-05-26,Regular,YouTube
1798,Yash,Joshi,Male,59,Indore,Madhya Pradesh,2025-11-27,Regular,Referral
1799,Tanya,Mehta,Male,58,Lucknow,Uttar Pradesh,2024-05-04,Budget,Google Ads
1800,Raj,Pandya,Female,57,Kolkata,West Bengal,2023-09-19,Regular,Referral
1801,Vivaan,Kumar,Female,56,Rajkot,Gujarat,2023-12-11,Budget,Email
1802,Aditya,Malhotra,Male,39,Bengaluru,Karnataka,2025-05-28,Premium,Referral
1803,Rohan,Soni,Female,41,Delhi,Delhi,2024-05-28,Premium,Facebook
1804,Ishaan,Joshi,Male,55,Surat,Gujarat,2025-08-02,Budget,Email
1805,Kabir,Reddy,Male,19,Vadodara,Gujarat,2024-12-13,Premium,Google Ads
1806,Simran,Parmar,Male,58,Delhi,Delhi,2023-08-03,Regular,Email
1807,Sneha,Malhotra,Female,58,Pune,Maharashtra,2024-08-26,VIP,Facebook
1808,Sneha,Gupta,Female,36,Hyderabad,Telangana,2025-04-17,Regular,Instagram
1809,Yash,Sharma,Female,58,Chennai,Tamil Nadu,2025-02-10,Regular,Instagram
1810,Karan,Singh,Male,19,Lucknow,Uttar Pradesh,2024-10-31,Regular,Referral
1811,Ananya,Mishra,Male,45,Pune,Maharashtra,2025-12-16,Budget,Referral
1812,Neha,Verma,Male,49,Chennai,Tamil Nadu,2024-07-12,Budget,YouTube
1813,Isha,Reddy,Male,36,Bengaluru,Karnataka,2023-08-10,Budget,Email
1814,Arjun,Thakkar,Female,33,Pune,Maharashtra,2024-04-19,Budget,YouTube
1815,Kavya,Shah,Female,47,Hyderabad,Telangana,2025-05-12,Budget,YouTube
1816,Pooja,Agarwal,Female,39,Jaipur,Rajasthan,2025-03-22,Regular,Email
1817,Raj,Trivedi,Male,31,Hyderabad,Telangana,2023-06-29,Regular,Email
1818,Aanya,Pandya,Male,18,Surat,Gujarat,2023-06-26,VIP,Facebook
1819,Aarav,Kumar,Female,19,Indore,Madhya Pradesh,2024-05-01,Regular,Email
1820,Diya,Pandya,Male,39,Rajkot,Gujarat,2024-02-18,Premium,Email
1821,Raj,Sharma,Female,50,Ahmedabad,Gujarat,2024-11-22,Regular,Referral
1822,Dev,Pandya,Male,32,Vadodara,Gujarat,2025-11-26,Regular,YouTube
1823,Yash,Verma,Male,58,Rajkot,Gujarat,2024-07-28,Regular,Instagram
1824,Vivaan,Desai,Male,39,Chennai,Tamil Nadu,2023-09-25,Regular,Google Ads
1825,Sneha,Sharma,Male,57,Indore,Madhya Pradesh,2025-02-23,Budget,Instagram
1826,Aditya,Singh,Male,56,Rajkot,Gujarat,2025-07-12,Premium,Email
1827,Dev,Kumar,Female,58,Lucknow,Uttar Pradesh,2024-01-23,Regular,Google Ads
1828,Vivaan,Mishra,Female,58,Rajkot,Gujarat,2023-12-20,VIP,Email
1829,Nisha,Gupta,Female,28,Delhi,Delhi,2025-03-24,Premium,Referral
1830,Sneha,Sharma,Male,21,Hyderabad,Telangana,2025-10-20,Regular,Facebook
1831,Raj,Gupta,Female,24,Mumbai,Maharashtra,2023-09-26,Regular,Email
1832,Raj,Mishra,Female,38,Nagpur,Maharashtra,2025-12-26,Premium,Google Ads
1833,Aanya,Mehta,Male,24,Indore,Madhya Pradesh,2023-10-04,VIP,Referral
1834,Aditya,Mehta,Male,21,Vadodara,Gujarat,2023-11-03,Premium,Facebook
1835,Nisha,Shah,Female,29,Chennai,Tamil Nadu,2024-09-22,Premium,Organic Search
1836,Karan,Soni,Female,44,Ahmedabad,Gujarat,2024-06-21,Budget,Referral
1837,Krish,Patel,Female,34,Lucknow,Uttar Pradesh,2024-06-01,Premium,Google Ads
1838,Riya,Mehta,Female,37,Mumbai,Maharashtra,2023-05-14,Budget,Facebook
1839,Isha,Malhotra,Female,48,Jaipur,Rajasthan,2025-04-04,Regular,YouTube
1840,Priya,Desai,Male,43,Jaipur,Rajasthan,2025-11-14,Regular,Organic Search
1841,Yash,Mishra,Female,48,Chennai,Tamil Nadu,2025-03-23,Regular,Organic Search
1842,Pooja,Shah,Female,52,Mumbai,Maharashtra,2023-03-13,Regular,Google Ads
1843,Diya,Soni,Female,26,Pune,Maharashtra,2025-10-14,Premium,YouTube
1844,Neha,Thakkar,Female,22,Bengaluru,Karnataka,2025-08-09,Premium,Referral
1845,Yash,Shah,Female,25,Mumbai,Maharashtra,2023-02-02,Regular,Organic Search
1846,Ananya,Patel,Female,38,Mumbai,Maharashtra,2023-04-07,Regular,Organic Search
1847,Pooja,Malhotra,Male,33,Surat,Gujarat,2023-09-20,VIP,Organic Search
1848,Dev,Kapoor,Male,33,Kolkata,West Bengal,2025-05-23,Regular,YouTube
1849,Pooja,Thakkar,Male,35,Pune,Maharashtra,2025-07-02,Regular,Email
1850,Karan,Kumar,Female,45,Kolkata,West Bengal,2025-12-29,Regular,Instagram
1851,Riya,Malhotra,Female,35,Mumbai,Maharashtra,2023-10-20,Premium,Facebook
1852,Rohan,Desai,Male,31,Mumbai,Maharashtra,2025-07-05,Regular,Google Ads
1853,Aarav,Soni,Female,54,Rajkot,Gujarat,2024-12-30,VIP,Referral
1854,Isha,Gupta,Female,57,Rajkot,Gujarat,2023-06-21,Regular,YouTube
1855,Aditya,Joshi,Female,33,Delhi,Delhi,2025-01-27,Budget,Referral
1856,Raj,Soni,Male,38,Rajkot,Gujarat,2025-07-14,Budget,Organic Search
1857,Krish,Patel,Male,18,Surat,Gujarat,2025-06-19,Regular,Email
1858,Neha,Desai,Male,28,Kolkata,West Bengal,2024-05-31,Regular,Google Ads
1859,Aanya,Pandya,Female,28,Nagpur,Maharashtra,2025-10-30,Regular,Referral
1860,Arjun,Thakkar,Male,19,Kolkata,West Bengal,2023-09-28,Regular,Email
1861,Aanya,Gupta,Male,49,Delhi,Delhi,2025-01-11,Regular,Google Ads
1862,Rohan,Desai,Male,36,Ahmedabad,Gujarat,2024-07-20,Premium,Email
1863,Pooja,Kapoor,Female,22,Chennai,Tamil Nadu,2024-07-06,Premium,Email
1864,Diya,Mishra,Male,20,Bengaluru,Karnataka,2024-10-11,Regular,Instagram
1865,Aarav,Kumar,Male,45,Delhi,Delhi,2024-01-26,VIP,YouTube
1866,Priya,Reddy,Female,43,Pune,Maharashtra,2025-08-16,Regular,Facebook
1867,Krish,Thakkar,Male,40,Vadodara,Gujarat,2024-07-28,Budget,Facebook
1868,Ananya,Thakkar,Female,47,Hyderabad,Telangana,2023-12-10,Budget,Google Ads
1869,Aryan,Thakkar,Female,25,Indore,Madhya Pradesh,2024-03-31,Regular,Google Ads
1870,Ananya,Mishra,Male,53,Ahmedabad,Gujarat,2024-03-19,Regular,Referral
1871,Isha,Kapoor,Male,46,Vadodara,Gujarat,2023-07-16,Premium,Referral
1872,Pooja,Pandya,Male,30,Vadodara,Gujarat,2025-05-17,Premium,Instagram
1873,Neha,Reddy,Female,42,Jaipur,Rajasthan,2023-12-29,Budget,Google Ads
1874,Arjun,Parmar,Male,39,Hyderabad,Telangana,2025-05-17,Regular,Facebook
1875,Yash,Singh,Male,50,Delhi,Delhi,2024-07-19,Regular,YouTube
1876,Nisha,Trivedi,Male,54,Ahmedabad,Gujarat,2024-11-01,VIP,Instagram
1877,Simran,Parmar,Female,24,Lucknow,Uttar Pradesh,2023-01-25,Budget,Organic Search
1878,Rohan,Reddy,Female,40,Jaipur,Rajasthan,2023-08-25,Regular,Google Ads
1879,Rohan,Mishra,Female,23,Mumbai,Maharashtra,2024-04-05,VIP,Organic Search
1880,Ishaan,Parmar,Male,32,Indore,Madhya Pradesh,2023-04-10,VIP,Organic Search
1881,Tanya,Singh,Male,32,Surat,Gujarat,2025-01-09,Regular,Instagram
1882,Rahul,Mehta,Female,57,Hyderabad,Telangana,2024-02-12,Budget,Instagram
1883,Karan,Malhotra,Male,51,Hyderabad,Telangana,2025-09-04,Regular,Instagram
1884,Neha,Patel,Male,31,Vadodara,Gujarat,2025-01-20,Premium,Google Ads
1885,Krish,Trivedi,Female,46,Delhi,Delhi,2023-05-23,Regular,Email
1886,Neha,Desai,Female,33,Rajkot,Gujarat,2024-06-12,Premium,Google Ads
1887,Ishaan,Verma,Female,46,Hyderabad,Telangana,2025-10-25,Regular,Google Ads
1888,Raj,Mehta,Male,40,Indore,Madhya Pradesh,2024-06-06,Regular,Referral
1889,Vivaan,Pandya,Male,27,Mumbai,Maharashtra,2024-12-20,Regular,Google Ads
1890,Pooja,Shah,Male,21,Kolkata,West Bengal,2024-02-22,Regular,Google Ads
1891,Karan,Agarwal,Female,29,Lucknow,Uttar Pradesh,2024-06-28,Regular,Google Ads
1892,Riya,Sharma,Female,59,Ahmedabad,Gujarat,2025-10-06,Regular,Instagram
1893,Arjun,Mehta,Male,51,Hyderabad,Telangana,2025-03-27,Premium,Organic Search
1894,Nisha,Parmar,Female,21,Indore,Madhya Pradesh,2023-06-08,Budget,Instagram
1895,Kabir,Gupta,Female,37,Ahmedabad,Gujarat,2024-09-18,Regular,Google Ads
1896,Riya,Joshi,Male,45,Jaipur,Rajasthan,2025-02-11,Regular,Referral
1897,Kavya,Thakkar,Female,45,Lucknow,Uttar Pradesh,2025-12-04,Regular,YouTube
1898,Priya,Malhotra,Male,23,Lucknow,Uttar Pradesh,2023-05-08,Premium,Referral
1899,Meera,Verma,Female,31,Jaipur,Rajasthan,2025-05-26,Regular,YouTube
1900,Raj,Desai,Male,52,Hyderabad,Telangana,2024-08-28,Regular,Email
1901,Krish,Pandya,Female,18,Hyderabad,Telangana,2024-06-24,Regular,YouTube
1902,Dev,Thakkar,Male,36,Jaipur,Rajasthan,2023-06-13,Regular,Facebook
1903,Ishaan,Malhotra,Female,18,Indore,Madhya Pradesh,2024-10-10,Budget,Facebook
1904,Vivaan,Sharma,Female,30,Pune,Maharashtra,2023-05-11,Premium,YouTube
1905,Pooja,Singh,Female,25,Jaipur,Rajasthan,2024-11-26,Budget,Google Ads
1906,Simran,Desai,Female,35,Pune,Maharashtra,2024-05-18,Regular,YouTube
1907,Aryan,Kapoor,Female,52,Indore,Madhya Pradesh,2023-07-03,Regular,Organic Search
1908,Isha,Trivedi,Male,40,Indore,Madhya Pradesh,2025-04-05,Budget,Facebook
1909,Simran,Gupta,Male,43,Bengaluru,Karnataka,2024-11-01,Budget,YouTube
1910,Aditya,Thakkar,Male,58,Mumbai,Maharashtra,2025-09-08,Budget,Instagram
1911,Neha,Joshi,Female,55,Mumbai,Maharashtra,2025-10-19,Budget,Email
1912,Rahul,Sharma,Male,37,Nagpur,Maharashtra,2024-07-07,Premium,Instagram
1913,Rohan,Thakkar,Female,19,Lucknow,Uttar Pradesh,2023-05-11,Premium,Referral
1914,Rohan,Soni,Female,43,Ahmedabad,Gujarat,2024-11-27,Budget,Instagram
1915,Kavya,Sharma,Male,53,Surat,Gujarat,2025-11-03,Budget,Organic Search
1916,Ananya,Patel,Male,42,Indore,Madhya Pradesh,2025-03-24,Premium,Organic Search
1917,Sneha,Agarwal,Female,47,Delhi,Delhi,2024-10-20,Budget,Email
1918,Isha,Mishra,Female,35,Ahmedabad,Gujarat,2024-01-15,VIP,Google Ads
1919,Aryan,Verma,Male,24,Lucknow,Uttar Pradesh,2025-12-19,Budget,Email
1920,Aditya,Desai,Male,44,Hyderabad,Telangana,2025-07-15,Regular,Google Ads
1921,Riya,Desai,Female,28,Indore,Madhya Pradesh,2024-06-21,Regular,Organic Search
1922,Simran,Gupta,Female,54,Rajkot,Gujarat,2024-07-30,Budget,Facebook
1923,Isha,Parmar,Male,25,Lucknow,Uttar Pradesh,2025-12-29,Budget,Organic Search
1924,Nisha,Kumar,Female,28,Chennai,Tamil Nadu,2024-11-15,Regular,YouTube
1925,Dev,Joshi,Female,41,Jaipur,Rajasthan,2023-02-09,Regular,Organic Search
1926,Aditya,Trivedi,Male,47,Indore,Madhya Pradesh,2024-01-01,Regular,Organic Search
1927,Aanya,Soni,Male,47,Chennai,Tamil Nadu,2023-09-05,Budget,Facebook
1928,Aanya,Sharma,Female,32,Bengaluru,Karnataka,2023-01-12,Regular,Facebook
1929,Isha,Malhotra,Female,52,Indore,Madhya Pradesh,2025-01-06,Regular,Facebook
1930,Neha,Malhotra,Male,56,Bengaluru,Karnataka,2024-05-24,Regular,Organic Search
1931,Aditya,Kapoor,Female,41,Kolkata,West Bengal,2023-06-20,Budget,YouTube
1932,Aditya,Mishra,Male,25,Bengaluru,Karnataka,2025-11-21,Regular,Google Ads
1933,Rahul,Kumar,Female,60,Ahmedabad,Gujarat,2024-12-21,Regular,Email
1934,Raj,Mishra,Male,59,Jaipur,Rajasthan,2025-09-21,VIP,Organic Search
1935,Neha,Gupta,Female,37,Delhi,Delhi,2025-03-25,Premium,Google Ads
1936,Ananya,Singh,Female,58,Indore,Madhya Pradesh,2024-03-04,Budget,Google Ads
1937,Pooja,Parmar,Female,43,Ahmedabad,Gujarat,2025-11-24,Budget,Organic Search
1938,Aryan,Trivedi,Male,41,Jaipur,Rajasthan,2023-07-24,Budget,Instagram
1939,Arjun,Kapoor,Male,39,Rajkot,Gujarat,2025-06-08,Budget,YouTube
1940,Krish,Pandya,Male,22,Rajkot,Gujarat,2025-06-23,Budget,Google Ads
1941,Rohan,Kumar,Female,32,Indore,Madhya Pradesh,2024-11-27,Budget,Organic Search
1942,Vivaan,Agarwal,Female,53,Nagpur,Maharashtra,2025-01-19,Budget,Google Ads
1943,Ishaan,Shah,Male,54,Lucknow,Uttar Pradesh,2025-09-11,Budget,Facebook
1944,Aryan,Sharma,Male,46,Surat,Gujarat,2025-09-12,Regular,Referral
1945,Neha,Singh,Female,32,Indore,Madhya Pradesh,2023-09-06,Budget,Instagram
1946,Aditya,Gupta,Female,44,Surat,Gujarat,2025-10-25,Budget,Email
1947,Nisha,Mehta,Female,25,Pune,Maharashtra,2023-08-18,Regular,Referral
1948,Tanya,Kapoor,Female,46,Vadodara,Gujarat,2024-09-19,Budget,Instagram
1949,Aryan,Malhotra,Male,36,Nagpur,Maharashtra,2025-04-07,Budget,Facebook
1950,Aditya,Patel,Male,48,Indore,Madhya Pradesh,2023-11-17,Budget,Facebook
1951,Pooja,Kapoor,Female,26,Jaipur,Rajasthan,2023-01-28,Regular,Organic Search
1952,Vivaan,Agarwal,Female,27,Delhi,Delhi,2025-04-30,Premium,Facebook
1953,Yash,Sharma,Female,54,Hyderabad,Telangana,2024-05-24,Budget,Organic Search
1954,Dev,Parmar,Male,27,Rajkot,Gujarat,2023-08-16,Regular,YouTube
1955,Aryan,Pandya,Male,50,Vadodara,Gujarat,2024-10-02,Regular,Organic Search
1956,Ananya,Joshi,Female,42,Rajkot,Gujarat,2024-06-24,Regular,Referral
1957,Kabir,Desai,Female,21,Vadodara,Gujarat,2024-11-02,Premium,Facebook
1958,Pooja,Sharma,Female,22,Chennai,Tamil Nadu,2025-06-28,Premium,Google Ads
1959,Rohan,Malhotra,Female,40,Pune,Maharashtra,2025-03-19,Budget,YouTube
1960,Ishaan,Shah,Female,56,Vadodara,Gujarat,2024-06-03,Regular,Facebook
1961,Nisha,Parmar,Female,22,Kolkata,West Bengal,2024-05-28,Regular,YouTube
1962,Vivaan,Shah,Male,25,Surat,Gujarat,2025-10-30,VIP,Google Ads
1963,Neha,Kumar,Male,34,Hyderabad,Telangana,2023-12-13,Premium,Organic Search
1964,Tanya,Pandya,Male,18,Vadodara,Gujarat,2023-04-27,Budget,Facebook
1965,Ananya,Kapoor,Female,29,Hyderabad,Telangana,2024-02-15,Budget,Referral
1966,Rahul,Kumar,Female,52,Lucknow,Uttar Pradesh,2025-10-31,Premium,Organic Search
1967,Kabir,Singh,Female,31,Chennai,Tamil Nadu,2023-04-08,Regular,Facebook
1968,Nisha,Trivedi,Male,35,Kolkata,West Bengal,2023-10-09,Regular,Google Ads
1969,Rohan,Parmar,Female,27,Vadodara,Gujarat,2025-03-17,Regular,Facebook
1970,Diya,Malhotra,Male,32,Lucknow,Uttar Pradesh,2025-05-09,Budget,Google Ads
1971,Simran,Agarwal,Female,59,Mumbai,Maharashtra,2024-10-18,Premium,Facebook
1972,Aanya,Mishra,Female,50,Chennai,Tamil Nadu,2023-07-30,Premium,Facebook
1973,Rahul,Gupta,Female,36,Jaipur,Rajasthan,2024-05-22,Regular,Instagram
1974,Rohan,Kumar,Male,51,Lucknow,Uttar Pradesh,2024-03-27,Regular,YouTube
1975,Tanya,Kumar,Male,42,Ahmedabad,Gujarat,2024-11-17,Regular,Email
1976,Diya,Desai,Male,33,Lucknow,Uttar Pradesh,2024-09-14,Budget,Instagram
1977,Raj,Shah,Female,25,Nagpur,Maharashtra,2025-08-28,Budget,Instagram
1978,Tanya,Desai,Male,52,Vadodara,Gujarat,2025-07-18,Budget,YouTube
1979,Rohan,Mishra,Female,38,Ahmedabad,Gujarat,2023-01-18,Premium,Instagram
1980,Raj,Joshi,Female,36,Chennai,Tamil Nadu,2025-02-24,Regular,Google Ads
1981,Isha,Malhotra,Male,28,Lucknow,Uttar Pradesh,2023-07-17,Budget,Instagram
1982,Aanya,Pandya,Male,28,Indore,Madhya Pradesh,2024-02-21,Regular,Email
1983,Kabir,Soni,Female,28,Pune,Maharashtra,2024-01-19,Budget,Google Ads
1984,Raj,Kapoor,Female,39,Ahmedabad,Gujarat,2023-07-19,Budget,Referral
1985,Meera,Malhotra,Female,38,Indore,Madhya Pradesh,2025-06-13,Regular,YouTube
1986,Simran,Joshi,Female,44,Nagpur,Maharashtra,2025-09-06,Regular,YouTube
1987,Aditya,Parmar,Male,35,Lucknow,Uttar Pradesh,2025-12-02,Regular,YouTube
1988,Neha,Patel,Male,59,Ahmedabad,Gujarat,2023-03-23,Regular,Google Ads
1989,Kabir,Sharma,Male,57,Mumbai,Maharashtra,2025-06-02,Regular,YouTube
1990,Vivaan,Singh,Female,55,Rajkot,Gujarat,2024-04-24,Regular,YouTube
1991,Kabir,Agarwal,Female,47,Surat,Gujarat,2024-12-28,Regular,Email
1992,Nisha,Singh,Female,50,Jaipur,Rajasthan,2023-05-04,Regular,Facebook
1993,Raj,Pandya,Male,38,Vadodara,Gujarat,2024-06-11,Regular,Organic Search
1994,Raj,Trivedi,Female,19,Vadodara,Gujarat,2024-06-09,Regular,Referral
1995,Aarav,Mishra,Female,30,Delhi,Delhi,2023-02-08,Regular,Facebook
1996,Rahul,Shah,Male,19,Jaipur,Rajasthan,2023-04-18,Budget,Facebook
1997,Neha,Shah,Male,60,Hyderabad,Telangana,2023-09-25,Budget,YouTube
1998,Meera,Malhotra,Female,48,Lucknow,Uttar Pradesh,2023-11-07,Regular,Google Ads
1999,Diya,Shah,Male,27,Surat,Gujarat,2023-02-09,Regular,YouTube
2000,Kabir,Desai,Female,40,Hyderabad,Telangana,2025-02-19,Regular,Facebook
2001,Tanya,Mishra,Male,39,Chennai,Tamil Nadu,2024-08-03,VIP,Email
2002,Aarav,Shah,Female,46,Surat,Gujarat,2023-06-01,Regular,YouTube
2003,Nisha,Joshi,Male,50,Rajkot,Gujarat,2023-07-06,Premium,YouTube
2004,Nisha,Gupta,Male,48,Kolkata,West Bengal,2024-03-05,Regular,YouTube
2005,Diya,Trivedi,Male,31,Rajkot,Gujarat,2024-04-01,Budget,Google Ads
2006,Aryan,Agarwal,Male,27,Nagpur,Maharashtra,2025-01-22,VIP,Email
2007,Raj,Verma,Female,35,Delhi,Delhi,2023-07-23,Premium,Email
2008,Ishaan,Trivedi,Female,28,Kolkata,West Bengal,2025-02-17,Regular,Organic Search
2009,Raj,Malhotra,Male,56,Nagpur,Maharashtra,2023-04-28,Budget,Email
2010,Pooja,Shah,Female,20,Hyderabad,Telangana,2023-08-10,Budget,Email
2011,Priya,Reddy,Male,19,Hyderabad,Telangana,2025-06-15,Premium,Facebook
2012,Dev,Joshi,Male,25,Rajkot,Gujarat,2023-03-04,Budget,YouTube
2013,Arjun,Desai,Female,48,Indore,Madhya Pradesh,2024-01-31,Regular,Referral
2014,Nisha,Shah,Female,25,Delhi,Delhi,2023-01-05,Regular,Email
2015,Rahul,Shah,Female,60,Hyderabad,Telangana,2024-05-22,Budget,Instagram
2016,Tanya,Singh,Female,19,Rajkot,Gujarat,2023-05-25,Regular,Instagram
2017,Karan,Singh,Female,39,Lucknow,Uttar Pradesh,2025-08-11,Regular,Referral
2018,Rohan,Mehta,Female,22,Kolkata,West Bengal,2024-10-23,Regular,Organic Search
2019,Ishaan,Trivedi,Female,24,Lucknow,Uttar Pradesh,2025-02-19,Regular,Facebook
2020,Raj,Thakkar,Male,37,Chennai,Tamil Nadu,2025-08-16,Premium,Instagram
2021,Simran,Kumar,Female,45,Surat,Gujarat,2025-08-20,Regular,Instagram
2022,Pooja,Pandya,Male,30,Nagpur,Maharashtra,2023-01-11,Regular,Instagram
2023,Meera,Patel,Female,19,Surat,Gujarat,2023-03-10,Regular,Facebook
2024,Sneha,Gupta,Female,49,Chennai,Tamil Nadu,2025-08-21,Budget,YouTube
2025,Dev,Trivedi,Male,43,Delhi,Delhi,2023-07-21,VIP,Facebook
2026,Dev,Kapoor,Male,20,Surat,Gujarat,2023-09-23,Regular,Google Ads
2027,Ishaan,Parmar,Male,58,Indore,Madhya Pradesh,2023-04-18,Regular,Google Ads
2028,Priya,Trivedi,Male,59,Delhi,Delhi,2025-12-13,Regular,Instagram
2029,Karan,Trivedi,Female,30,Pune,Maharashtra,2025-08-08,Regular,Instagram
2030,Aanya,Reddy,Female,38,Vadodara,Gujarat,2023-07-09,Budget,YouTube
2031,Arjun,Soni,Male,54,Pune,Maharashtra,2023-08-27,Premium,Organic Search
2032,Vivaan,Pandya,Male,40,Jaipur,Rajasthan,2025-08-08,Budget,Referral
2033,Krish,Mehta,Female,24,Lucknow,Uttar Pradesh,2023-12-09,Regular,Instagram
2034,Raj,Kumar,Female,34,Jaipur,Rajasthan,2023-10-18,Regular,Google Ads
2035,Yash,Pandya,Male,45,Surat,Gujarat,2023-11-17,Regular,Instagram
2036,Karan,Parmar,Female,47,Pune,Maharashtra,2023-02-11,Premium,YouTube
2037,Vivaan,Trivedi,Female,22,Vadodara,Gujarat,2025-08-12,Regular,Google Ads
2038,Raj,Pandya,Male,41,Indore,Madhya Pradesh,2025-06-07,Premium,Instagram
2039,Krish,Joshi,Male,24,Pune,Maharashtra,2024-09-24,Regular,YouTube
2040,Nisha,Kapoor,Male,51,Hyderabad,Telangana,2025-04-25,Premium,Organic Search
2041,Isha,Singh,Male,59,Lucknow,Uttar Pradesh,2023-10-11,Regular,Organic Search
2042,Aryan,Malhotra,Female,50,Lucknow,Uttar Pradesh,2025-03-17,Regular,YouTube
2043,Isha,Shah,Male,44,Kolkata,West Bengal,2023-07-01,Premium,Google Ads
2044,Kabir,Agarwal,Female,31,Hyderabad,Telangana,2025-10-31,Budget,Google Ads
2045,Vivaan,Kumar,Female,36,Indore,Madhya Pradesh,2025-01-14,Budget,Referral
2046,Tanya,Soni,Female,55,Rajkot,Gujarat,2024-03-17,VIP,Google Ads
2047,Neha,Desai,Female,29,Lucknow,Uttar Pradesh,2024-09-20,VIP,Organic Search
2048,Raj,Agarwal,Male,20,Lucknow,Uttar Pradesh,2024-01-23,Premium,YouTube
2049,Aditya,Patel,Female,24,Vadodara,Gujarat,2024-07-29,Regular,Google Ads
2050,Diya,Shah,Male,52,Indore,Madhya Pradesh,2024-03-29,Regular,Organic Search
2051,Rahul,Gupta,Female,42,Hyderabad,Telangana,2025-07-15,Budget,Organic Search
2052,Meera,Reddy,Male,32,Jaipur,Rajasthan,2025-10-22,Regular,Google Ads
2053,Karan,Trivedi,Female,36,Ahmedabad,Gujarat,2025-03-21,Regular,YouTube
2054,Dev,Malhotra,Female,36,Indore,Madhya Pradesh,2025-03-19,Budget,Referral
2055,Aryan,Thakkar,Male,40,Bengaluru,Karnataka,2025-12-19,Regular,YouTube
2056,Vivaan,Singh,Male,28,Surat,Gujarat,2024-01-03,Regular,Google Ads
2057,Tanya,Reddy,Male,38,Lucknow,Uttar Pradesh,2025-07-30,Regular,Google Ads
2058,Tanya,Kapoor,Male,51,Surat,Gujarat,2023-02-09,Regular,Organic Search
2059,Ananya,Gupta,Female,56,Vadodara,Gujarat,2024-07-10,Premium,Google Ads
2060,Rohan,Mishra,Female,24,Mumbai,Maharashtra,2025-07-05,Regular,Referral
2061,Kavya,Mehta,Female,59,Jaipur,Rajasthan,2025-10-17,Regular,Organic Search
2062,Arjun,Kapoor,Female,44,Delhi,Delhi,2024-10-04,Regular,YouTube
2063,Riya,Singh,Female,40,Surat,Gujarat,2024-03-25,Budget,Email
2064,Arjun,Agarwal,Male,55,Rajkot,Gujarat,2024-01-30,Regular,Facebook
2065,Aanya,Sharma,Male,37,Mumbai,Maharashtra,2025-03-02,Regular,Instagram
2066,Arjun,Parmar,Female,44,Kolkata,West Bengal,2023-03-29,Regular,Facebook
2067,Nisha,Soni,Male,25,Bengaluru,Karnataka,2024-06-16,Premium,Referral
2068,Isha,Kumar,Female,54,Rajkot,Gujarat,2025-01-13,Regular,YouTube
2069,Yash,Agarwal,Female,20,Mumbai,Maharashtra,2024-01-16,Budget,Organic Search
2070,Kavya,Soni,Male,19,Bengaluru,Karnataka,2024-03-06,Regular,Email
2071,Isha,Parmar,Female,39,Chennai,Tamil Nadu,2023-10-04,Premium,Referral
2072,Dev,Trivedi,Male,23,Nagpur,Maharashtra,2023-07-13,Regular,Organic Search
2073,Kavya,Mishra,Female,56,Indore,Madhya Pradesh,2023-06-28,Premium,YouTube
2074,Aarav,Kumar,Male,57,Chennai,Tamil Nadu,2023-08-06,Regular,Google Ads
2075,Kavya,Mehta,Female,53,Ahmedabad,Gujarat,2025-09-14,Budget,Referral
2076,Simran,Gupta,Female,41,Lucknow,Uttar Pradesh,2025-12-18,Budget,Instagram
2077,Neha,Desai,Male,29,Vadodara,Gujarat,2024-07-10,Regular,Facebook
2078,Nisha,Kumar,Female,34,Vadodara,Gujarat,2025-02-06,Budget,YouTube
2079,Aanya,Agarwal,Female,39,Ahmedabad,Gujarat,2023-03-18,Regular,Email
2080,Aanya,Thakkar,Male,36,Delhi,Delhi,2024-08-21,Premium,Google Ads
2081,Krish,Joshi,Male,26,Mumbai,Maharashtra,2024-06-07,Regular,Email
2082,Ananya,Kapoor,Male,29,Delhi,Delhi,2025-03-23,Regular,Instagram
2083,Yash,Trivedi,Female,49,Bengaluru,Karnataka,2024-01-19,Regular,Email
2084,Arjun,Mehta,Male,48,Indore,Madhya Pradesh,2024-05-18,Budget,Email
2085,Nisha,Parmar,Male,34,Chennai,Tamil Nadu,2023-08-30,Regular,Organic Search
2086,Aditya,Agarwal,Male,40,Mumbai,Maharashtra,2024-01-04,Regular,Google Ads
2087,Riya,Agarwal,Female,27,Chennai,Tamil Nadu,2023-10-15,Regular,Email
2088,Yash,Parmar,Male,47,Nagpur,Maharashtra,2024-02-03,Budget,Google Ads
2089,Karan,Thakkar,Female,36,Pune,Maharashtra,2023-04-14,Premium,Instagram
2090,Ishaan,Trivedi,Female,43,Nagpur,Maharashtra,2023-05-07,Regular,YouTube
2091,Aarav,Mishra,Male,43,Kolkata,West Bengal,2023-02-09,Budget,Google Ads
2092,Rahul,Shah,Female,28,Kolkata,West Bengal,2025-12-31,Premium,Referral
2093,Ananya,Reddy,Female,37,Pune,Maharashtra,2025-05-31,Premium,Organic Search
2094,Ananya,Parmar,Female,21,Surat,Gujarat,2025-08-02,Regular,Referral
2095,Meera,Kumar,Female,29,Kolkata,West Bengal,2023-09-04,Regular,YouTube
2096,Ishaan,Joshi,Female,42,Vadodara,Gujarat,2023-11-08,VIP,Organic Search
2097,Simran,Patel,Male,27,Indore,Madhya Pradesh,2023-02-03,Premium,Organic Search
2098,Sneha,Trivedi,Male,39,Jaipur,Rajasthan,2023-05-09,Regular,Organic Search
2099,Simran,Verma,Male,24,Chennai,Tamil Nadu,2023-01-10,Regular,Facebook
2100,Vivaan,Desai,Female,41,Hyderabad,Telangana,2025-07-30,Budget,Email
2101,Krish,Gupta,Male,19,Chennai,Tamil Nadu,2025-07-23,Budget,YouTube
2102,Vivaan,Mishra,Female,49,Chennai,Tamil Nadu,2025-11-07,Budget,Email
2103,Arjun,Kumar,Female,38,Delhi,Delhi,2023-12-06,Budget,Google Ads
2104,Isha,Agarwal,Female,24,Hyderabad,Telangana,2024-11-11,Regular,Email
2105,Aditya,Agarwal,Female,25,Hyderabad,Telangana,2024-06-17,Budget,Organic Search
2106,Raj,Patel,Male,55,Rajkot,Gujarat,2025-03-19,Premium,Instagram
2107,Aryan,Singh,Female,38,Jaipur,Rajasthan,2024-03-08,Regular,Referral
2108,Karan,Reddy,Male,25,Ahmedabad,Gujarat,2025-01-27,Regular,YouTube
2109,Ananya,Verma,Male,42,Lucknow,Uttar Pradesh,2024-10-12,Regular,Email
2110,Sneha,Kumar,Female,45,Chennai,Tamil Nadu,2025-12-11,Regular,YouTube
2111,Ishaan,Singh,Male,45,Ahmedabad,Gujarat,2025-12-26,Regular,YouTube
2112,Riya,Mishra,Male,48,Surat,Gujarat,2024-08-19,Regular,Instagram
2113,Vivaan,Trivedi,Male,53,Lucknow,Uttar Pradesh,2023-09-07,Regular,Google Ads
2114,Ananya,Sharma,Female,42,Bengaluru,Karnataka,2025-06-22,Regular,Email
2115,Krish,Mehta,Female,58,Lucknow,Uttar Pradesh,2024-02-19,Regular,Facebook
2116,Riya,Soni,Female,54,Chennai,Tamil Nadu,2023-01-06,Regular,Organic Search
2117,Kavya,Mishra,Male,55,Hyderabad,Telangana,2025-04-28,Premium,YouTube
2118,Ishaan,Thakkar,Male,29,Hyderabad,Telangana,2023-01-13,Budget,Google Ads
2119,Nisha,Sharma,Female,54,Pune,Maharashtra,2023-01-06,VIP,Facebook
2120,Aditya,Gupta,Female,54,Rajkot,Gujarat,2024-06-21,Regular,YouTube
2121,Isha,Thakkar,Male,48,Chennai,Tamil Nadu,2023-01-04,Regular,Facebook
2122,Yash,Mishra,Female,35,Jaipur,Rajasthan,2023-10-11,Regular,Email
2123,Neha,Verma,Female,43,Indore,Madhya Pradesh,2024-12-22,Regular,Email
2124,Tanya,Pandya,Male,23,Hyderabad,Telangana,2025-10-12,VIP,Referral
2125,Priya,Patel,Male,26,Surat,Gujarat,2024-11-23,Budget,YouTube
2126,Ananya,Pandya,Female,28,Chennai,Tamil Nadu,2024-10-18,Regular,YouTube
2127,Diya,Pandya,Female,48,Jaipur,Rajasthan,2025-08-09,Budget,Referral
2128,Rohan,Kumar,Female,19,Chennai,Tamil Nadu,2024-09-19,Budget,Email
2129,Nisha,Shah,Female,46,Hyderabad,Telangana,2025-09-06,Regular,Google Ads
2130,Riya,Kapoor,Male,59,Delhi,Delhi,2025-11-19,Budget,Facebook
2131,Rahul,Agarwal,Female,22,Indore,Madhya Pradesh,2024-01-09,Premium,YouTube
2132,Meera,Kumar,Female,40,Ahmedabad,Gujarat,2025-10-07,Regular,YouTube
2133,Pooja,Shah,Male,53,Surat,Gujarat,2024-10-11,Regular,Instagram
2134,Rohan,Sharma,Male,24,Jaipur,Rajasthan,2024-12-25,Regular,Facebook
2135,Aditya,Agarwal,Male,30,Chennai,Tamil Nadu,2025-03-22,Budget,Referral
2136,Nisha,Kapoor,Male,59,Nagpur,Maharashtra,2025-12-15,Premium,Organic Search
2137,Aarav,Malhotra,Male,27,Delhi,Delhi,2023-05-12,Regular,Email
2138,Simran,Kapoor,Male,53,Surat,Gujarat,2025-02-19,Regular,Referral
2139,Tanya,Kumar,Male,33,Jaipur,Rajasthan,2023-05-02,Budget,YouTube
2140,Rahul,Agarwal,Female,32,Delhi,Delhi,2023-07-21,Regular,YouTube
2141,Ananya,Thakkar,Female,60,Delhi,Delhi,2024-12-02,Budget,Email
2142,Vivaan,Trivedi,Male,36,Lucknow,Uttar Pradesh,2024-07-11,Premium,Organic Search
2143,Aditya,Desai,Female,38,Indore,Madhya Pradesh,2025-11-29,Regular,Facebook
2144,Isha,Kumar,Female,52,Chennai,Tamil Nadu,2024-08-01,Regular,Google Ads
2145,Pooja,Trivedi,Male,32,Mumbai,Maharashtra,2025-12-21,Premium,Email
2146,Neha,Gupta,Male,31,Surat,Gujarat,2023-08-15,Budget,Google Ads
2147,Yash,Pandya,Male,46,Indore,Madhya Pradesh,2023-06-23,Regular,YouTube
2148,Aanya,Trivedi,Male,22,Chennai,Tamil Nadu,2025-10-16,Regular,Google Ads
2149,Ananya,Reddy,Male,35,Chennai,Tamil Nadu,2023-05-23,Budget,Google Ads
2150,Yash,Joshi,Female,18,Ahmedabad,Gujarat,2024-07-22,Regular,Email
2151,Diya,Kumar,Female,44,Lucknow,Uttar Pradesh,2023-10-04,Regular,Referral
2152,Nisha,Parmar,Male,44,Surat,Gujarat,2023-10-03,Regular,YouTube
2153,Kabir,Parmar,Male,42,Rajkot,Gujarat,2023-08-22,Regular,Facebook
2154,Tanya,Mehta,Female,58,Mumbai,Maharashtra,2023-02-01,Regular,Instagram
2155,Krish,Trivedi,Female,38,Pune,Maharashtra,2025-01-29,Regular,Google Ads
2156,Pooja,Sharma,Female,31,Indore,Madhya Pradesh,2025-03-03,Budget,YouTube
2157,Isha,Parmar,Male,37,Bengaluru,Karnataka,2025-01-31,Budget,Instagram
2158,Priya,Mishra,Male,45,Indore,Madhya Pradesh,2023-09-22,Regular,Facebook
2159,Kabir,Reddy,Female,38,Delhi,Delhi,2023-08-03,Budget,Instagram
2160,Ananya,Shah,Male,40,Surat,Gujarat,2023-10-09,Premium,Facebook
2161,Nisha,Thakkar,Female,28,Indore,Madhya Pradesh,2024-06-13,Premium,Referral
2162,Krish,Soni,Male,19,Rajkot,Gujarat,2023-01-02,Regular,Instagram
2163,Aanya,Pandya,Male,37,Kolkata,West Bengal,2024-05-27,Premium,Facebook
2164,Riya,Kumar,Female,41,Chennai,Tamil Nadu,2025-03-26,Regular,Referral
2165,Karan,Soni,Female,42,Jaipur,Rajasthan,2024-04-08,Budget,Organic Search
2166,Aditya,Mehta,Male,54,Delhi,Delhi,2023-06-13,Regular,Organic Search
2167,Yash,Trivedi,Female,39,Surat,Gujarat,2024-06-21,Regular,Google Ads
2168,Priya,Reddy,Male,41,Ahmedabad,Gujarat,2024-05-25,Budget,Instagram
2169,Neha,Singh,Female,32,Jaipur,Rajasthan,2024-07-08,Regular,Facebook
2170,Tanya,Verma,Female,29,Jaipur,Rajasthan,2024-10-02,Budget,YouTube
2171,Simran,Malhotra,Male,48,Vadodara,Gujarat,2025-12-30,Regular,Email
2172,Aditya,Joshi,Male,60,Vadodara,Gujarat,2023-09-16,Regular,Referral
2173,Riya,Parmar,Male,48,Ahmedabad,Gujarat,2024-03-20,Regular,Instagram
2174,Krish,Soni,Female,47,Indore,Madhya Pradesh,2025-02-04,Budget,Referral
2175,Ananya,Thakkar,Female,58,Kolkata,West Bengal,2023-03-06,Budget,Instagram
2176,Pooja,Parmar,Male,37,Indore,Madhya Pradesh,2024-10-19,Regular,Instagram
2177,Krish,Malhotra,Female,25,Indore,Madhya Pradesh,2025-09-27,Premium,Instagram
2178,Karan,Trivedi,Male,47,Surat,Gujarat,2023-02-11,Regular,Email
2179,Isha,Reddy,Male,52,Ahmedabad,Gujarat,2025-05-28,Regular,Instagram
2180,Yash,Mehta,Male,38,Hyderabad,Telangana,2023-07-15,Regular,Referral
2181,Riya,Singh,Male,57,Jaipur,Rajasthan,2024-01-23,Premium,Google Ads
2182,Arjun,Malhotra,Male,45,Delhi,Delhi,2023-03-06,Regular,Google Ads
2183,Aryan,Singh,Female,56,Hyderabad,Telangana,2023-08-11,Budget,YouTube
2184,Rahul,Pandya,Female,34,Delhi,Delhi,2025-07-03,Budget,Email
2185,Diya,Shah,Male,29,Rajkot,Gujarat,2024-03-17,Budget,Referral
2186,Pooja,Mehta,Female,35,Indore,Madhya Pradesh,2025-06-21,Regular,Organic Search
2187,Tanya,Reddy,Male,45,Pune,Maharashtra,2024-03-28,Budget,YouTube
2188,Kavya,Shah,Female,20,Rajkot,Gujarat,2023-11-16,Budget,Google Ads
2189,Kavya,Mehta,Female,32,Indore,Madhya Pradesh,2025-02-08,Regular,Instagram
2190,Priya,Mehta,Male,33,Chennai,Tamil Nadu,2025-06-01,Regular,Instagram
2191,Priya,Joshi,Female,39,Rajkot,Gujarat,2025-10-12,Regular,Facebook
2192,Vivaan,Thakkar,Male,48,Surat,Gujarat,2024-03-26,Regular,Email
2193,Neha,Shah,Female,48,Vadodara,Gujarat,2025-06-14,VIP,Facebook
2194,Kabir,Parmar,Male,18,Bengaluru,Karnataka,2025-01-12,VIP,Email
2195,Ishaan,Parmar,Male,28,Bengaluru,Karnataka,2023-12-23,Premium,Email
2196,Raj,Trivedi,Male,23,Chennai,Tamil Nadu,2025-02-20,VIP,Instagram
2197,Isha,Kapoor,Male,40,Pune,Maharashtra,2024-07-19,Budget,Instagram
2198,Kabir,Pandya,Male,26,Ahmedabad,Gujarat,2025-12-04,Premium,YouTube
2199,Priya,Shah,Male,33,Rajkot,Gujarat,2024-06-11,Regular,Google Ads
2200,Aanya,Agarwal,Female,55,Nagpur,Maharashtra,2024-12-24,Regular,Google Ads
2201,Aanya,Mehta,Male,36,Surat,Gujarat,2023-08-29,Regular,Instagram
2202,Krish,Gupta,Female,30,Lucknow,Uttar Pradesh,2024-09-05,Budget,Google Ads
2203,Ananya,Parmar,Male,49,Nagpur,Maharashtra,2023-04-05,VIP,Email
2204,Rahul,Joshi,Female,53,Vadodara,Gujarat,2023-12-31,Budget,Google Ads
2205,Ishaan,Kumar,Male,26,Lucknow,Uttar Pradesh,2023-01-25,Premium,Referral
2206,Raj,Gupta,Male,54,Nagpur,Maharashtra,2023-11-14,Regular,YouTube
2207,Pooja,Mehta,Female,48,Mumbai,Maharashtra,2023-11-29,Regular,Google Ads
2208,Aarav,Desai,Male,48,Hyderabad,Telangana,2025-07-02,Regular,Google Ads
2209,Tanya,Kumar,Male,36,Lucknow,Uttar Pradesh,2024-07-15,Budget,Organic Search
2210,Rahul,Gupta,Male,19,Vadodara,Gujarat,2024-11-11,Premium,YouTube
2211,Aryan,Malhotra,Male,49,Jaipur,Rajasthan,2023-04-10,VIP,YouTube
2212,Kabir,Mehta,Female,60,Chennai,Tamil Nadu,2024-01-05,Regular,Instagram
2213,Ishaan,Shah,Male,51,Bengaluru,Karnataka,2025-11-01,Premium,YouTube
2214,Kavya,Soni,Female,18,Nagpur,Maharashtra,2024-12-20,Budget,Referral
2215,Meera,Thakkar,Male,38,Vadodara,Gujarat,2023-03-18,Regular,Instagram
2216,Neha,Kapoor,Male,20,Vadodara,Gujarat,2024-08-09,Regular,Email
2217,Aryan,Trivedi,Male,44,Nagpur,Maharashtra,2025-08-31,Regular,Facebook
2218,Isha,Kapoor,Male,24,Lucknow,Uttar Pradesh,2024-11-12,Budget,Google Ads
2219,Yash,Trivedi,Female,50,Mumbai,Maharashtra,2024-11-21,Regular,YouTube
2220,Pooja,Kapoor,Male,26,Bengaluru,Karnataka,2023-03-29,Regular,Google Ads
2221,Krish,Reddy,Male,47,Indore,Madhya Pradesh,2024-04-09,Budget,Email
2222,Ananya,Agarwal,Male,35,Pune,Maharashtra,2024-05-08,Budget,Facebook
2223,Diya,Shah,Female,43,Mumbai,Maharashtra,2023-05-16,Budget,YouTube
2224,Kavya,Mishra,Female,37,Ahmedabad,Gujarat,2025-09-04,Premium,Organic Search
2225,Kavya,Desai,Female,55,Bengaluru,Karnataka,2023-07-06,Regular,Instagram
2226,Tanya,Trivedi,Female,58,Rajkot,Gujarat,2024-06-25,Budget,Instagram
2227,Riya,Reddy,Male,48,Lucknow,Uttar Pradesh,2024-08-01,Premium,YouTube
2228,Aarav,Thakkar,Male,25,Hyderabad,Telangana,2025-07-18,Budget,YouTube
2229,Dev,Desai,Female,40,Ahmedabad,Gujarat,2025-03-21,Regular,Email
2230,Kabir,Sharma,Male,42,Ahmedabad,Gujarat,2024-02-16,Regular,Facebook
2231,Aanya,Shah,Male,18,Jaipur,Rajasthan,2023-08-05,Regular,YouTube
2232,Tanya,Shah,Female,35,Pune,Maharashtra,2024-10-31,Regular,Instagram
2233,Aarav,Joshi,Male,36,Mumbai,Maharashtra,2025-12-30,Budget,Facebook
2234,Vivaan,Desai,Female,59,Rajkot,Gujarat,2025-04-09,Budget,YouTube
2235,Aarav,Agarwal,Female,23,Indore,Madhya Pradesh,2023-10-12,Regular,Facebook
2236,Aarav,Agarwal,Female,34,Mumbai,Maharashtra,2025-06-01,Budget,Email
2237,Aryan,Kapoor,Female,25,Bengaluru,Karnataka,2025-02-08,Premium,Referral
2238,Raj,Shah,Female,59,Rajkot,Gujarat,2024-07-22,Regular,Organic Search
2239,Aarav,Mishra,Female,26,Mumbai,Maharashtra,2025-08-10,Regular,YouTube
2240,Raj,Soni,Male,54,Bengaluru,Karnataka,2024-07-14,Budget,YouTube
2241,Riya,Singh,Male,44,Nagpur,Maharashtra,2024-11-27,Premium,Organic Search
2242,Simran,Singh,Male,53,Rajkot,Gujarat,2024-12-11,Regular,Facebook
2243,Kavya,Gupta,Female,23,Lucknow,Uttar Pradesh,2024-06-13,Regular,YouTube
2244,Karan,Mishra,Female,23,Hyderabad,Telangana,2024-05-03,Regular,Facebook
2245,Vivaan,Mehta,Female,21,Chennai,Tamil Nadu,2023-01-27,Regular,Referral
2246,Rahul,Pandya,Male,39,Hyderabad,Telangana,2025-12-13,Regular,Facebook
2247,Karan,Soni,Male,57,Bengaluru,Karnataka,2024-05-18,Regular,YouTube
2248,Simran,Patel,Female,44,Surat,Gujarat,2023-06-01,Regular,Instagram
2249,Krish,Trivedi,Female,54,Delhi,Delhi,2025-01-06,Regular,Organic Search
2250,Simran,Thakkar,Female,19,Bengaluru,Karnataka,2024-04-23,Budget,Email
2251,Aanya,Mishra,Female,26,Vadodara,Gujarat,2025-04-10,Budget,Facebook
2252,Ananya,Mishra,Female,28,Pune,Maharashtra,2025-04-29,Budget,Instagram
2253,Vivaan,Shah,Male,37,Bengaluru,Karnataka,2024-07-07,Budget,Facebook
2254,Dev,Patel,Female,60,Delhi,Delhi,2023-10-14,Premium,Instagram
2255,Sneha,Shah,Female,56,Ahmedabad,Gujarat,2024-03-30,Regular,YouTube
2256,Yash,Joshi,Female,31,Delhi,Delhi,2024-09-18,VIP,Email
2257,Isha,Mehta,Female,43,Rajkot,Gujarat,2023-07-31,Regular,Organic Search
2258,Kabir,Sharma,Male,55,Pune,Maharashtra,2023-12-29,Regular,Instagram
2259,Ishaan,Mishra,Female,47,Lucknow,Uttar Pradesh,2024-08-20,Regular,Google Ads
2260,Aditya,Pandya,Female,53,Indore,Madhya Pradesh,2023-05-13,Regular,Facebook
2261,Nisha,Sharma,Female,55,Nagpur,Maharashtra,2023-10-04,Regular,Instagram
2262,Rahul,Shah,Male,52,Hyderabad,Telangana,2024-08-27,Regular,Email
2263,Aryan,Joshi,Female,23,Vadodara,Gujarat,2024-10-18,Regular,Email
2264,Rahul,Trivedi,Male,20,Indore,Madhya Pradesh,2024-10-28,Premium,Email
2265,Aryan,Verma,Female,18,Lucknow,Uttar Pradesh,2023-05-16,Regular,Organic Search
2266,Karan,Malhotra,Female,35,Bengaluru,Karnataka,2025-02-03,VIP,Referral
2267,Aryan,Soni,Female,40,Ahmedabad,Gujarat,2024-03-03,Premium,Instagram
2268,Aanya,Parmar,Female,49,Surat,Gujarat,2025-04-09,Regular,Instagram
2269,Yash,Patel,Female,46,Lucknow,Uttar Pradesh,2025-11-18,Budget,YouTube
2270,Kabir,Joshi,Female,40,Chennai,Tamil Nadu,2024-08-17,Budget,Organic Search
2271,Kabir,Shah,Female,53,Lucknow,Uttar Pradesh,2025-07-08,Budget,Google Ads
2272,Aanya,Joshi,Female,23,Jaipur,Rajasthan,2025-11-23,Budget,Referral
2273,Tanya,Desai,Female,34,Nagpur,Maharashtra,2024-05-18,Regular,Instagram
2274,Riya,Patel,Male,35,Lucknow,Uttar Pradesh,2023-04-14,Budget,Referral
2275,Ananya,Shah,Male,48,Hyderabad,Telangana,2024-05-08,Regular,YouTube
2276,Nisha,Parmar,Male,23,Indore,Madhya Pradesh,2024-01-23,Budget,Organic Search
2277,Karan,Sharma,Male,51,Hyderabad,Telangana,2025-01-04,Regular,Facebook
2278,Ishaan,Shah,Female,44,Jaipur,Rajasthan,2025-06-23,Budget,Google Ads
2279,Riya,Shah,Female,53,Bengaluru,Karnataka,2023-11-29,Premium,Referral
2280,Diya,Verma,Male,59,Pune,Maharashtra,2024-01-12,Premium,Email
2281,Arjun,Soni,Male,42,Pune,Maharashtra,2023-08-28,Regular,Google Ads
2282,Rahul,Agarwal,Male,27,Indore,Madhya Pradesh,2024-12-30,Premium,Facebook
2283,Simran,Mishra,Male,56,Vadodara,Gujarat,2023-07-01,Budget,Organic Search
2284,Kavya,Pandya,Female,56,Pune,Maharashtra,2025-01-13,Premium,Organic Search
2285,Simran,Soni,Male,29,Kolkata,West Bengal,2025-04-20,Regular,Instagram
2286,Aditya,Singh,Female,28,Rajkot,Gujarat,2025-12-04,Regular,Instagram
2287,Aryan,Reddy,Female,60,Ahmedabad,Gujarat,2025-10-05,Budget,Referral
2288,Tanya,Shah,Female,20,Surat,Gujarat,2025-04-07,Budget,YouTube
2289,Dev,Singh,Male,39,Rajkot,Gujarat,2024-08-20,Premium,Instagram
2290,Krish,Gupta,Male,21,Nagpur,Maharashtra,2025-10-13,Regular,Instagram
2291,Ishaan,Mehta,Female,25,Surat,Gujarat,2023-07-20,Budget,Google Ads
2292,Aanya,Thakkar,Male,31,Rajkot,Gujarat,2023-12-09,Regular,Facebook
2293,Kavya,Gupta,Male,37,Delhi,Delhi,2024-09-22,Budget,Email
2294,Yash,Singh,Female,41,Nagpur,Maharashtra,2023-10-25,Budget,Email
2295,Sneha,Thakkar,Female,31,Kolkata,West Bengal,2024-11-28,Premium,YouTube
2296,Yash,Agarwal,Male,45,Nagpur,Maharashtra,2024-12-13,Regular,Organic Search
2297,Raj,Pandya,Female,33,Rajkot,Gujarat,2025-07-18,Regular,Organic Search
2298,Pooja,Kapoor,Male,49,Jaipur,Rajasthan,2025-02-16,Premium,Facebook
2299,Raj,Mehta,Male,29,Mumbai,Maharashtra,2024-01-14,Regular,Google Ads
2300,Meera,Patel,Female,33,Vadodara,Gujarat,2025-01-17,Regular,Organic Search
2301,Simran,Shah,Female,36,Bengaluru,Karnataka,2024-12-06,Budget,Email
2302,Meera,Pandya,Male,22,Indore,Madhya Pradesh,2024-01-02,Regular,Organic Search
2303,Sneha,Gupta,Female,29,Kolkata,West Bengal,2025-02-09,Regular,YouTube
2304,Krish,Mishra,Male,46,Pune,Maharashtra,2025-12-30,Budget,Instagram
2305,Arjun,Patel,Female,22,Ahmedabad,Gujarat,2025-11-17,Regular,Instagram
2306,Raj,Sharma,Male,59,Hyderabad,Telangana,2023-12-15,Premium,Organic Search
2307,Kabir,Agarwal,Female,34,Indore,Madhya Pradesh,2023-04-03,Regular,Referral
2308,Sneha,Thakkar,Male,25,Jaipur,Rajasthan,2023-05-21,Premium,Google Ads
2309,Priya,Malhotra,Male,57,Jaipur,Rajasthan,2023-12-21,Budget,Email
2310,Sneha,Kumar,Female,57,Rajkot,Gujarat,2025-12-28,Budget,Referral
2311,Meera,Shah,Male,47,Ahmedabad,Gujarat,2024-08-04,Regular,Referral
2312,Yash,Sharma,Male,27,Bengaluru,Karnataka,2025-06-01,Budget,Referral
2313,Aanya,Soni,Male,37,Ahmedabad,Gujarat,2023-05-04,Budget,Instagram
2314,Rahul,Verma,Male,33,Chennai,Tamil Nadu,2024-08-25,Budget,YouTube
2315,Aanya,Singh,Male,58,Delhi,Delhi,2025-08-31,Premium,Organic Search
2316,Meera,Joshi,Female,33,Mumbai,Maharashtra,2023-11-01,Budget,YouTube
2317,Kavya,Gupta,Male,59,Indore,Madhya Pradesh,2025-03-13,Budget,Email
2318,Rohan,Shah,Male,20,Kolkata,West Bengal,2025-07-25,Budget,Referral
2319,Neha,Patel,Male,40,Jaipur,Rajasthan,2023-12-31,Premium,Google Ads
2320,Aryan,Thakkar,Female,39,Nagpur,Maharashtra,2025-09-18,Regular,YouTube
2321,Nisha,Kapoor,Female,45,Chennai,Tamil Nadu,2023-09-23,Budget,Facebook
2322,Aditya,Soni,Male,53,Hyderabad,Telangana,2023-03-25,Premium,YouTube
2323,Tanya,Singh,Male,21,Surat,Gujarat,2025-05-02,Premium,Google Ads
2324,Dev,Gupta,Female,55,Lucknow,Uttar Pradesh,2025-01-18,Regular,Referral
2325,Meera,Singh,Female,41,Rajkot,Gujarat,2023-05-31,Budget,YouTube
2326,Aditya,Desai,Male,36,Hyderabad,Telangana,2024-11-16,Regular,Referral
2327,Kavya,Trivedi,Female,28,Jaipur,Rajasthan,2023-05-20,Premium,Instagram
2328,Ananya,Desai,Male,57,Pune,Maharashtra,2023-02-24,Budget,Google Ads
2329,Aarav,Parmar,Male,57,Pune,Maharashtra,2023-03-15,Budget,Instagram
2330,Karan,Soni,Male,56,Mumbai,Maharashtra,2025-09-23,Budget,Instagram
2331,Yash,Mehta,Female,35,Hyderabad,Telangana,2025-06-26,Regular,Email
2332,Isha,Thakkar,Male,29,Indore,Madhya Pradesh,2025-04-08,Regular,Organic Search
2333,Priya,Pandya,Male,31,Vadodara,Gujarat,2024-10-03,Budget,Referral
2334,Simran,Parmar,Female,35,Vadodara,Gujarat,2025-01-13,Budget,Referral
2335,Neha,Verma,Male,59,Vadodara,Gujarat,2023-01-26,Premium,Referral
2336,Riya,Trivedi,Male,29,Hyderabad,Telangana,2024-03-10,Premium,Referral
2337,Rohan,Joshi,Male,57,Hyderabad,Telangana,2023-03-03,Premium,Organic Search
2338,Arjun,Mishra,Female,44,Bengaluru,Karnataka,2024-05-04,Premium,Google Ads
2339,Tanya,Shah,Female,23,Rajkot,Gujarat,2024-05-07,Regular,Instagram
2340,Yash,Mishra,Male,41,Nagpur,Maharashtra,2024-11-09,Budget,Email
2341,Riya,Parmar,Female,50,Chennai,Tamil Nadu,2024-04-12,Regular,Email
2342,Tanya,Kapoor,Male,33,Nagpur,Maharashtra,2024-10-12,Regular,Instagram
2343,Neha,Mehta,Male,29,Jaipur,Rajasthan,2024-03-23,Regular,Instagram
2344,Aanya,Joshi,Female,48,Ahmedabad,Gujarat,2023-07-27,Regular,Facebook
2345,Isha,Sharma,Female,54,Delhi,Delhi,2025-09-28,Premium,Google Ads
2346,Meera,Shah,Male,30,Surat,Gujarat,2023-01-10,Budget,Email
2347,Aryan,Reddy,Female,25,Nagpur,Maharashtra,2025-02-25,Budget,Google Ads
2348,Arjun,Kumar,Female,55,Nagpur,Maharashtra,2023-01-04,Regular,Referral
2349,Simran,Verma,Female,20,Jaipur,Rajasthan,2024-04-11,Premium,Email
2350,Priya,Desai,Male,37,Indore,Madhya Pradesh,2023-09-16,Premium,YouTube
2351,Vivaan,Patel,Male,21,Pune,Maharashtra,2024-12-21,Regular,YouTube
2352,Arjun,Thakkar,Female,19,Hyderabad,Telangana,2023-10-14,Budget,Email
2353,Vivaan,Soni,Male,53,Kolkata,West Bengal,2023-01-31,Regular,Facebook
2354,Ananya,Soni,Male,40,Jaipur,Rajasthan,2024-06-04,Premium,YouTube
2355,Vivaan,Kapoor,Female,36,Kolkata,West Bengal,2024-12-16,Regular,Organic Search
2356,Arjun,Shah,Male,57,Delhi,Delhi,2023-05-04,Regular,Referral
2357,Rahul,Singh,Female,25,Surat,Gujarat,2025-07-10,Budget,Referral
2358,Karan,Agarwal,Male,33,Ahmedabad,Gujarat,2023-05-10,Budget,Organic Search
2359,Dev,Parmar,Male,60,Rajkot,Gujarat,2025-01-15,Regular,Google Ads
2360,Meera,Kumar,Female,35,Lucknow,Uttar Pradesh,2024-05-30,Premium,Instagram
2361,Meera,Agarwal,Male,53,Vadodara,Gujarat,2025-02-12,VIP,Google Ads
2362,Simran,Soni,Female,41,Lucknow,Uttar Pradesh,2025-08-08,Premium,Referral
2363,Kavya,Shah,Male,18,Pune,Maharashtra,2023-03-18,Regular,Google Ads
2364,Yash,Agarwal,Male,18,Chennai,Tamil Nadu,2024-01-01,Regular,Referral
2365,Aditya,Thakkar,Male,53,Mumbai,Maharashtra,2023-10-19,Premium,Google Ads
2366,Raj,Gupta,Female,28,Ahmedabad,Gujarat,2023-06-06,Budget,Referral
2367,Aanya,Gupta,Male,35,Bengaluru,Karnataka,2025-06-26,VIP,Email
2368,Kabir,Gupta,Male,33,Delhi,Delhi,2025-07-06,Regular,Email
2369,Priya,Trivedi,Female,34,Bengaluru,Karnataka,2023-04-20,VIP,Google Ads
2370,Ananya,Reddy,Female,41,Ahmedabad,Gujarat,2023-05-18,Premium,Instagram
2371,Aarav,Mishra,Male,51,Mumbai,Maharashtra,2025-10-16,Budget,Facebook
2372,Aditya,Verma,Female,21,Ahmedabad,Gujarat,2023-03-05,Budget,Referral
2373,Simran,Agarwal,Female,52,Delhi,Delhi,2024-05-21,Regular,Facebook
2374,Kabir,Pandya,Female,32,Bengaluru,Karnataka,2025-04-19,Budget,YouTube
2375,Arjun,Shah,Female,19,Lucknow,Uttar Pradesh,2025-10-11,Regular,Organic Search
2376,Diya,Shah,Male,48,Ahmedabad,Gujarat,2025-09-03,Regular,YouTube
2377,Sneha,Reddy,Female,26,Hyderabad,Telangana,2025-02-27,Regular,Instagram
2378,Dev,Desai,Male,27,Mumbai,Maharashtra,2023-12-16,Budget,Organic Search
2379,Yash,Gupta,Male,42,Surat,Gujarat,2023-05-27,VIP,Organic Search
2380,Krish,Joshi,Male,22,Vadodara,Gujarat,2025-05-11,Regular,Google Ads
2381,Krish,Agarwal,Female,31,Lucknow,Uttar Pradesh,2024-02-11,Premium,Referral
2382,Vivaan,Pandya,Female,59,Rajkot,Gujarat,2023-12-10,Budget,Email
2383,Sneha,Trivedi,Male,55,Pune,Maharashtra,2024-10-13,Premium,YouTube
2384,Rohan,Pandya,Male,57,Kolkata,West Bengal,2024-12-05,Budget,Organic Search
2385,Rohan,Shah,Female,19,Vadodara,Gujarat,2025-02-09,Regular,Organic Search
2386,Rahul,Thakkar,Female,35,Lucknow,Uttar Pradesh,2023-02-08,Regular,Google Ads
2387,Raj,Verma,Male,46,Bengaluru,Karnataka,2023-10-14,Premium,Facebook
2388,Aryan,Mehta,Female,37,Pune,Maharashtra,2025-08-25,Regular,Instagram
2389,Kavya,Joshi,Female,25,Jaipur,Rajasthan,2025-06-09,Budget,Email
2390,Tanya,Verma,Male,54,Mumbai,Maharashtra,2024-10-23,Premium,Email
2391,Ananya,Thakkar,Female,43,Vadodara,Gujarat,2025-10-25,Regular,YouTube
2392,Krish,Pandya,Female,54,Vadodara,Gujarat,2023-08-24,Budget,Google Ads
2393,Neha,Pandya,Male,21,Mumbai,Maharashtra,2023-08-24,Regular,Email
2394,Karan,Shah,Female,50,Hyderabad,Telangana,2025-08-26,Budget,Facebook
2395,Pooja,Malhotra,Male,39,Hyderabad,Telangana,2024-05-15,Budget,Facebook
2396,Riya,Pandya,Female,23,Delhi,Delhi,2023-08-27,Regular,Instagram
2397,Vivaan,Sharma,Male,50,Vadodara,Gujarat,2025-04-08,Budget,Instagram
2398,Karan,Agarwal,Female,45,Jaipur,Rajasthan,2023-02-21,Regular,Facebook
2399,Rahul,Agarwal,Male,41,Lucknow,Uttar Pradesh,2023-04-18,Regular,Facebook
2400,Isha,Malhotra,Female,21,Ahmedabad,Gujarat,2025-11-22,Premium,Google Ads
2401,Nisha,Desai,Female,19,Vadodara,Gujarat,2023-01-22,Premium,Email
2402,Pooja,Gupta,Female,30,Delhi,Delhi,2023-11-03,Budget,Google Ads
2403,Pooja,Sharma,Male,28,Kolkata,West Bengal,2023-01-11,Premium,Instagram
2404,Tanya,Kapoor,Female,52,Kolkata,West Bengal,2024-07-15,Premium,Instagram
2405,Vivaan,Kumar,Male,56,Bengaluru,Karnataka,2023-07-17,Regular,Instagram
2406,Aditya,Agarwal,Female,27,Kolkata,West Bengal,2025-12-03,VIP,Organic Search
2407,Rohan,Desai,Female,60,Rajkot,Gujarat,2024-01-24,Regular,Email
2408,Rohan,Agarwal,Female,27,Surat,Gujarat,2024-07-04,Premium,YouTube
2409,Aarav,Soni,Female,25,Lucknow,Uttar Pradesh,2024-05-10,Regular,Instagram
2410,Kabir,Agarwal,Female,22,Kolkata,West Bengal,2024-05-19,Regular,Instagram
2411,Yash,Reddy,Female,40,Ahmedabad,Gujarat,2023-05-17,Regular,Google Ads
2412,Neha,Trivedi,Male,51,Delhi,Delhi,2025-09-15,Regular,Google Ads
2413,Arjun,Joshi,Male,49,Ahmedabad,Gujarat,2023-06-13,Budget,YouTube
2414,Raj,Mishra,Female,33,Nagpur,Maharashtra,2025-05-01,Budget,Referral
2415,Sneha,Verma,Female,21,Mumbai,Maharashtra,2025-11-12,Regular,YouTube
2416,Ananya,Joshi,Female,45,Bengaluru,Karnataka,2024-12-11,Regular,YouTube
2417,Ishaan,Reddy,Female,31,Delhi,Delhi,2024-05-21,Regular,YouTube
2418,Dev,Gupta,Female,29,Lucknow,Uttar Pradesh,2024-11-16,Regular,Google Ads
2419,Aditya,Mehta,Male,38,Nagpur,Maharashtra,2024-12-08,Budget,Instagram
2420,Kavya,Mehta,Female,33,Rajkot,Gujarat,2023-05-22,Regular,Google Ads
2421,Krish,Shah,Female,19,Hyderabad,Telangana,2023-10-08,Premium,Organic Search
2422,Diya,Pandya,Male,40,Vadodara,Gujarat,2025-08-24,Premium,Facebook
2423,Dev,Reddy,Male,46,Vadodara,Gujarat,2023-10-29,Regular,Facebook
2424,Dev,Gupta,Male,60,Pune,Maharashtra,2024-02-01,VIP,Referral
2425,Yash,Gupta,Female,26,Pune,Maharashtra,2023-11-14,Premium,Instagram
2426,Aryan,Pandya,Female,24,Surat,Gujarat,2025-06-26,Budget,YouTube
2427,Aarav,Pandya,Female,46,Chennai,Tamil Nadu,2025-05-29,Regular,Instagram
2428,Rohan,Sharma,Female,34,Chennai,Tamil Nadu,2025-05-07,Budget,Facebook
2429,Riya,Parmar,Female,26,Jaipur,Rajasthan,2025-12-07,Regular,Referral
2430,Kabir,Mishra,Male,23,Kolkata,West Bengal,2024-11-03,Premium,Instagram
2431,Ishaan,Trivedi,Female,37,Delhi,Delhi,2025-09-01,Budget,YouTube
2432,Yash,Patel,Female,27,Mumbai,Maharashtra,2024-11-07,Premium,Organic Search
2433,Aarav,Kapoor,Female,26,Ahmedabad,Gujarat,2024-01-14,Regular,Organic Search
2434,Pooja,Mehta,Male,29,Nagpur,Maharashtra,2023-08-05,Regular,Organic Search
2435,Kavya,Joshi,Female,50,Surat,Gujarat,2025-04-28,Budget,Referral
2436,Riya,Kapoor,Female,49,Hyderabad,Telangana,2025-05-17,Budget,Referral
2437,Tanya,Mehta,Female,51,Lucknow,Uttar Pradesh,2024-03-09,Regular,Google Ads
2438,Pooja,Sharma,Female,36,Lucknow,Uttar Pradesh,2025-01-25,Premium,YouTube
2439,Ishaan,Pandya,Male,50,Bengaluru,Karnataka,2025-07-30,Premium,Google Ads
2440,Rohan,Mishra,Male,33,Delhi,Delhi,2024-12-07,Regular,Organic Search
2441,Ananya,Singh,Male,40,Rajkot,Gujarat,2024-08-21,Budget,Facebook
2442,Rohan,Mishra,Female,43,Rajkot,Gujarat,2023-08-24,Budget,Organic Search
2443,Yash,Agarwal,Male,58,Mumbai,Maharashtra,2023-04-10,Premium,Email
2444,Rohan,Gupta,Male,54,Mumbai,Maharashtra,2025-01-08,Budget,Instagram
2445,Isha,Patel,Female,26,Rajkot,Gujarat,2023-04-29,Regular,Email
2446,Isha,Joshi,Female,47,Bengaluru,Karnataka,2024-12-08,Regular,YouTube
2447,Neha,Trivedi,Male,30,Ahmedabad,Gujarat,2023-03-29,Regular,Google Ads
2448,Yash,Parmar,Male,59,Hyderabad,Telangana,2023-02-05,Regular,YouTube
2449,Neha,Trivedi,Male,33,Surat,Gujarat,2023-11-10,Premium,YouTube
2450,Tanya,Gupta,Male,19,Rajkot,Gujarat,2024-07-04,Premium,Facebook
2451,Ananya,Soni,Female,48,Pune,Maharashtra,2024-03-02,Premium,YouTube
2452,Ananya,Patel,Female,60,Surat,Gujarat,2024-05-31,Regular,Instagram
2453,Rahul,Pandya,Male,36,Jaipur,Rajasthan,2024-10-14,Budget,Facebook
2454,Yash,Kumar,Male,28,Mumbai,Maharashtra,2023-01-09,VIP,Email
2455,Nisha,Mishra,Male,31,Jaipur,Rajasthan,2023-02-26,Budget,YouTube
2456,Riya,Verma,Female,42,Jaipur,Rajasthan,2023-10-10,Regular,Email
2457,Aanya,Shah,Female,24,Surat,Gujarat,2024-04-05,Budget,Instagram
2458,Krish,Trivedi,Female,32,Jaipur,Rajasthan,2024-08-16,Regular,Instagram
2459,Vivaan,Reddy,Male,47,Surat,Gujarat,2025-07-18,Regular,Instagram
2460,Aryan,Parmar,Female,48,Surat,Gujarat,2023-03-06,Premium,Organic Search
2461,Rohan,Mishra,Male,41,Bengaluru,Karnataka,2025-05-04,VIP,Email
2462,Riya,Gupta,Male,42,Pune,Maharashtra,2025-03-12,Regular,Email
2463,Simran,Sharma,Female,25,Kolkata,West Bengal,2023-05-16,Budget,Google Ads
2464,Aarav,Joshi,Male,47,Indore,Madhya Pradesh,2025-01-31,Regular,Facebook
2465,Sneha,Joshi,Female,53,Kolkata,West Bengal,2025-10-06,Regular,Referral
2466,Aditya,Trivedi,Female,31,Ahmedabad,Gujarat,2025-12-07,VIP,YouTube
2467,Rahul,Gupta,Male,46,Surat,Gujarat,2024-09-03,Budget,Facebook
2468,Rohan,Desai,Male,44,Ahmedabad,Gujarat,2025-04-29,Budget,Instagram
2469,Priya,Thakkar,Female,53,Surat,Gujarat,2023-04-27,Regular,YouTube
2470,Nisha,Agarwal,Female,51,Hyderabad,Telangana,2025-02-17,Premium,Google Ads
2471,Rohan,Patel,Female,38,Chennai,Tamil Nadu,2025-03-30,Regular,Facebook
2472,Aarav,Singh,Female,55,Mumbai,Maharashtra,2025-10-19,Budget,Instagram
2473,Isha,Agarwal,Female,28,Mumbai,Maharashtra,2024-04-23,Regular,YouTube
2474,Meera,Joshi,Female,50,Pune,Maharashtra,2024-06-19,Regular,Organic Search
2475,Krish,Malhotra,Female,32,Jaipur,Rajasthan,2024-05-08,Budget,YouTube
2476,Yash,Mishra,Male,29,Pune,Maharashtra,2024-02-09,Premium,Instagram
2477,Dev,Mishra,Female,41,Kolkata,West Bengal,2023-04-06,Budget,Email
2478,Riya,Mishra,Male,54,Kolkata,West Bengal,2023-09-11,Regular,Organic Search
2479,Priya,Malhotra,Male,28,Pune,Maharashtra,2024-02-18,Regular,Facebook
2480,Aanya,Kapoor,Female,36,Kolkata,West Bengal,2024-08-06,Budget,Organic Search
2481,Neha,Verma,Female,18,Nagpur,Maharashtra,2024-07-29,Premium,YouTube
2482,Nisha,Kumar,Female,34,Kolkata,West Bengal,2023-08-31,Regular,Email
2483,Ishaan,Pandya,Female,57,Nagpur,Maharashtra,2024-09-30,Budget,Google Ads
2484,Vivaan,Parmar,Female,33,Pune,Maharashtra,2023-02-08,Premium,YouTube
2485,Pooja,Singh,Male,43,Pune,Maharashtra,2023-12-19,Regular,YouTube
2486,Aanya,Shah,Male,60,Bengaluru,Karnataka,2024-03-01,Regular,Organic Search
2487,Pooja,Joshi,Female,60,Ahmedabad,Gujarat,2025-09-08,Premium,Google Ads
2488,Karan,Mishra,Female,32,Jaipur,Rajasthan,2024-05-24,Premium,Google Ads
2489,Neha,Shah,Female,25,Mumbai,Maharashtra,2023-05-20,Regular,Referral
2490,Ananya,Verma,Female,47,Ahmedabad,Gujarat,2023-09-09,Budget,Referral
2491,Ishaan,Mehta,Male,31,Hyderabad,Telangana,2024-10-30,Budget,YouTube
2492,Aanya,Mehta,Male,50,Pune,Maharashtra,2023-11-13,Premium,Instagram
2493,Sneha,Sharma,Male,59,Rajkot,Gujarat,2024-02-24,Premium,Google Ads
2494,Yash,Parmar,Female,24,Nagpur,Maharashtra,2025-05-28,Budget,Email
2495,Rahul,Mehta,Female,35,Ahmedabad,Gujarat,2025-01-18,Budget,Google Ads
2496,Riya,Malhotra,Female,29,Chennai,Tamil Nadu,2025-06-16,Premium,YouTube
2497,Sneha,Verma,Male,19,Chennai,Tamil Nadu,2025-11-18,Regular,YouTube
2498,Raj,Mehta,Male,46,Delhi,Delhi,2025-11-30,Budget,Facebook
2499,Riya,Sharma,Male,38,Kolkata,West Bengal,2024-06-24,Budget,Email
2500,Diya,Pandya,Female,24,Nagpur,Maharashtra,2024-07-23,Regular,Facebook
2501,Aanya,Kumar,Male,44,Hyderabad,Telangana,2024-12-23,VIP,Google Ads
2502,Dev,Kumar,Female,29,Bengaluru,Karnataka,2025-09-27,VIP,Facebook
2503,Tanya,Trivedi,Male,37,Surat,Gujarat,2025-05-25,Regular,YouTube
2504,Sneha,Desai,Female,31,Surat,Gujarat,2023-07-08,VIP,Organic Search
2505,Kabir,Verma,Female,27,Surat,Gujarat,2024-03-25,Budget,Instagram
2506,Aanya,Shah,Female,58,Vadodara,Gujarat,2023-04-04,Premium,Google Ads
2507,Priya,Singh,Female,40,Lucknow,Uttar Pradesh,2023-10-10,Budget,YouTube
2508,Aarav,Thakkar,Male,47,Nagpur,Maharashtra,2024-07-23,Premium,Google Ads
2509,Sneha,Mehta,Male,48,Delhi,Delhi,2023-01-25,Regular,Facebook
2510,Kabir,Parmar,Male,27,Ahmedabad,Gujarat,2023-09-17,Budget,Facebook
2511,Rahul,Kumar,Female,36,Lucknow,Uttar Pradesh,2024-05-11,Premium,Referral
2512,Rohan,Malhotra,Male,36,Mumbai,Maharashtra,2023-04-25,Budget,Google Ads
2513,Ananya,Shah,Female,40,Mumbai,Maharashtra,2024-03-27,VIP,Referral
2514,Kavya,Gupta,Male,58,Nagpur,Maharashtra,2024-11-30,Budget,Google Ads
2515,Ananya,Kumar,Male,49,Lucknow,Uttar Pradesh,2025-02-10,Budget,Facebook
2516,Vivaan,Thakkar,Female,37,Rajkot,Gujarat,2024-01-20,Premium,Google Ads
2517,Aarav,Mishra,Female,21,Pune,Maharashtra,2024-09-04,Regular,Referral
2518,Sneha,Agarwal,Female,50,Bengaluru,Karnataka,2025-09-15,Regular,Facebook
2519,Sneha,Parmar,Male,18,Mumbai,Maharashtra,2023-08-07,Budget,Referral
2520,Simran,Shah,Female,30,Rajkot,Gujarat,2025-05-29,Regular,Google Ads
2521,Ishaan,Soni,Male,20,Nagpur,Maharashtra,2024-07-10,Regular,Organic Search
2522,Dev,Mishra,Male,29,Jaipur,Rajasthan,2025-12-22,Regular,Instagram
2523,Aanya,Shah,Male,46,Chennai,Tamil Nadu,2023-12-16,Regular,Google Ads
2524,Aanya,Joshi,Female,48,Kolkata,West Bengal,2024-01-25,Regular,Google Ads
2525,Isha,Joshi,Male,58,Kolkata,West Bengal,2025-03-14,VIP,Organic Search
2526,Simran,Kapoor,Female,53,Mumbai,Maharashtra,2024-01-12,Regular,YouTube
2527,Kabir,Kapoor,Female,19,Nagpur,Maharashtra,2025-05-20,Regular,Instagram
2528,Ananya,Verma,Male,39,Pune,Maharashtra,2023-03-07,Regular,Facebook
2529,Kabir,Parmar,Male,39,Delhi,Delhi,2025-01-15,Regular,Facebook
2530,Isha,Sharma,Male,58,Surat,Gujarat,2023-01-08,Budget,Email
2531,Yash,Soni,Male,48,Jaipur,Rajasthan,2023-01-27,Regular,Instagram
2532,Nisha,Thakkar,Female,31,Jaipur,Rajasthan,2023-10-17,Premium,Instagram
2533,Kabir,Malhotra,Female,46,Hyderabad,Telangana,2023-01-28,Premium,Google Ads
2534,Pooja,Parmar,Female,52,Lucknow,Uttar Pradesh,2024-04-11,Regular,YouTube
2535,Krish,Thakkar,Female,26,Bengaluru,Karnataka,2023-04-18,Regular,Organic Search
2536,Arjun,Gupta,Female,49,Kolkata,West Bengal,2025-06-09,Regular,Facebook
2537,Aarav,Mishra,Female,44,Pune,Maharashtra,2024-03-14,Regular,Organic Search
2538,Aarav,Kapoor,Female,27,Delhi,Delhi,2023-07-22,Premium,Organic Search
2539,Meera,Kapoor,Female,42,Lucknow,Uttar Pradesh,2025-02-15,Regular,Facebook
2540,Diya,Singh,Female,50,Rajkot,Gujarat,2025-09-16,Budget,Organic Search
2541,Krish,Agarwal,Male,28,Indore,Madhya Pradesh,2023-10-28,Regular,YouTube
2542,Priya,Joshi,Male,54,Kolkata,West Bengal,2024-03-13,Regular,Referral
2543,Diya,Desai,Female,26,Indore,Madhya Pradesh,2025-10-31,Budget,YouTube
2544,Rohan,Patel,Female,24,Indore,Madhya Pradesh,2025-04-16,Budget,Referral
2545,Aryan,Mishra,Male,24,Vadodara,Gujarat,2024-08-29,Premium,Referral
2546,Simran,Mishra,Male,51,Hyderabad,Telangana,2024-10-03,Regular,Instagram
2547,Tanya,Thakkar,Male,36,Pune,Maharashtra,2023-04-20,Premium,Referral
2548,Vivaan,Pandya,Female,37,Ahmedabad,Gujarat,2024-10-04,Budget,YouTube
2549,Aanya,Thakkar,Male,59,Delhi,Delhi,2024-12-03,Budget,YouTube
2550,Rahul,Shah,Male,42,Chennai,Tamil Nadu,2025-03-11,Budget,Google Ads
2551,Aryan,Verma,Male,22,Delhi,Delhi,2025-05-19,Regular,Instagram
2552,Aarav,Agarwal,Male,46,Ahmedabad,Gujarat,2025-07-07,Regular,Referral
2553,Aryan,Patel,Male,44,Kolkata,West Bengal,2025-04-28,Premium,Email
2554,Pooja,Verma,Female,42,Chennai,Tamil Nadu,2024-05-21,Regular,Email
2555,Diya,Desai,Male,54,Pune,Maharashtra,2023-06-26,VIP,Facebook
2556,Raj,Agarwal,Female,32,Vadodara,Gujarat,2024-10-29,Budget,YouTube
2557,Aryan,Kumar,Male,21,Surat,Gujarat,2024-05-25,Budget,Google Ads
2558,Priya,Trivedi,Male,31,Pune,Maharashtra,2023-04-19,Budget,YouTube
2559,Raj,Thakkar,Male,34,Hyderabad,Telangana,2025-05-21,Regular,Facebook
2560,Aryan,Kumar,Male,38,Chennai,Tamil Nadu,2025-12-31,Budget,YouTube
2561,Ishaan,Verma,Male,33,Lucknow,Uttar Pradesh,2024-05-03,Regular,Email
2562,Arjun,Parmar,Female,43,Delhi,Delhi,2025-01-02,Budget,Instagram
2563,Vivaan,Kumar,Female,26,Rajkot,Gujarat,2023-10-08,Budget,YouTube
2564,Rahul,Verma,Female,19,Vadodara,Gujarat,2025-06-21,Regular,Referral
2565,Krish,Gupta,Female,60,Indore,Madhya Pradesh,2024-02-22,Regular,Email
2566,Arjun,Patel,Female,32,Nagpur,Maharashtra,2025-01-23,Premium,Email
2567,Rahul,Agarwal,Female,52,Vadodara,Gujarat,2024-10-23,Premium,Facebook
2568,Meera,Desai,Female,41,Bengaluru,Karnataka,2024-11-18,Budget,Instagram
2569,Rahul,Thakkar,Male,55,Ahmedabad,Gujarat,2023-04-14,Premium,Facebook
2570,Vivaan,Verma,Female,31,Chennai,Tamil Nadu,2024-12-12,Regular,Google Ads
2571,Aanya,Kapoor,Male,54,Surat,Gujarat,2024-08-04,Regular,Referral
2572,Raj,Agarwal,Male,54,Mumbai,Maharashtra,2023-02-26,Budget,Instagram
2573,Aryan,Reddy,Female,23,Chennai,Tamil Nadu,2024-07-31,Regular,Google Ads
2574,Sneha,Joshi,Male,35,Hyderabad,Telangana,2025-12-17,Budget,Organic Search
2575,Meera,Thakkar,Male,39,Bengaluru,Karnataka,2023-04-27,Budget,Instagram
2576,Raj,Pandya,Female,35,Rajkot,Gujarat,2025-03-29,Budget,Email
2577,Ishaan,Gupta,Male,19,Mumbai,Maharashtra,2025-11-10,Regular,Organic Search
2578,Aarav,Patel,Female,49,Chennai,Tamil Nadu,2023-03-20,Regular,Google Ads
2579,Neha,Soni,Male,34,Chennai,Tamil Nadu,2024-07-12,Premium,Instagram
2580,Kavya,Reddy,Female,18,Pune,Maharashtra,2025-06-04,Regular,Instagram
2581,Karan,Patel,Male,26,Jaipur,Rajasthan,2023-04-18,VIP,Google Ads
2582,Pooja,Singh,Female,30,Delhi,Delhi,2025-03-09,Premium,Organic Search
2583,Priya,Shah,Male,53,Jaipur,Rajasthan,2024-11-18,Budget,Organic Search
2584,Ananya,Parmar,Female,54,Pune,Maharashtra,2023-03-11,Regular,Instagram
2585,Aarav,Reddy,Male,47,Mumbai,Maharashtra,2024-01-22,Regular,Facebook
2586,Yash,Gupta,Male,48,Jaipur,Rajasthan,2025-05-04,Regular,Organic Search
2587,Simran,Parmar,Female,40,Indore,Madhya Pradesh,2025-12-17,Regular,Facebook
2588,Karan,Gupta,Male,45,Ahmedabad,Gujarat,2023-09-02,Regular,Google Ads
2589,Ananya,Desai,Female,27,Ahmedabad,Gujarat,2025-12-04,Budget,Email
2590,Priya,Shah,Male,42,Nagpur,Maharashtra,2024-11-14,Regular,YouTube
2591,Meera,Singh,Male,53,Lucknow,Uttar Pradesh,2025-02-23,Budget,Google Ads
2592,Tanya,Kapoor,Female,43,Chennai,Tamil Nadu,2023-03-12,Budget,Referral
2593,Pooja,Pandya,Male,43,Delhi,Delhi,2023-04-18,Regular,Google Ads
2594,Aarav,Desai,Female,30,Kolkata,West Bengal,2024-12-22,Regular,Google Ads
2595,Isha,Pandya,Male,34,Chennai,Tamil Nadu,2023-10-29,Budget,Organic Search
2596,Isha,Soni,Male,57,Rajkot,Gujarat,2024-06-11,Regular,Referral
2597,Aditya,Agarwal,Male,21,Lucknow,Uttar Pradesh,2025-08-09,Regular,Referral
2598,Yash,Malhotra,Male,40,Chennai,Tamil Nadu,2023-09-13,Budget,Referral
2599,Rahul,Agarwal,Female,52,Ahmedabad,Gujarat,2025-08-11,Regular,Google Ads
2600,Simran,Verma,Female,28,Ahmedabad,Gujarat,2025-07-12,Budget,Facebook
2601,Ishaan,Mishra,Male,29,Vadodara,Gujarat,2024-07-15,Premium,Google Ads
2602,Aditya,Kumar,Male,26,Indore,Madhya Pradesh,2023-12-26,Regular,Email
2603,Kabir,Sharma,Female,32,Mumbai,Maharashtra,2023-10-23,Regular,YouTube
2604,Krish,Trivedi,Male,54,Mumbai,Maharashtra,2023-04-03,Premium,YouTube
2605,Krish,Pandya,Female,22,Rajkot,Gujarat,2025-05-10,Premium,Email
2606,Dev,Thakkar,Male,36,Pune,Maharashtra,2025-09-16,Premium,Google Ads
2607,Vivaan,Mishra,Male,28,Jaipur,Rajasthan,2024-04-28,Budget,Organic Search
2608,Krish,Malhotra,Female,26,Chennai,Tamil Nadu,2025-05-25,Budget,YouTube
2609,Aryan,Shah,Male,52,Indore,Madhya Pradesh,2023-12-07,Regular,Facebook
2610,Aditya,Agarwal,Female,44,Mumbai,Maharashtra,2023-11-26,Regular,YouTube
2611,Priya,Joshi,Female,30,Pune,Maharashtra,2025-03-09,Premium,Referral
2612,Simran,Mehta,Female,29,Pune,Maharashtra,2023-07-20,Regular,Email
2613,Kabir,Singh,Female,26,Kolkata,West Bengal,2025-01-12,Regular,YouTube
2614,Diya,Thakkar,Female,59,Jaipur,Rajasthan,2023-04-08,Regular,Email
2615,Vivaan,Joshi,Female,45,Kolkata,West Bengal,2025-04-18,Premium,Google Ads
2616,Rahul,Sharma,Male,30,Indore,Madhya Pradesh,2023-12-18,Budget,Organic Search
2617,Tanya,Kapoor,Female,37,Lucknow,Uttar Pradesh,2024-04-11,Premium,YouTube
2618,Priya,Mehta,Female,30,Mumbai,Maharashtra,2025-11-05,Regular,Email
2619,Simran,Mishra,Male,44,Bengaluru,Karnataka,2024-03-31,Premium,Facebook
2620,Pooja,Mishra,Female,43,Mumbai,Maharashtra,2023-09-15,Regular,Facebook
2621,Yash,Singh,Male,46,Hyderabad,Telangana,2023-03-03,Premium,Instagram
2622,Rohan,Patel,Female,46,Bengaluru,Karnataka,2024-04-26,Budget,YouTube
2623,Vivaan,Desai,Female,39,Nagpur,Maharashtra,2025-09-26,Premium,Google Ads
2624,Diya,Verma,Female,26,Chennai,Tamil Nadu,2024-09-26,Regular,Referral
2625,Rohan,Parmar,Male,41,Lucknow,Uttar Pradesh,2025-12-01,Regular,Instagram
2626,Ananya,Reddy,Male,59,Mumbai,Maharashtra,2025-12-11,Budget,YouTube
2627,Yash,Malhotra,Female,36,Jaipur,Rajasthan,2025-07-04,Regular,Facebook
2628,Arjun,Verma,Female,55,Indore,Madhya Pradesh,2023-11-08,Budget,Organic Search
2629,Ananya,Sharma,Male,48,Pune,Maharashtra,2024-08-01,Budget,Google Ads
2630,Ishaan,Kapoor,Male,56,Ahmedabad,Gujarat,2023-02-28,Budget,Facebook
2631,Diya,Thakkar,Male,32,Vadodara,Gujarat,2023-10-31,Budget,YouTube
2632,Sneha,Kapoor,Female,49,Nagpur,Maharashtra,2023-02-04,Regular,Referral
2633,Rahul,Mishra,Male,46,Rajkot,Gujarat,2024-10-09,Budget,Google Ads
2634,Krish,Shah,Male,51,Delhi,Delhi,2025-10-07,Budget,Google Ads
2635,Aanya,Thakkar,Male,26,Bengaluru,Karnataka,2024-05-07,Regular,Instagram
2636,Yash,Shah,Male,52,Delhi,Delhi,2024-05-05,Regular,Google Ads
2637,Nisha,Parmar,Male,23,Hyderabad,Telangana,2023-08-09,Regular,YouTube
2638,Ishaan,Singh,Male,54,Lucknow,Uttar Pradesh,2023-05-03,Regular,Referral
2639,Raj,Mehta,Male,31,Lucknow,Uttar Pradesh,2024-12-07,Regular,Referral
2640,Priya,Soni,Female,26,Hyderabad,Telangana,2025-06-05,Regular,Email
2641,Sneha,Gupta,Male,36,Surat,Gujarat,2024-05-08,Premium,Email
2642,Ishaan,Mehta,Female,40,Lucknow,Uttar Pradesh,2025-01-28,Budget,Google Ads
2643,Sneha,Desai,Female,58,Nagpur,Maharashtra,2024-09-24,Premium,Email
2644,Diya,Desai,Male,45,Rajkot,Gujarat,2023-11-26,Budget,Referral
2645,Ananya,Reddy,Female,33,Chennai,Tamil Nadu,2025-08-29,Regular,YouTube
2646,Priya,Shah,Female,43,Indore,Madhya Pradesh,2023-01-10,Regular,Instagram
2647,Tanya,Agarwal,Male,55,Jaipur,Rajasthan,2023-05-07,Budget,Facebook
2648,Ananya,Joshi,Female,57,Surat,Gujarat,2025-09-11,Regular,Facebook
2649,Pooja,Gupta,Male,42,Jaipur,Rajasthan,2024-10-30,Premium,YouTube
2650,Arjun,Singh,Male,52,Chennai,Tamil Nadu,2023-08-19,Regular,Instagram
2651,Ishaan,Mishra,Male,22,Rajkot,Gujarat,2025-11-04,Regular,YouTube
2652,Meera,Malhotra,Male,24,Nagpur,Maharashtra,2024-05-01,Budget,Google Ads
2653,Ananya,Reddy,Male,40,Ahmedabad,Gujarat,2024-03-17,Premium,Instagram
2654,Arjun,Joshi,Male,42,Delhi,Delhi,2025-05-27,Premium,Referral
2655,Priya,Joshi,Male,18,Pune,Maharashtra,2023-10-01,Regular,Email
2656,Raj,Pandya,Female,39,Surat,Gujarat,2024-09-09,Premium,Google Ads
2657,Kavya,Reddy,Male,21,Vadodara,Gujarat,2025-10-23,Regular,Email
2658,Meera,Mehta,Female,45,Rajkot,Gujarat,2023-11-22,Regular,Google Ads
2659,Vivaan,Sharma,Male,31,Hyderabad,Telangana,2023-09-10,Regular,Google Ads
2660,Krish,Trivedi,Male,50,Hyderabad,Telangana,2025-12-14,Regular,Google Ads
2661,Arjun,Thakkar,Male,21,Pune,Maharashtra,2025-06-04,Budget,Organic Search
2662,Diya,Pandya,Female,59,Hyderabad,Telangana,2024-03-23,VIP,Google Ads
2663,Priya,Shah,Female,28,Jaipur,Rajasthan,2024-01-08,Premium,Organic Search
2664,Riya,Joshi,Female,56,Lucknow,Uttar Pradesh,2024-04-13,Premium,Instagram
2665,Krish,Patel,Female,49,Indore,Madhya Pradesh,2025-01-29,Regular,Instagram
2666,Nisha,Shah,Female,21,Ahmedabad,Gujarat,2025-04-12,Budget,Google Ads
2667,Ananya,Sharma,Female,18,Ahmedabad,Gujarat,2023-03-11,Regular,YouTube
2668,Tanya,Kumar,Male,43,Jaipur,Rajasthan,2024-04-25,Premium,Google Ads
2669,Aditya,Kumar,Male,50,Indore,Madhya Pradesh,2024-06-13,Premium,Google Ads
2670,Kabir,Pandya,Female,34,Kolkata,West Bengal,2024-05-04,Budget,YouTube
2671,Diya,Trivedi,Female,44,Jaipur,Rajasthan,2024-05-17,Regular,YouTube
2672,Dev,Patel,Female,59,Chennai,Tamil Nadu,2025-10-05,Regular,Google Ads
2673,Arjun,Sharma,Female,22,Surat,Gujarat,2023-04-27,Budget,Facebook
2674,Aanya,Sharma,Female,24,Hyderabad,Telangana,2024-08-29,Regular,Facebook
2675,Vivaan,Singh,Male,42,Jaipur,Rajasthan,2025-07-07,Budget,YouTube
2676,Isha,Mehta,Male,25,Mumbai,Maharashtra,2025-06-22,Regular,Google Ads
2677,Raj,Reddy,Male,51,Nagpur,Maharashtra,2024-03-03,Premium,Referral
2678,Arjun,Mehta,Male,58,Bengaluru,Karnataka,2024-05-08,Premium,Email
2679,Simran,Kumar,Male,21,Mumbai,Maharashtra,2023-03-03,Regular,Email
2680,Pooja,Reddy,Male,29,Indore,Madhya Pradesh,2024-05-11,Regular,Google Ads
2681,Ishaan,Parmar,Male,48,Hyderabad,Telangana,2024-09-27,Regular,Google Ads
2682,Karan,Agarwal,Male,28,Ahmedabad,Gujarat,2023-03-21,Premium,Google Ads
2683,Yash,Soni,Female,54,Chennai,Tamil Nadu,2024-04-29,Regular,Email
2684,Dev,Pandya,Female,53,Chennai,Tamil Nadu,2025-11-11,Regular,Email
2685,Karan,Parmar,Male,39,Chennai,Tamil Nadu,2024-08-17,Premium,YouTube
2686,Raj,Desai,Male,18,Indore,Madhya Pradesh,2023-09-18,Premium,Instagram
2687,Karan,Malhotra,Male,21,Bengaluru,Karnataka,2023-05-09,Premium,YouTube
2688,Neha,Shah,Female,53,Nagpur,Maharashtra,2024-09-17,Premium,YouTube
2689,Isha,Mehta,Female,25,Kolkata,West Bengal,2023-10-11,Regular,Organic Search
2690,Dev,Joshi,Male,42,Pune,Maharashtra,2025-12-06,Premium,Facebook
2691,Dev,Trivedi,Female,45,Mumbai,Maharashtra,2023-01-19,Regular,Referral
2692,Neha,Kapoor,Male,55,Pune,Maharashtra,2024-08-21,Budget,YouTube
2693,Arjun,Gupta,Male,53,Vadodara,Gujarat,2024-10-15,Regular,YouTube
2694,Riya,Mehta,Male,53,Surat,Gujarat,2025-02-01,Regular,YouTube
2695,Arjun,Mishra,Male,60,Jaipur,Rajasthan,2025-04-17,Budget,Organic Search
2696,Kavya,Mehta,Male,58,Surat,Gujarat,2025-10-28,VIP,Organic Search
2697,Karan,Kumar,Female,21,Ahmedabad,Gujarat,2025-11-26,Budget,YouTube
2698,Kavya,Patel,Male,30,Rajkot,Gujarat,2023-03-13,Premium,Instagram
2699,Aarav,Malhotra,Male,55,Mumbai,Maharashtra,2025-12-26,Budget,Facebook
2700,Yash,Mishra,Male,42,Surat,Gujarat,2024-10-14,Regular,Email
2701,Neha,Thakkar,Male,20,Kolkata,West Bengal,2023-03-05,Regular,Referral
2702,Raj,Agarwal,Female,49,Lucknow,Uttar Pradesh,2023-01-30,Regular,Google Ads
2703,Dev,Pandya,Male,56,Pune,Maharashtra,2024-07-10,Budget,Email
2704,Ananya,Sharma,Male,18,Vadodara,Gujarat,2024-10-07,VIP,Facebook
2705,Nisha,Mishra,Female,28,Jaipur,Rajasthan,2025-11-05,Regular,YouTube
2706,Raj,Parmar,Male,19,Hyderabad,Telangana,2023-10-05,Premium,Email
2707,Sneha,Gupta,Male,22,Lucknow,Uttar Pradesh,2023-10-04,Budget,YouTube
2708,Kavya,Singh,Male,39,Kolkata,West Bengal,2023-08-09,Regular,Referral
2709,Kavya,Gupta,Male,30,Nagpur,Maharashtra,2024-10-31,Premium,Instagram
2710,Priya,Sharma,Female,40,Vadodara,Gujarat,2025-11-13,Budget,Instagram
2711,Kavya,Malhotra,Male,48,Ahmedabad,Gujarat,2025-04-11,Budget,Referral
2712,Tanya,Verma,Male,52,Jaipur,Rajasthan,2023-05-21,Regular,Referral
2713,Aryan,Thakkar,Female,55,Jaipur,Rajasthan,2025-01-03,Premium,Facebook
2714,Simran,Kumar,Male,58,Delhi,Delhi,2023-01-26,Regular,Referral
2715,Aryan,Joshi,Male,52,Ahmedabad,Gujarat,2023-04-08,Regular,Email
2716,Ananya,Patel,Female,30,Kolkata,West Bengal,2023-10-03,Regular,Instagram
2717,Dev,Singh,Male,24,Kolkata,West Bengal,2024-07-26,Premium,Referral
2718,Neha,Agarwal,Female,22,Vadodara,Gujarat,2025-06-10,Budget,Facebook
2719,Simran,Mishra,Male,46,Jaipur,Rajasthan,2024-03-08,Budget,Organic Search
2720,Pooja,Verma,Female,25,Indore,Madhya Pradesh,2023-01-09,Budget,Facebook
2721,Dev,Gupta,Male,25,Hyderabad,Telangana,2025-06-14,Budget,Organic Search
2722,Kabir,Kumar,Male,24,Jaipur,Rajasthan,2025-05-18,Regular,Organic Search
2723,Neha,Kumar,Female,36,Vadodara,Gujarat,2025-07-21,Budget,Facebook
2724,Diya,Agarwal,Male,56,Surat,Gujarat,2023-09-29,Regular,Email
2725,Isha,Singh,Female,40,Jaipur,Rajasthan,2023-02-01,Regular,Referral
2726,Simran,Reddy,Female,53,Vadodara,Gujarat,2025-05-01,Regular,Email
2727,Nisha,Desai,Female,59,Lucknow,Uttar Pradesh,2024-08-27,Premium,Facebook
2728,Rohan,Reddy,Female,49,Bengaluru,Karnataka,2023-01-17,Budget,Google Ads
2729,Arjun,Singh,Male,21,Rajkot,Gujarat,2023-10-28,Regular,Organic Search
2730,Aanya,Pandya,Female,47,Pune,Maharashtra,2023-02-11,Budget,Organic Search
2731,Neha,Pandya,Male,59,Hyderabad,Telangana,2023-02-21,Regular,Referral
2732,Meera,Parmar,Male,56,Hyderabad,Telangana,2023-07-07,Regular,Referral
2733,Arjun,Gupta,Female,22,Surat,Gujarat,2023-05-31,Premium,Email
2734,Tanya,Sharma,Female,20,Mumbai,Maharashtra,2024-02-13,Regular,Email
2735,Karan,Pandya,Male,39,Bengaluru,Karnataka,2023-12-10,Premium,Google Ads
2736,Dev,Verma,Female,45,Vadodara,Gujarat,2024-08-13,Premium,Email
2737,Pooja,Kumar,Male,39,Jaipur,Rajasthan,2025-12-27,Budget,Email
2738,Aanya,Sharma,Female,39,Nagpur,Maharashtra,2025-04-25,Budget,Referral
2739,Meera,Gupta,Male,51,Chennai,Tamil Nadu,2025-06-18,Regular,Instagram
2740,Arjun,Verma,Male,46,Jaipur,Rajasthan,2023-01-28,VIP,Google Ads
2741,Dev,Mehta,Female,60,Hyderabad,Telangana,2025-11-18,Regular,Organic Search
2742,Aarav,Trivedi,Male,59,Rajkot,Gujarat,2024-09-25,Budget,Instagram
2743,Sneha,Patel,Male,30,Chennai,Tamil Nadu,2023-07-31,Premium,Referral
2744,Aanya,Malhotra,Female,24,Jaipur,Rajasthan,2024-11-18,Budget,Google Ads
2745,Rohan,Kapoor,Female,27,Indore,Madhya Pradesh,2023-03-13,Regular,Google Ads
2746,Ananya,Pandya,Female,45,Vadodara,Gujarat,2023-04-20,Budget,Google Ads
2747,Isha,Agarwal,Female,21,Nagpur,Maharashtra,2023-08-20,Budget,Email
2748,Aditya,Soni,Female,49,Bengaluru,Karnataka,2023-02-12,Regular,Facebook
2749,Yash,Parmar,Male,39,Jaipur,Rajasthan,2023-09-22,Regular,YouTube
2750,Vivaan,Soni,Male,37,Nagpur,Maharashtra,2023-02-15,Budget,Facebook
2751,Aarav,Desai,Female,37,Delhi,Delhi,2023-08-26,Premium,Email
2752,Sneha,Desai,Male,23,Indore,Madhya Pradesh,2024-08-23,Budget,Email
2753,Priya,Kumar,Male,26,Vadodara,Gujarat,2024-11-21,Regular,Organic Search
2754,Isha,Trivedi,Male,45,Indore,Madhya Pradesh,2025-09-02,Regular,Organic Search
2755,Kavya,Mehta,Male,30,Rajkot,Gujarat,2025-01-12,Premium,YouTube
2756,Diya,Mishra,Male,48,Vadodara,Gujarat,2024-12-27,Premium,Email
2757,Rohan,Mehta,Female,56,Indore,Madhya Pradesh,2023-07-19,Budget,Google Ads
2758,Ananya,Agarwal,Female,31,Kolkata,West Bengal,2025-10-09,Budget,Instagram
2759,Aditya,Malhotra,Male,39,Delhi,Delhi,2024-03-12,Premium,Instagram
2760,Tanya,Kumar,Male,54,Delhi,Delhi,2024-05-08,Regular,Google Ads
2761,Karan,Pandya,Female,41,Delhi,Delhi,2024-12-07,Regular,Organic Search
2762,Ishaan,Malhotra,Female,25,Jaipur,Rajasthan,2023-01-24,Budget,Facebook
2763,Dev,Joshi,Female,32,Surat,Gujarat,2023-09-27,VIP,Instagram
2764,Aryan,Agarwal,Female,58,Indore,Madhya Pradesh,2025-02-28,Premium,Google Ads
2765,Krish,Agarwal,Male,23,Delhi,Delhi,2025-01-07,Budget,Facebook
2766,Raj,Trivedi,Female,40,Hyderabad,Telangana,2023-05-08,Regular,Referral
2767,Pooja,Gupta,Female,42,Rajkot,Gujarat,2024-06-26,Premium,Instagram
2768,Pooja,Mehta,Male,48,Indore,Madhya Pradesh,2025-12-17,Regular,Google Ads
2769,Vivaan,Soni,Female,46,Bengaluru,Karnataka,2023-11-21,Regular,Instagram
2770,Aditya,Mishra,Female,40,Indore,Madhya Pradesh,2024-10-20,Regular,Instagram
2771,Karan,Mehta,Female,27,Nagpur,Maharashtra,2023-03-26,Budget,Instagram
2772,Priya,Sharma,Female,26,Mumbai,Maharashtra,2025-10-22,Premium,YouTube
2773,Aanya,Desai,Female,30,Vadodara,Gujarat,2024-03-26,Regular,Facebook
2774,Aditya,Gupta,Male,49,Vadodara,Gujarat,2025-09-20,Regular,Instagram
2775,Dev,Reddy,Male,58,Delhi,Delhi,2025-11-14,Budget,Organic Search
2776,Kavya,Malhotra,Male,18,Pune,Maharashtra,2025-11-24,Premium,Organic Search
2777,Karan,Soni,Male,18,Nagpur,Maharashtra,2024-10-30,Premium,Organic Search
2778,Aryan,Mehta,Male,54,Surat,Gujarat,2025-08-29,Regular,Google Ads
2779,Isha,Singh,Female,57,Bengaluru,Karnataka,2023-12-09,Premium,YouTube
2780,Ishaan,Shah,Female,35,Pune,Maharashtra,2025-09-14,Budget,Email
2781,Karan,Thakkar,Female,53,Lucknow,Uttar Pradesh,2025-08-09,Premium,Email
2782,Neha,Thakkar,Female,48,Vadodara,Gujarat,2024-04-01,Regular,Facebook
2783,Tanya,Mishra,Female,18,Rajkot,Gujarat,2025-06-17,Budget,Google Ads
2784,Krish,Reddy,Female,53,Ahmedabad,Gujarat,2024-02-02,Budget,Organic Search
2785,Meera,Shah,Female,26,Bengaluru,Karnataka,2025-06-17,Regular,YouTube
2786,Arjun,Thakkar,Female,39,Rajkot,Gujarat,2023-12-09,Premium,Organic Search
2787,Simran,Agarwal,Female,45,Surat,Gujarat,2025-03-23,Premium,Google Ads
2788,Rahul,Malhotra,Female,43,Delhi,Delhi,2025-07-28,Regular,YouTube
2789,Dev,Agarwal,Female,27,Lucknow,Uttar Pradesh,2023-02-16,Budget,Referral
2790,Karan,Kumar,Female,20,Nagpur,Maharashtra,2025-07-03,VIP,Referral
2791,Raj,Desai,Female,19,Nagpur,Maharashtra,2023-06-11,Regular,Referral
2792,Krish,Kumar,Male,54,Mumbai,Maharashtra,2023-10-22,Regular,YouTube
2793,Arjun,Mehta,Female,48,Chennai,Tamil Nadu,2023-04-02,Premium,Organic Search
2794,Kabir,Malhotra,Male,50,Surat,Gujarat,2025-01-19,Budget,Email
2795,Rohan,Shah,Female,49,Jaipur,Rajasthan,2024-07-10,Regular,Referral
2796,Aarav,Sharma,Female,60,Ahmedabad,Gujarat,2023-11-05,Budget,Organic Search
2797,Arjun,Shah,Female,29,Vadodara,Gujarat,2024-07-22,Budget,Facebook
2798,Aditya,Trivedi,Male,20,Chennai,Tamil Nadu,2023-06-25,Regular,Facebook
2799,Aryan,Gupta,Male,43,Rajkot,Gujarat,2025-08-30,Budget,Google Ads
2800,Kabir,Mishra,Female,31,Vadodara,Gujarat,2025-07-26,Regular,YouTube
2801,Aarav,Kumar,Female,29,Ahmedabad,Gujarat,2025-10-15,Budget,Organic Search
2802,Nisha,Soni,Female,43,Pune,Maharashtra,2023-08-06,Regular,Referral
2803,Rahul,Desai,Female,33,Ahmedabad,Gujarat,2025-03-23,Budget,YouTube
2804,Aryan,Shah,Male,25,Delhi,Delhi,2023-06-13,Premium,Instagram
2805,Karan,Sharma,Male,45,Kolkata,West Bengal,2023-02-17,Budget,Facebook
2806,Arjun,Reddy,Female,24,Lucknow,Uttar Pradesh,2025-03-11,Premium,YouTube
2807,Raj,Soni,Male,32,Nagpur,Maharashtra,2024-12-18,Regular,Google Ads
2808,Isha,Thakkar,Male,58,Bengaluru,Karnataka,2023-03-25,Regular,Referral
2809,Tanya,Trivedi,Female,53,Vadodara,Gujarat,2024-09-04,Premium,Email
2810,Vivaan,Parmar,Female,25,Ahmedabad,Gujarat,2025-12-06,Budget,Referral
2811,Tanya,Mehta,Female,27,Ahmedabad,Gujarat,2023-08-22,Budget,Email
2812,Rohan,Shah,Male,32,Kolkata,West Bengal,2025-08-19,Budget,Facebook
2813,Yash,Pandya,Female,35,Nagpur,Maharashtra,2025-04-27,Regular,Referral
2814,Nisha,Malhotra,Male,54,Indore,Madhya Pradesh,2023-05-27,VIP,Facebook
2815,Priya,Verma,Female,58,Kolkata,West Bengal,2023-07-15,Budget,Instagram
2816,Kabir,Shah,Female,60,Bengaluru,Karnataka,2025-06-24,Premium,Organic Search
2817,Rahul,Soni,Male,52,Nagpur,Maharashtra,2025-10-10,Regular,Facebook
2818,Kabir,Kapoor,Male,19,Bengaluru,Karnataka,2025-11-11,Budget,YouTube
2819,Aanya,Parmar,Male,39,Surat,Gujarat,2024-01-21,Premium,YouTube
2820,Aditya,Joshi,Male,32,Rajkot,Gujarat,2023-12-30,VIP,YouTube
2821,Kavya,Mishra,Male,54,Mumbai,Maharashtra,2023-10-01,Premium,Organic Search
2822,Yash,Malhotra,Male,56,Mumbai,Maharashtra,2023-07-27,Regular,YouTube
2823,Simran,Desai,Female,53,Vadodara,Gujarat,2023-10-02,Budget,Instagram
2824,Aditya,Shah,Male,22,Hyderabad,Telangana,2025-10-03,Regular,Facebook
2825,Kavya,Thakkar,Male,32,Kolkata,West Bengal,2024-05-10,Regular,Facebook
2826,Rahul,Mishra,Female,44,Chennai,Tamil Nadu,2025-06-20,Regular,Facebook
2827,Vivaan,Desai,Male,33,Chennai,Tamil Nadu,2023-06-08,Regular,Organic Search
2828,Sneha,Malhotra,Male,53,Delhi,Delhi,2025-07-28,Premium,Instagram
2829,Yash,Agarwal,Female,55,Vadodara,Gujarat,2024-04-04,Budget,Instagram
2830,Vivaan,Agarwal,Female,35,Mumbai,Maharashtra,2024-01-29,Regular,YouTube
2831,Rahul,Singh,Female,52,Surat,Gujarat,2025-07-05,VIP,Referral
2832,Isha,Gupta,Male,42,Chennai,Tamil Nadu,2025-07-31,Budget,Instagram
2833,Aditya,Gupta,Female,39,Nagpur,Maharashtra,2024-03-14,Regular,Instagram
2834,Vivaan,Trivedi,Male,48,Bengaluru,Karnataka,2023-06-13,Budget,Google Ads
2835,Sneha,Trivedi,Female,54,Ahmedabad,Gujarat,2024-09-30,Regular,YouTube
2836,Riya,Trivedi,Male,51,Ahmedabad,Gujarat,2024-07-23,Regular,YouTube
2837,Kabir,Reddy,Female,40,Bengaluru,Karnataka,2023-05-27,Budget,Google Ads
2838,Kavya,Mishra,Female,33,Pune,Maharashtra,2025-09-09,Budget,Facebook
2839,Yash,Reddy,Female,23,Pune,Maharashtra,2025-08-17,Regular,Referral
2840,Simran,Kapoor,Male,32,Ahmedabad,Gujarat,2025-02-06,Regular,Organic Search
2841,Arjun,Singh,Male,35,Delhi,Delhi,2023-04-20,Budget,Google Ads
2842,Rohan,Thakkar,Female,55,Hyderabad,Telangana,2024-01-29,Premium,Google Ads
2843,Raj,Patel,Female,30,Surat,Gujarat,2024-03-18,Regular,Referral
2844,Ananya,Parmar,Female,41,Chennai,Tamil Nadu,2025-01-16,Budget,Organic Search
2845,Pooja,Thakkar,Female,30,Rajkot,Gujarat,2025-01-23,Premium,Referral
2846,Sneha,Sharma,Male,18,Nagpur,Maharashtra,2023-05-10,Budget,Organic Search
2847,Diya,Malhotra,Female,53,Ahmedabad,Gujarat,2024-05-19,Budget,Google Ads
2848,Dev,Malhotra,Female,35,Kolkata,West Bengal,2024-12-20,Premium,Instagram
2849,Pooja,Desai,Male,50,Bengaluru,Karnataka,2023-01-22,Budget,Google Ads
2850,Sneha,Mehta,Male,55,Lucknow,Uttar Pradesh,2025-11-06,Premium,Email
2851,Diya,Desai,Female,60,Jaipur,Rajasthan,2025-05-24,Premium,Google Ads
2852,Yash,Agarwal,Female,23,Rajkot,Gujarat,2025-04-10,Regular,Facebook
2853,Isha,Patel,Male,34,Rajkot,Gujarat,2024-09-25,Budget,Facebook
2854,Diya,Sharma,Male,21,Hyderabad,Telangana,2023-10-09,Budget,Referral
2855,Yash,Kumar,Female,31,Nagpur,Maharashtra,2024-01-08,Budget,Organic Search
2856,Kabir,Sharma,Male,47,Ahmedabad,Gujarat,2025-10-05,Premium,Facebook
2857,Riya,Parmar,Male,37,Mumbai,Maharashtra,2023-10-13,Regular,Google Ads
2858,Aditya,Soni,Female,25,Delhi,Delhi,2024-02-08,Budget,YouTube
2859,Diya,Sharma,Female,19,Mumbai,Maharashtra,2023-03-31,Regular,Facebook
2860,Raj,Parmar,Male,54,Surat,Gujarat,2024-11-26,Budget,Google Ads
2861,Sneha,Reddy,Female,21,Chennai,Tamil Nadu,2025-06-26,Budget,Facebook
2862,Tanya,Joshi,Female,27,Vadodara,Gujarat,2024-09-20,Budget,Instagram
2863,Meera,Thakkar,Female,37,Ahmedabad,Gujarat,2025-09-28,Premium,Instagram
2864,Kabir,Joshi,Female,52,Jaipur,Rajasthan,2024-03-22,Budget,Google Ads
2865,Kavya,Thakkar,Female,27,Mumbai,Maharashtra,2023-11-08,Regular,Facebook
2866,Rohan,Mehta,Male,45,Bengaluru,Karnataka,2023-05-01,Budget,Facebook
2867,Riya,Kumar,Male,32,Kolkata,West Bengal,2023-11-13,Regular,Email
2868,Kabir,Sharma,Female,53,Rajkot,Gujarat,2023-05-18,Regular,Organic Search
2869,Neha,Trivedi,Female,18,Delhi,Delhi,2025-03-28,Budget,Referral
2870,Yash,Gupta,Female,39,Jaipur,Rajasthan,2024-01-26,Regular,Referral
2871,Aarav,Gupta,Male,44,Chennai,Tamil Nadu,2025-10-25,Regular,Facebook
2872,Pooja,Singh,Male,46,Nagpur,Maharashtra,2025-02-07,Budget,YouTube
2873,Priya,Mishra,Male,32,Surat,Gujarat,2024-01-02,Premium,Instagram
2874,Riya,Malhotra,Male,27,Vadodara,Gujarat,2025-04-20,Regular,Facebook
2875,Rahul,Joshi,Female,37,Vadodara,Gujarat,2024-05-06,Regular,Organic Search
2876,Kavya,Mehta,Female,39,Delhi,Delhi,2025-01-27,Regular,YouTube
2877,Aanya,Verma,Male,26,Delhi,Delhi,2024-06-05,Premium,Referral
2878,Kabir,Soni,Male,49,Nagpur,Maharashtra,2023-07-07,Regular,Organic Search
2879,Karan,Singh,Female,34,Pune,Maharashtra,2024-02-08,Budget,Google Ads
2880,Aarav,Mishra,Female,59,Pune,Maharashtra,2024-03-02,Premium,Instagram
2881,Priya,Mehta,Female,36,Surat,Gujarat,2024-02-17,Premium,Google Ads
2882,Diya,Verma,Female,57,Pune,Maharashtra,2023-06-03,VIP,Referral
2883,Yash,Gupta,Female,44,Vadodara,Gujarat,2023-07-22,Budget,Referral
2884,Rahul,Reddy,Male,54,Lucknow,Uttar Pradesh,2023-08-05,Regular,Facebook
2885,Riya,Kumar,Female,51,Jaipur,Rajasthan,2024-04-26,Regular,Google Ads
2886,Vivaan,Patel,Male,27,Jaipur,Rajasthan,2025-10-21,Regular,Referral
2887,Krish,Pandya,Male,47,Hyderabad,Telangana,2025-02-04,VIP,Organic Search
2888,Arjun,Gupta,Female,38,Rajkot,Gujarat,2024-05-17,Regular,Instagram
2889,Aarav,Patel,Male,38,Rajkot,Gujarat,2025-03-09,Regular,Google Ads
2890,Sneha,Patel,Male,51,Chennai,Tamil Nadu,2025-03-16,Regular,Organic Search
2891,Aanya,Mehta,Female,26,Surat,Gujarat,2025-07-31,Budget,Google Ads
2892,Raj,Agarwal,Male,51,Kolkata,West Bengal,2025-02-07,Regular,Google Ads
2893,Vivaan,Thakkar,Female,29,Jaipur,Rajasthan,2025-01-31,Budget,YouTube
2894,Aryan,Parmar,Female,38,Hyderabad,Telangana,2023-03-29,Budget,YouTube
2895,Priya,Pandya,Male,37,Kolkata,West Bengal,2024-03-09,Budget,Facebook
2896,Vivaan,Soni,Female,23,Mumbai,Maharashtra,2024-02-24,Regular,Google Ads
2897,Nisha,Pandya,Female,53,Surat,Gujarat,2024-03-04,Regular,YouTube
2898,Pooja,Singh,Male,29,Kolkata,West Bengal,2023-06-11,Premium,Instagram
2899,Aryan,Kumar,Female,58,Nagpur,Maharashtra,2024-05-21,Regular,Instagram
2900,Aarav,Trivedi,Male,48,Lucknow,Uttar Pradesh,2023-09-22,Regular,Referral
2901,Ishaan,Soni,Male,19,Rajkot,Gujarat,2023-04-20,Budget,Google Ads
2902,Aditya,Agarwal,Female,33,Mumbai,Maharashtra,2025-06-18,Premium,Facebook
2903,Riya,Soni,Male,18,Kolkata,West Bengal,2024-01-29,Budget,Referral
2904,Sneha,Mishra,Female,21,Mumbai,Maharashtra,2024-09-11,VIP,YouTube
2905,Simran,Patel,Male,18,Delhi,Delhi,2024-11-14,Regular,Referral
2906,Arjun,Patel,Female,52,Chennai,Tamil Nadu,2024-07-05,Budget,YouTube
2907,Aanya,Kapoor,Female,30,Rajkot,Gujarat,2025-03-14,Regular,YouTube
2908,Sneha,Parmar,Male,59,Jaipur,Rajasthan,2025-11-24,Budget,Referral
2909,Rahul,Trivedi,Male,48,Delhi,Delhi,2024-12-22,Budget,Facebook
2910,Aditya,Mishra,Female,37,Pune,Maharashtra,2023-01-31,Regular,Email
2911,Kavya,Parmar,Female,24,Jaipur,Rajasthan,2025-03-27,Regular,YouTube
2912,Ishaan,Mehta,Male,57,Chennai,Tamil Nadu,2023-04-16,Budget,Organic Search
2913,Ananya,Reddy,Female,50,Indore,Madhya Pradesh,2025-10-13,Regular,Google Ads
2914,Kavya,Verma,Female,45,Mumbai,Maharashtra,2025-11-19,Premium,YouTube
2915,Tanya,Patel,Male,37,Pune,Maharashtra,2025-03-04,Regular,YouTube
2916,Rohan,Desai,Male,49,Pune,Maharashtra,2023-06-10,Budget,Email
2917,Riya,Singh,Female,26,Jaipur,Rajasthan,2023-07-15,Budget,Referral
2918,Dev,Reddy,Male,51,Mumbai,Maharashtra,2024-08-30,Budget,Organic Search
2919,Yash,Singh,Male,31,Ahmedabad,Gujarat,2023-12-04,Regular,Google Ads
2920,Ananya,Singh,Female,21,Bengaluru,Karnataka,2025-02-28,Regular,Google Ads
2921,Isha,Mehta,Male,46,Bengaluru,Karnataka,2024-03-22,Regular,Organic Search
2922,Dev,Soni,Male,32,Ahmedabad,Gujarat,2023-12-03,Budget,Google Ads
2923,Rahul,Singh,Female,34,Surat,Gujarat,2023-05-12,Budget,YouTube
2924,Aanya,Gupta,Male,36,Chennai,Tamil Nadu,2023-09-06,Premium,YouTube
2925,Raj,Soni,Female,55,Mumbai,Maharashtra,2024-05-13,Regular,Instagram
2926,Aditya,Thakkar,Male,26,Rajkot,Gujarat,2023-03-04,VIP,Email
2927,Neha,Kapoor,Male,44,Nagpur,Maharashtra,2025-03-29,VIP,Referral
2928,Dev,Patel,Female,32,Lucknow,Uttar Pradesh,2023-09-14,Premium,Organic Search
2929,Krish,Joshi,Male,54,Jaipur,Rajasthan,2024-04-11,Budget,Google Ads
2930,Rahul,Soni,Male,45,Chennai,Tamil Nadu,2025-04-28,Budget,Google Ads
2931,Aditya,Verma,Male,21,Lucknow,Uttar Pradesh,2023-12-27,Budget,Instagram
2932,Diya,Sharma,Male,38,Nagpur,Maharashtra,2025-05-29,VIP,YouTube
2933,Karan,Desai,Male,51,Lucknow,Uttar Pradesh,2023-06-28,Regular,Organic Search
2934,Riya,Kumar,Male,36,Vadodara,Gujarat,2025-08-06,Regular,Organic Search
2935,Krish,Reddy,Female,54,Vadodara,Gujarat,2024-05-13,VIP,Instagram
2936,Aryan,Pandya,Male,21,Indore,Madhya Pradesh,2024-11-07,Premium,Organic Search
2937,Ananya,Thakkar,Male,54,Chennai,Tamil Nadu,2023-10-19,Regular,Instagram
2938,Priya,Singh,Female,49,Nagpur,Maharashtra,2024-08-10,Budget,YouTube
2939,Aditya,Kapoor,Female,29,Ahmedabad,Gujarat,2025-03-28,Budget,Facebook
2940,Vivaan,Mehta,Female,58,Indore,Madhya Pradesh,2023-04-09,Regular,Referral
2941,Nisha,Pandya,Male,33,Jaipur,Rajasthan,2023-06-30,VIP,Organic Search
2942,Vivaan,Malhotra,Female,31,Surat,Gujarat,2025-08-10,Premium,Email
2943,Aditya,Desai,Female,18,Jaipur,Rajasthan,2024-01-09,Budget,Facebook
2944,Aanya,Singh,Male,49,Nagpur,Maharashtra,2024-09-15,Budget,Facebook
2945,Krish,Reddy,Female,38,Mumbai,Maharashtra,2023-09-10,Regular,Email
2946,Riya,Sharma,Male,21,Surat,Gujarat,2025-05-12,Regular,Facebook
2947,Aanya,Trivedi,Male,26,Jaipur,Rajasthan,2023-05-02,Budget,YouTube
2948,Dev,Shah,Male,39,Mumbai,Maharashtra,2024-03-17,Regular,Facebook
2949,Pooja,Pandya,Male,29,Lucknow,Uttar Pradesh,2023-09-02,VIP,Organic Search
2950,Vivaan,Malhotra,Male,47,Mumbai,Maharashtra,2025-05-20,VIP,Facebook
2951,Pooja,Thakkar,Female,47,Lucknow,Uttar Pradesh,2025-04-06,Regular,Referral
2952,Kavya,Shah,Male,49,Lucknow,Uttar Pradesh,2025-12-05,Regular,Facebook
2953,Aarav,Joshi,Female,53,Lucknow,Uttar Pradesh,2024-03-27,Budget,YouTube
2954,Arjun,Malhotra,Male,24,Kolkata,West Bengal,2023-10-23,Regular,Instagram
2955,Krish,Mehta,Female,34,Delhi,Delhi,2025-12-25,Budget,Google Ads
2956,Aarav,Shah,Male,18,Indore,Madhya Pradesh,2024-04-27,Budget,Email
2957,Krish,Verma,Male,31,Nagpur,Maharashtra,2023-11-05,Budget,Email
2958,Diya,Reddy,Male,55,Delhi,Delhi,2024-08-15,Regular,YouTube
2959,Kavya,Thakkar,Female,43,Chennai,Tamil Nadu,2025-10-15,Premium,Google Ads
2960,Krish,Reddy,Female,44,Nagpur,Maharashtra,2024-02-02,VIP,Facebook
2961,Riya,Mishra,Female,33,Surat,Gujarat,2024-04-13,Regular,Organic Search
2962,Aditya,Shah,Male,24,Hyderabad,Telangana,2024-09-08,Regular,Organic Search
2963,Aditya,Thakkar,Male,49,Chennai,Tamil Nadu,2024-01-27,Budget,Referral
2964,Aryan,Desai,Female,42,Hyderabad,Telangana,2023-04-07,Regular,Email
2965,Rahul,Verma,Male,48,Indore,Madhya Pradesh,2025-07-29,Regular,Organic Search
2966,Pooja,Parmar,Female,33,Jaipur,Rajasthan,2025-05-09,Regular,Facebook
2967,Raj,Joshi,Male,58,Mumbai,Maharashtra,2023-07-14,Budget,Referral
2968,Priya,Sharma,Female,31,Kolkata,West Bengal,2025-08-15,Regular,YouTube
2969,Vivaan,Parmar,Female,42,Rajkot,Gujarat,2023-03-24,Budget,Referral
2970,Kabir,Soni,Male,47,Hyderabad,Telangana,2023-09-08,Budget,YouTube
2971,Priya,Parmar,Female,24,Nagpur,Maharashtra,2025-12-29,Regular,Referral
2972,Vivaan,Malhotra,Male,29,Indore,Madhya Pradesh,2023-12-06,Budget,YouTube
2973,Arjun,Joshi,Male,20,Nagpur,Maharashtra,2024-11-30,Regular,Instagram
2974,Pooja,Gupta,Male,44,Bengaluru,Karnataka,2023-04-10,Regular,YouTube
2975,Ananya,Patel,Female,36,Hyderabad,Telangana,2025-01-02,Budget,Facebook
2976,Arjun,Sharma,Female,60,Hyderabad,Telangana,2023-11-19,VIP,Instagram
2977,Raj,Trivedi,Female,54,Vadodara,Gujarat,2023-01-10,Premium,Facebook
2978,Tanya,Agarwal,Male,59,Surat,Gujarat,2025-10-09,Budget,Referral
2979,Yash,Trivedi,Male,24,Delhi,Delhi,2025-12-05,Regular,YouTube
2980,Tanya,Soni,Female,33,Kolkata,West Bengal,2025-03-16,Regular,Instagram
2981,Raj,Patel,Male,49,Pune,Maharashtra,2025-06-26,Premium,Referral
2982,Krish,Kumar,Male,25,Rajkot,Gujarat,2025-11-20,Premium,Google Ads
2983,Riya,Patel,Female,30,Surat,Gujarat,2023-05-10,Budget,YouTube
2984,Aanya,Shah,Female,28,Rajkot,Gujarat,2025-11-14,Regular,Organic Search
2985,Tanya,Patel,Male,37,Bengaluru,Karnataka,2024-07-17,Premium,Instagram
2986,Rahul,Gupta,Male,35,Indore,Madhya Pradesh,2023-05-29,Regular,Referral
2987,Ishaan,Patel,Female,54,Indore,Madhya Pradesh,2024-08-01,Budget,Instagram
2988,Vivaan,Malhotra,Female,23,Lucknow,Uttar Pradesh,2025-10-16,Budget,Instagram
2989,Tanya,Singh,Male,37,Mumbai,Maharashtra,2023-04-29,Budget,Email
2990,Sneha,Malhotra,Male,49,Indore,Madhya Pradesh,2023-08-16,Budget,Instagram
2991,Meera,Singh,Male,46,Surat,Gujarat,2024-09-06,Regular,Google Ads
2992,Meera,Trivedi,Female,21,Ahmedabad,Gujarat,2023-08-28,Budget,YouTube
2993,Rohan,Gupta,Male,24,Nagpur,Maharashtra,2025-07-01,Budget,YouTube
2994,Meera,Pandya,Male,60,Lucknow,Uttar Pradesh,2025-08-23,Regular,YouTube
2995,Vivaan,Parmar,Male,37,Chennai,Tamil Nadu,2023-06-08,VIP,Instagram
2996,Dev,Gupta,Male,51,Surat,Gujarat,2024-07-16,Premium,YouTube
2997,Pooja,Agarwal,Male,53,Rajkot,Gujarat,2024-04-20,Budget,Google Ads
2998,Vivaan,Parmar,Male,24,Delhi,Delhi,2024-07-01,Premium,Organic Search
2999,Ishaan,Agarwal,Female,50,Delhi,Delhi,2025-11-02,Premium,Organic Search
3000,Aanya,Thakkar,Female,32,Delhi,Delhi,2025-05-02,Premium,Email
3001,Neha,Shah,Female,49,Surat,Gujarat,2023-08-06,Premium,Google Ads
3002,Ananya,Desai,Male,39,Vadodara,Gujarat,2025-01-24,Premium,Email
3003,Aryan,Singh,Female,57,Lucknow,Uttar Pradesh,2025-01-04,Budget,YouTube
3004,Sneha,Agarwal,Male,46,Delhi,Delhi,2025-09-17,Budget,Organic Search
3005,Meera,Parmar,Male,42,Mumbai,Maharashtra,2025-02-19,Regular,Referral
3006,Aryan,Mishra,Male,22,Hyderabad,Telangana,2023-08-10,Budget,Facebook
3007,Aditya,Agarwal,Male,31,Indore,Madhya Pradesh,2023-10-15,VIP,Organic Search
3008,Priya,Soni,Male,52,Surat,Gujarat,2024-06-07,Regular,Organic Search
3009,Aryan,Desai,Female,19,Delhi,Delhi,2024-11-29,VIP,Email
3010,Tanya,Kumar,Female,42,Ahmedabad,Gujarat,2024-11-11,Premium,Google Ads
3011,Krish,Mehta,Female,33,Surat,Gujarat,2023-11-20,Regular,Google Ads
3012,Meera,Soni,Male,33,Lucknow,Uttar Pradesh,2024-09-09,Budget,Referral
3013,Karan,Singh,Female,28,Lucknow,Uttar Pradesh,2025-05-10,Budget,Organic Search
3014,Diya,Shah,Male,52,Jaipur,Rajasthan,2023-02-10,Regular,Organic Search
3015,Diya,Soni,Female,40,Hyderabad,Telangana,2024-01-28,Premium,Facebook
3016,Tanya,Kumar,Female,22,Hyderabad,Telangana,2023-07-22,VIP,Email
3017,Aarav,Reddy,Female,52,Surat,Gujarat,2025-05-02,Budget,Email
3018,Arjun,Kapoor,Female,46,Jaipur,Rajasthan,2025-02-12,Budget,Google Ads
3019,Arjun,Verma,Female,22,Mumbai,Maharashtra,2025-02-20,Budget,Email
3020,Karan,Kumar,Female,20,Surat,Gujarat,2023-02-04,Budget,Facebook
3021,Kabir,Parmar,Male,23,Jaipur,Rajasthan,2023-02-22,Premium,Email
3022,Isha,Sharma,Male,40,Indore,Madhya Pradesh,2024-05-17,Budget,Email
3023,Rohan,Singh,Male,19,Nagpur,Maharashtra,2023-05-30,Regular,Facebook
3024,Karan,Thakkar,Male,35,Vadodara,Gujarat,2024-03-12,Regular,YouTube
3025,Tanya,Parmar,Male,47,Delhi,Delhi,2024-03-25,Regular,Email
3026,Riya,Patel,Female,55,Delhi,Delhi,2024-06-08,Regular,Referral
3027,Riya,Pandya,Male,22,Delhi,Delhi,2023-09-24,Regular,Google Ads
3028,Arjun,Kapoor,Male,28,Ahmedabad,Gujarat,2023-03-27,Regular,Instagram
3029,Tanya,Agarwal,Male,18,Surat,Gujarat,2023-11-05,Regular,Google Ads
3030,Rahul,Kumar,Male,27,Nagpur,Maharashtra,2023-09-22,Budget,Organic Search
3031,Karan,Singh,Male,58,Chennai,Tamil Nadu,2024-05-06,Regular,Referral
3032,Aanya,Trivedi,Male,43,Surat,Gujarat,2025-11-06,VIP,Google Ads
3033,Rohan,Kapoor,Male,50,Lucknow,Uttar Pradesh,2024-06-05,Regular,YouTube
3034,Riya,Parmar,Male,44,Chennai,Tamil Nadu,2025-05-27,Regular,YouTube
3035,Aditya,Thakkar,Male,29,Mumbai,Maharashtra,2023-04-04,Regular,Google Ads
3036,Karan,Patel,Female,19,Hyderabad,Telangana,2023-02-03,Premium,Email
3037,Nisha,Sharma,Male,18,Bengaluru,Karnataka,2025-03-11,Regular,Organic Search
3038,Tanya,Gupta,Male,18,Rajkot,Gujarat,2024-02-20,Regular,Google Ads
3039,Kavya,Thakkar,Female,50,Chennai,Tamil Nadu,2024-06-07,Regular,Referral
3040,Krish,Agarwal,Female,39,Indore,Madhya Pradesh,2023-08-21,Premium,Email
3041,Karan,Agarwal,Male,29,Indore,Madhya Pradesh,2024-08-27,Budget,Facebook
3042,Rohan,Pandya,Male,56,Chennai,Tamil Nadu,2023-04-17,Premium,Organic Search
3043,Kavya,Kumar,Male,53,Nagpur,Maharashtra,2024-06-05,Regular,Facebook
3044,Rohan,Sharma,Female,38,Bengaluru,Karnataka,2024-09-28,Regular,Organic Search
3045,Sneha,Gupta,Male,37,Delhi,Delhi,2025-02-25,Regular,YouTube
3046,Vivaan,Parmar,Female,53,Chennai,Tamil Nadu,2025-10-15,Regular,Instagram
3047,Nisha,Mishra,Female,43,Jaipur,Rajasthan,2023-12-07,Budget,Instagram
3048,Priya,Parmar,Female,48,Bengaluru,Karnataka,2024-11-27,Budget,Referral
3049,Kavya,Thakkar,Female,18,Hyderabad,Telangana,2023-02-28,Regular,YouTube
3050,Rahul,Patel,Female,55,Chennai,Tamil Nadu,2024-08-08,Regular,Facebook
3051,Ananya,Gupta,Male,31,Surat,Gujarat,2023-08-31,Regular,YouTube
3052,Priya,Reddy,Male,43,Delhi,Delhi,2023-08-16,Budget,Facebook
3053,Dev,Patel,Female,59,Pune,Maharashtra,2024-07-13,Regular,Email
3054,Sneha,Desai,Female,24,Vadodara,Gujarat,2024-06-01,Budget,Referral
3055,Simran,Joshi,Female,29,Indore,Madhya Pradesh,2024-07-08,Budget,Organic Search
3056,Neha,Joshi,Female,41,Ahmedabad,Gujarat,2023-05-07,Budget,Facebook
3057,Karan,Soni,Male,36,Hyderabad,Telangana,2023-12-01,Regular,Organic Search
3058,Rohan,Joshi,Female,26,Pune,Maharashtra,2025-01-27,Budget,Facebook
3059,Aarav,Parmar,Female,52,Chennai,Tamil Nadu,2023-05-01,Budget,Facebook
3060,Raj,Gupta,Male,21,Nagpur,Maharashtra,2024-12-01,Regular,Instagram
3061,Priya,Singh,Male,59,Jaipur,Rajasthan,2023-08-30,Budget,Facebook
3062,Simran,Agarwal,Male,49,Rajkot,Gujarat,2023-03-19,Regular,Google Ads
3063,Aanya,Singh,Male,23,Bengaluru,Karnataka,2024-03-25,Regular,Email
3064,Raj,Singh,Female,45,Jaipur,Rajasthan,2023-09-22,Premium,Organic Search
3065,Priya,Thakkar,Female,45,Lucknow,Uttar Pradesh,2024-11-12,Premium,Instagram
3066,Priya,Singh,Female,57,Hyderabad,Telangana,2023-10-22,VIP,Organic Search
3067,Aanya,Desai,Female,46,Pune,Maharashtra,2025-08-22,Regular,Google Ads
3068,Rohan,Trivedi,Female,59,Mumbai,Maharashtra,2025-06-08,Regular,Instagram
3069,Raj,Joshi,Female,22,Ahmedabad,Gujarat,2023-09-04,Premium,Instagram
3070,Arjun,Desai,Female,22,Kolkata,West Bengal,2024-02-28,Regular,Google Ads
3071,Isha,Malhotra,Female,54,Vadodara,Gujarat,2025-12-18,Regular,Organic Search
3072,Aditya,Thakkar,Female,58,Vadodara,Gujarat,2025-04-12,Regular,YouTube
3073,Isha,Pandya,Male,45,Hyderabad,Telangana,2023-01-11,Regular,Referral
3074,Tanya,Parmar,Female,58,Indore,Madhya Pradesh,2023-12-13,Budget,Referral
3075,Ishaan,Verma,Male,26,Chennai,Tamil Nadu,2025-05-01,Premium,Referral
3076,Priya,Agarwal,Male,46,Hyderabad,Telangana,2025-10-25,VIP,YouTube
3077,Riya,Thakkar,Male,31,Surat,Gujarat,2023-09-02,Budget,Facebook
3078,Sneha,Soni,Male,55,Lucknow,Uttar Pradesh,2023-09-06,Premium,Google Ads
3079,Priya,Mehta,Female,57,Indore,Madhya Pradesh,2025-08-02,Budget,Facebook
3080,Simran,Singh,Male,51,Chennai,Tamil Nadu,2024-03-10,Budget,Referral
3081,Arjun,Patel,Male,54,Jaipur,Rajasthan,2023-04-15,Regular,YouTube
3082,Vivaan,Parmar,Female,59,Indore,Madhya Pradesh,2023-08-30,Budget,Google Ads
3083,Riya,Desai,Male,31,Pune,Maharashtra,2024-06-02,Regular,Google Ads
3084,Diya,Kumar,Female,35,Ahmedabad,Gujarat,2024-12-29,Budget,Google Ads
3085,Tanya,Kapoor,Female,50,Ahmedabad,Gujarat,2025-12-03,Regular,Facebook
3086,Aanya,Agarwal,Female,51,Jaipur,Rajasthan,2025-11-15,Regular,Instagram
3087,Kabir,Thakkar,Female,45,Pune,Maharashtra,2023-06-30,Premium,Instagram
3088,Aditya,Patel,Male,53,Indore,Madhya Pradesh,2024-08-26,Regular,Referral
3089,Aryan,Trivedi,Female,54,Lucknow,Uttar Pradesh,2024-03-03,Budget,Instagram
3090,Riya,Gupta,Male,40,Lucknow,Uttar Pradesh,2023-09-25,Regular,Organic Search
3091,Rahul,Trivedi,Male,59,Rajkot,Gujarat,2025-05-07,Premium,Google Ads
3092,Dev,Malhotra,Female,34,Nagpur,Maharashtra,2024-08-02,Regular,YouTube
3093,Priya,Sharma,Male,28,Lucknow,Uttar Pradesh,2025-05-25,Regular,Facebook
3094,Dev,Thakkar,Female,49,Mumbai,Maharashtra,2023-05-31,Regular,Facebook
3095,Raj,Mehta,Male,54,Nagpur,Maharashtra,2024-08-22,Regular,YouTube
3096,Isha,Shah,Male,32,Delhi,Delhi,2023-04-05,Regular,Instagram
3097,Aryan,Parmar,Male,21,Ahmedabad,Gujarat,2024-01-17,Premium,Referral
3098,Isha,Pandya,Male,56,Hyderabad,Telangana,2024-05-29,Budget,Email
3099,Neha,Verma,Female,47,Vadodara,Gujarat,2025-07-18,VIP,YouTube
3100,Aryan,Thakkar,Female,27,Hyderabad,Telangana,2023-07-18,Budget,Instagram
3101,Aryan,Desai,Male,40,Delhi,Delhi,2023-01-08,Regular,Google Ads
3102,Aarav,Shah,Male,41,Nagpur,Maharashtra,2025-03-15,Budget,YouTube
3103,Vivaan,Verma,Male,53,Delhi,Delhi,2023-11-23,Regular,Instagram
3104,Tanya,Shah,Male,22,Chennai,Tamil Nadu,2025-05-20,Regular,Facebook
3105,Diya,Thakkar,Female,54,Nagpur,Maharashtra,2025-11-10,Budget,Email
3106,Aarav,Kumar,Male,60,Ahmedabad,Gujarat,2023-09-12,VIP,Email
3107,Dev,Malhotra,Male,36,Pune,Maharashtra,2025-11-16,Regular,Email
3108,Aanya,Kumar,Male,54,Lucknow,Uttar Pradesh,2024-06-03,Regular,Instagram
3109,Simran,Thakkar,Female,25,Delhi,Delhi,2025-07-18,Regular,Instagram
3110,Tanya,Singh,Male,24,Pune,Maharashtra,2024-06-13,Budget,Google Ads
3111,Kabir,Reddy,Female,57,Rajkot,Gujarat,2025-08-04,Regular,Email
3112,Priya,Shah,Female,30,Indore,Madhya Pradesh,2024-05-14,Regular,Organic Search
3113,Tanya,Sharma,Male,54,Bengaluru,Karnataka,2024-05-24,Regular,Facebook
3114,Ishaan,Trivedi,Male,44,Hyderabad,Telangana,2024-02-28,Premium,Referral
3115,Sneha,Singh,Male,35,Vadodara,Gujarat,2023-05-30,Budget,Email
3116,Vivaan,Desai,Female,41,Jaipur,Rajasthan,2024-10-29,Regular,YouTube
3117,Kabir,Trivedi,Female,58,Mumbai,Maharashtra,2025-08-03,Budget,YouTube
3118,Nisha,Pandya,Male,19,Surat,Gujarat,2025-12-06,Regular,Facebook
3119,Kavya,Joshi,Female,33,Kolkata,West Bengal,2023-11-08,Regular,Instagram
3120,Kabir,Pandya,Male,31,Indore,Madhya Pradesh,2023-05-19,Budget,Referral
3121,Isha,Trivedi,Male,34,Lucknow,Uttar Pradesh,2025-07-10,Regular,Organic Search
3122,Ananya,Agarwal,Male,23,Mumbai,Maharashtra,2023-01-14,Regular,Email
3123,Isha,Verma,Male,52,Bengaluru,Karnataka,2025-02-09,VIP,Referral
3124,Tanya,Mishra,Male,34,Jaipur,Rajasthan,2023-07-04,Regular,YouTube
3125,Sneha,Agarwal,Male,55,Bengaluru,Karnataka,2023-04-20,Budget,Facebook
3126,Neha,Kumar,Female,57,Chennai,Tamil Nadu,2025-01-12,Budget,Organic Search
3127,Raj,Desai,Female,23,Rajkot,Gujarat,2023-10-08,Budget,Organic Search
3128,Meera,Mehta,Female,55,Pune,Maharashtra,2024-06-26,Budget,Google Ads
3129,Rohan,Shah,Male,38,Lucknow,Uttar Pradesh,2023-03-27,Regular,YouTube
3130,Yash,Pandya,Male,52,Mumbai,Maharashtra,2023-05-18,Premium,YouTube
3131,Aarav,Joshi,Male,40,Kolkata,West Bengal,2023-03-18,Budget,Email
3132,Sneha,Mishra,Female,29,Rajkot,Gujarat,2025-09-01,Regular,Instagram
3133,Rohan,Singh,Male,46,Surat,Gujarat,2025-02-14,Regular,YouTube
3134,Kabir,Joshi,Female,44,Nagpur,Maharashtra,2025-10-13,Regular,YouTube
3135,Raj,Kapoor,Male,23,Surat,Gujarat,2023-04-07,Budget,Organic Search
3136,Kabir,Trivedi,Female,38,Mumbai,Maharashtra,2025-09-21,VIP,Email
3137,Pooja,Shah,Male,24,Delhi,Delhi,2025-03-08,Regular,Instagram
3138,Sneha,Patel,Male,60,Surat,Gujarat,2025-10-29,VIP,Referral
3139,Ishaan,Sharma,Female,58,Chennai,Tamil Nadu,2023-03-24,Budget,Google Ads
3140,Aarav,Singh,Female,33,Pune,Maharashtra,2023-02-16,Regular,Referral
3141,Raj,Soni,Female,22,Surat,Gujarat,2024-03-05,Regular,Organic Search
3142,Meera,Sharma,Male,32,Rajkot,Gujarat,2024-05-27,Regular,Google Ads
3143,Neha,Agarwal,Female,38,Delhi,Delhi,2024-05-27,Budget,Google Ads
3144,Aditya,Joshi,Female,21,Vadodara,Gujarat,2024-10-19,VIP,Google Ads
3145,Neha,Reddy,Male,22,Mumbai,Maharashtra,2024-11-03,Premium,Instagram
3146,Isha,Trivedi,Male,24,Rajkot,Gujarat,2024-10-08,Budget,Google Ads
3147,Rohan,Agarwal,Female,52,Hyderabad,Telangana,2025-03-08,Regular,Email
3148,Riya,Soni,Male,53,Surat,Gujarat,2023-03-18,Regular,Email
3149,Priya,Agarwal,Female,32,Ahmedabad,Gujarat,2023-03-22,Premium,Email
3150,Kabir,Thakkar,Female,45,Kolkata,West Bengal,2024-07-07,Regular,Organic Search
3151,Simran,Malhotra,Female,19,Pune,Maharashtra,2024-09-27,Budget,Google Ads
3152,Krish,Reddy,Male,22,Pune,Maharashtra,2025-01-11,Budget,Email
3153,Arjun,Singh,Female,24,Indore,Madhya Pradesh,2025-04-25,Budget,Organic Search
3154,Ishaan,Patel,Female,39,Mumbai,Maharashtra,2023-04-17,Budget,Email
3155,Riya,Sharma,Male,48,Chennai,Tamil Nadu,2025-08-22,Budget,Facebook
3156,Ananya,Mishra,Female,49,Pune,Maharashtra,2024-11-16,Regular,Google Ads
3157,Meera,Mehta,Female,25,Kolkata,West Bengal,2025-07-29,Regular,Email
3158,Karan,Malhotra,Female,58,Pune,Maharashtra,2023-11-08,Regular,Referral
3159,Meera,Shah,Male,59,Nagpur,Maharashtra,2024-08-21,Regular,Instagram
3160,Tanya,Mehta,Female,28,Jaipur,Rajasthan,2024-11-14,Budget,Email
3161,Meera,Singh,Male,18,Pune,Maharashtra,2024-09-24,Regular,Facebook
3162,Ishaan,Malhotra,Male,57,Lucknow,Uttar Pradesh,2024-10-29,Regular,Instagram
3163,Simran,Desai,Female,36,Delhi,Delhi,2024-08-21,Regular,Instagram
3164,Rohan,Soni,Female,55,Lucknow,Uttar Pradesh,2024-02-19,Regular,Referral
3165,Rohan,Malhotra,Male,59,Mumbai,Maharashtra,2025-02-10,Budget,Organic Search
3166,Kavya,Sharma,Female,54,Pune,Maharashtra,2024-01-19,Regular,Organic Search
3167,Kabir,Joshi,Female,24,Surat,Gujarat,2025-11-21,Premium,Referral
3168,Dev,Parmar,Male,56,Lucknow,Uttar Pradesh,2024-06-23,Regular,Organic Search
3169,Rahul,Pandya,Female,42,Surat,Gujarat,2024-05-01,Budget,Referral
3170,Ananya,Mehta,Female,39,Pune,Maharashtra,2023-09-21,Premium,Organic Search
3171,Diya,Trivedi,Male,44,Hyderabad,Telangana,2023-01-30,Budget,YouTube
3172,Tanya,Pandya,Female,58,Mumbai,Maharashtra,2025-06-17,Regular,Facebook
3173,Isha,Pandya,Male,55,Pune,Maharashtra,2023-05-10,Budget,Organic Search
3174,Kabir,Patel,Male,56,Nagpur,Maharashtra,2025-12-29,Premium,Facebook
3175,Kabir,Mishra,Female,32,Ahmedabad,Gujarat,2023-04-29,Regular,Email
3176,Pooja,Malhotra,Male,19,Delhi,Delhi,2023-11-23,Regular,Organic Search
3177,Aryan,Joshi,Female,25,Delhi,Delhi,2025-12-29,Regular,Facebook
3178,Vivaan,Mehta,Female,60,Delhi,Delhi,2023-07-27,Regular,Instagram
3179,Ananya,Joshi,Male,23,Nagpur,Maharashtra,2023-04-01,Budget,Instagram
3180,Aanya,Joshi,Male,37,Delhi,Delhi,2023-04-30,Regular,Email
3181,Aditya,Joshi,Male,44,Kolkata,West Bengal,2025-09-08,Regular,Instagram
3182,Isha,Mehta,Male,40,Nagpur,Maharashtra,2023-07-26,Regular,Organic Search
3183,Arjun,Mehta,Male,57,Ahmedabad,Gujarat,2024-02-10,Budget,Email
3184,Arjun,Soni,Male,34,Hyderabad,Telangana,2025-02-06,Budget,Referral
3185,Krish,Pandya,Female,30,Hyderabad,Telangana,2024-06-30,Regular,YouTube
3186,Aryan,Soni,Female,21,Ahmedabad,Gujarat,2023-05-04,Regular,Facebook
3187,Aryan,Parmar,Male,37,Lucknow,Uttar Pradesh,2023-04-22,Budget,Facebook
3188,Pooja,Shah,Female,59,Ahmedabad,Gujarat,2025-10-06,Budget,Facebook
3189,Simran,Agarwal,Male,42,Delhi,Delhi,2025-09-09,Regular,YouTube
3190,Sneha,Verma,Male,39,Nagpur,Maharashtra,2024-09-05,Budget,Facebook
3191,Aanya,Trivedi,Female,34,Kolkata,West Bengal,2025-08-02,Regular,Referral
3192,Dev,Verma,Female,57,Hyderabad,Telangana,2024-12-06,Regular,YouTube
3193,Priya,Sharma,Male,28,Bengaluru,Karnataka,2023-05-27,Regular,YouTube
3194,Arjun,Verma,Male,42,Pune,Maharashtra,2023-05-12,Premium,Email
3195,Yash,Reddy,Male,22,Surat,Gujarat,2025-01-01,Budget,Referral
3196,Nisha,Agarwal,Female,38,Indore,Madhya Pradesh,2025-04-29,Premium,Google Ads
3197,Kabir,Reddy,Male,43,Delhi,Delhi,2023-04-14,Regular,Organic Search
3198,Vivaan,Thakkar,Male,33,Nagpur,Maharashtra,2024-07-06,Regular,Google Ads
3199,Kavya,Singh,Female,57,Indore,Madhya Pradesh,2024-07-21,Premium,Email
3200,Raj,Sharma,Female,38,Nagpur,Maharashtra,2025-01-31,Regular,Email
3201,Priya,Reddy,Female,49,Rajkot,Gujarat,2025-07-15,Premium,Email
3202,Diya,Soni,Male,21,Rajkot,Gujarat,2024-10-23,Regular,Facebook
3203,Tanya,Joshi,Male,55,Hyderabad,Telangana,2025-08-01,Regular,Organic Search
3204,Vivaan,Agarwal,Female,25,Hyderabad,Telangana,2025-04-27,Regular,Organic Search
3205,Ishaan,Gupta,Male,26,Hyderabad,Telangana,2025-06-14,Budget,Instagram
3206,Dev,Sharma,Male,34,Jaipur,Rajasthan,2023-06-18,Premium,Email
3207,Ananya,Soni,Female,58,Indore,Madhya Pradesh,2024-07-10,Regular,YouTube
3208,Isha,Kapoor,Female,30,Nagpur,Maharashtra,2025-09-11,Regular,Google Ads
3209,Kabir,Kumar,Male,26,Surat,Gujarat,2024-06-03,Premium,Facebook
3210,Aanya,Sharma,Female,23,Lucknow,Uttar Pradesh,2023-04-17,VIP,Referral
3211,Sneha,Singh,Female,44,Rajkot,Gujarat,2025-06-03,Budget,Instagram
3212,Aryan,Gupta,Male,59,Kolkata,West Bengal,2024-10-19,Regular,Google Ads
3213,Pooja,Parmar,Male,54,Hyderabad,Telangana,2023-01-31,Regular,Google Ads
3214,Kabir,Agarwal,Male,56,Mumbai,Maharashtra,2023-09-04,Regular,Google Ads
3215,Nisha,Singh,Male,60,Bengaluru,Karnataka,2025-07-14,VIP,YouTube
3216,Krish,Thakkar,Male,41,Nagpur,Maharashtra,2023-01-24,Premium,YouTube
3217,Tanya,Trivedi,Male,26,Hyderabad,Telangana,2024-05-12,Regular,YouTube
3218,Simran,Gupta,Female,59,Jaipur,Rajasthan,2025-05-03,Regular,Instagram
3219,Pooja,Mishra,Female,28,Rajkot,Gujarat,2023-10-31,Regular,Organic Search
3220,Aanya,Shah,Female,52,Mumbai,Maharashtra,2023-11-12,Regular,Google Ads
3221,Kavya,Patel,Male,46,Nagpur,Maharashtra,2023-10-05,Budget,Email
3222,Riya,Mishra,Male,25,Hyderabad,Telangana,2024-06-25,Regular,Instagram
3223,Riya,Gupta,Male,34,Surat,Gujarat,2025-02-27,Budget,YouTube
3224,Priya,Sharma,Male,24,Rajkot,Gujarat,2023-12-22,Regular,YouTube
3225,Yash,Agarwal,Male,29,Surat,Gujarat,2023-09-07,Regular,YouTube
3226,Meera,Thakkar,Female,32,Surat,Gujarat,2023-04-13,Budget,Organic Search
3227,Krish,Sharma,Male,46,Chennai,Tamil Nadu,2023-02-04,Premium,Referral
3228,Isha,Desai,Female,41,Indore,Madhya Pradesh,2024-06-15,Budget,Facebook
3229,Neha,Pandya,Male,54,Indore,Madhya Pradesh,2024-07-12,Regular,Referral
3230,Priya,Thakkar,Female,31,Nagpur,Maharashtra,2025-12-12,Regular,Google Ads
3231,Aditya,Kumar,Female,28,Kolkata,West Bengal,2025-02-23,Premium,Email
3232,Simran,Reddy,Female,52,Lucknow,Uttar Pradesh,2023-01-18,Premium,Google Ads
3233,Sneha,Singh,Female,34,Jaipur,Rajasthan,2023-06-01,Regular,Instagram
3234,Karan,Mishra,Female,44,Pune,Maharashtra,2025-10-12,Budget,Facebook
3235,Isha,Reddy,Female,20,Jaipur,Rajasthan,2025-05-22,Regular,Instagram
3236,Yash,Singh,Female,19,Jaipur,Rajasthan,2024-07-02,Regular,Organic Search
3237,Aryan,Soni,Male,21,Lucknow,Uttar Pradesh,2024-01-14,Regular,Organic Search
3238,Ananya,Pandya,Male,35,Nagpur,Maharashtra,2024-04-02,Budget,YouTube
3239,Aanya,Parmar,Female,37,Rajkot,Gujarat,2023-12-19,Budget,YouTube
3240,Priya,Joshi,Male,38,Chennai,Tamil Nadu,2024-01-11,Budget,Email
3241,Raj,Joshi,Male,31,Mumbai,Maharashtra,2023-07-27,Regular,Google Ads
3242,Priya,Reddy,Female,25,Kolkata,West Bengal,2024-04-04,Regular,Instagram
3243,Kabir,Mehta,Male,19,Vadodara,Gujarat,2024-06-13,Regular,Referral
3244,Krish,Verma,Female,43,Pune,Maharashtra,2024-04-29,Regular,YouTube
3245,Kabir,Patel,Male,36,Lucknow,Uttar Pradesh,2023-05-02,Premium,Email
3246,Krish,Pandya,Female,59,Rajkot,Gujarat,2025-03-04,Regular,Email
3247,Karan,Gupta,Male,45,Kolkata,West Bengal,2023-09-08,Regular,Instagram
3248,Sneha,Mishra,Female,46,Mumbai,Maharashtra,2023-02-16,Budget,Google Ads
3249,Yash,Sharma,Male,22,Indore,Madhya Pradesh,2025-06-14,Regular,Facebook
3250,Ishaan,Singh,Male,60,Chennai,Tamil Nadu,2023-09-02,Regular,Organic Search
3251,Kavya,Gupta,Male,45,Pune,Maharashtra,2024-12-24,Regular,Email
3252,Kavya,Malhotra,Female,58,Bengaluru,Karnataka,2023-08-06,Premium,Organic Search
3253,Ishaan,Joshi,Female,43,Surat,Gujarat,2025-02-01,Premium,Instagram
3254,Pooja,Reddy,Male,22,Lucknow,Uttar Pradesh,2024-08-26,Premium,YouTube
3255,Kavya,Shah,Male,32,Hyderabad,Telangana,2023-10-17,Budget,Facebook
3256,Tanya,Reddy,Female,26,Pune,Maharashtra,2024-08-24,Regular,Facebook
3257,Raj,Desai,Male,49,Hyderabad,Telangana,2025-09-22,Regular,Google Ads
3258,Aanya,Thakkar,Male,43,Jaipur,Rajasthan,2024-11-26,Regular,Instagram
3259,Vivaan,Thakkar,Female,54,Ahmedabad,Gujarat,2024-09-01,Regular,Google Ads
3260,Priya,Agarwal,Female,32,Lucknow,Uttar Pradesh,2023-11-02,Premium,Email
3261,Ananya,Thakkar,Male,58,Rajkot,Gujarat,2024-06-19,Regular,Email
3262,Riya,Mehta,Female,21,Ahmedabad,Gujarat,2025-01-26,Budget,Referral
3263,Nisha,Singh,Male,53,Lucknow,Uttar Pradesh,2025-10-10,Budget,Organic Search
3264,Aanya,Pandya,Male,37,Hyderabad,Telangana,2023-12-20,Budget,Instagram
3265,Ananya,Mishra,Female,44,Mumbai,Maharashtra,2025-01-04,Budget,YouTube
3266,Meera,Pandya,Male,38,Kolkata,West Bengal,2023-08-23,Budget,Referral
3267,Sneha,Mehta,Female,39,Chennai,Tamil Nadu,2023-11-02,Budget,Referral
3268,Neha,Mehta,Female,24,Hyderabad,Telangana,2023-11-10,Regular,Email
3269,Yash,Reddy,Male,48,Bengaluru,Karnataka,2025-08-05,Regular,Email
3270,Raj,Soni,Female,34,Jaipur,Rajasthan,2025-11-02,Budget,YouTube
3271,Kavya,Sharma,Male,24,Chennai,Tamil Nadu,2025-04-06,Regular,Referral
3272,Ishaan,Verma,Female,36,Chennai,Tamil Nadu,2023-06-16,Premium,Facebook
3273,Rohan,Gupta,Male,45,Nagpur,Maharashtra,2023-02-22,Regular,Organic Search
3274,Aarav,Kapoor,Female,27,Pune,Maharashtra,2023-10-03,VIP,Instagram
3275,Neha,Joshi,Male,44,Ahmedabad,Gujarat,2024-03-22,Regular,Organic Search
3276,Aditya,Thakkar,Male,30,Indore,Madhya Pradesh,2023-12-18,VIP,Facebook
3277,Kavya,Agarwal,Female,19,Indore,Madhya Pradesh,2023-01-10,Budget,Google Ads
3278,Meera,Reddy,Male,39,Mumbai,Maharashtra,2024-02-14,Budget,YouTube
3279,Sneha,Parmar,Male,37,Kolkata,West Bengal,2023-05-27,Regular,Instagram
3280,Karan,Verma,Male,60,Rajkot,Gujarat,2025-04-08,VIP,YouTube
3281,Yash,Sharma,Male,22,Pune,Maharashtra,2024-09-21,Premium,YouTube
3282,Ananya,Malhotra,Male,23,Mumbai,Maharashtra,2025-05-01,Regular,Facebook
3283,Pooja,Desai,Male,52,Vadodara,Gujarat,2024-03-03,Budget,Facebook
3284,Rohan,Joshi,Female,18,Pune,Maharashtra,2024-05-02,Regular,Google Ads
3285,Ananya,Kapoor,Female,52,Kolkata,West Bengal,2024-08-06,Budget,Instagram
3286,Kabir,Mishra,Female,20,Bengaluru,Karnataka,2024-10-17,Regular,YouTube
3287,Dev,Singh,Female,53,Delhi,Delhi,2024-09-07,Budget,Organic Search
3288,Simran,Pandya,Male,24,Pune,Maharashtra,2023-08-03,Regular,Referral
3289,Diya,Parmar,Male,46,Lucknow,Uttar Pradesh,2025-09-18,Premium,Organic Search
3290,Kabir,Verma,Female,32,Chennai,Tamil Nadu,2024-05-24,Budget,Google Ads
3291,Aarav,Kumar,Male,28,Mumbai,Maharashtra,2024-05-25,Regular,YouTube
3292,Yash,Trivedi,Female,35,Ahmedabad,Gujarat,2023-01-26,Budget,Organic Search
3293,Rohan,Pandya,Male,21,Lucknow,Uttar Pradesh,2023-07-12,Budget,Google Ads
3294,Aditya,Kumar,Male,41,Rajkot,Gujarat,2023-04-13,Regular,YouTube
3295,Aarav,Agarwal,Female,28,Pune,Maharashtra,2024-02-15,Budget,Facebook
3296,Arjun,Reddy,Male,23,Lucknow,Uttar Pradesh,2025-01-14,Premium,Email
3297,Kabir,Mishra,Female,35,Lucknow,Uttar Pradesh,2023-02-20,Regular,Google Ads
3298,Aditya,Agarwal,Female,32,Chennai,Tamil Nadu,2023-12-09,Budget,Google Ads
3299,Dev,Shah,Female,20,Lucknow,Uttar Pradesh,2023-07-21,Regular,Email
3300,Vivaan,Agarwal,Male,34,Kolkata,West Bengal,2023-10-27,Budget,Facebook
3301,Ishaan,Malhotra,Male,50,Rajkot,Gujarat,2023-05-26,Budget,Google Ads
3302,Pooja,Desai,Female,51,Kolkata,West Bengal,2025-02-08,Budget,Facebook
3303,Dev,Reddy,Male,47,Surat,Gujarat,2024-04-06,Budget,Organic Search
3304,Priya,Verma,Female,36,Jaipur,Rajasthan,2025-07-04,Regular,Organic Search
3305,Krish,Sharma,Female,26,Rajkot,Gujarat,2025-04-03,Premium,Organic Search
3306,Karan,Patel,Male,57,Rajkot,Gujarat,2024-05-18,Regular,Organic Search
3307,Nisha,Reddy,Female,48,Vadodara,Gujarat,2023-05-31,Regular,Referral
3308,Nisha,Kapoor,Male,44,Ahmedabad,Gujarat,2023-07-18,Regular,YouTube
3309,Vivaan,Agarwal,Male,42,Chennai,Tamil Nadu,2024-03-04,Budget,Referral
3310,Aryan,Kumar,Male,24,Surat,Gujarat,2023-10-30,Regular,Organic Search
3311,Diya,Soni,Female,24,Kolkata,West Bengal,2025-06-22,Regular,YouTube
3312,Raj,Gupta,Female,37,Hyderabad,Telangana,2024-05-12,Budget,Email
3313,Aryan,Singh,Male,60,Surat,Gujarat,2025-06-19,Regular,Organic Search
3314,Riya,Trivedi,Male,53,Indore,Madhya Pradesh,2025-03-01,Regular,Instagram
3315,Arjun,Reddy,Female,36,Vadodara,Gujarat,2023-04-15,Premium,Organic Search
3316,Kavya,Desai,Male,19,Bengaluru,Karnataka,2023-01-10,Budget,Facebook
3317,Dev,Thakkar,Male,51,Chennai,Tamil Nadu,2025-11-16,Budget,Organic Search
3318,Simran,Kumar,Female,34,Delhi,Delhi,2024-09-02,Budget,Instagram
3319,Simran,Gupta,Female,41,Mumbai,Maharashtra,2025-02-07,Premium,Instagram
3320,Kavya,Desai,Female,26,Hyderabad,Telangana,2023-11-23,Premium,Facebook
3321,Yash,Agarwal,Male,18,Mumbai,Maharashtra,2025-06-01,Premium,Organic Search
3322,Isha,Soni,Female,59,Hyderabad,Telangana,2025-06-25,Regular,Instagram
3323,Krish,Agarwal,Female,45,Surat,Gujarat,2025-01-07,Regular,Google Ads
3324,Krish,Desai,Female,32,Delhi,Delhi,2023-05-07,Budget,Organic Search
3325,Pooja,Joshi,Female,38,Indore,Madhya Pradesh,2025-07-12,Premium,YouTube
3326,Vivaan,Parmar,Female,32,Mumbai,Maharashtra,2023-06-20,Premium,Referral
3327,Priya,Patel,Female,40,Lucknow,Uttar Pradesh,2023-07-31,Regular,Email
3328,Pooja,Desai,Female,19,Kolkata,West Bengal,2025-07-12,Regular,Organic Search
3329,Riya,Gupta,Male,53,Bengaluru,Karnataka,2023-07-08,Regular,Facebook
3330,Ishaan,Trivedi,Female,26,Nagpur,Maharashtra,2025-07-21,Budget,Email
3331,Diya,Kapoor,Male,19,Vadodara,Gujarat,2024-01-22,Premium,Referral
3332,Meera,Sharma,Male,19,Indore,Madhya Pradesh,2025-02-15,Regular,YouTube
3333,Sneha,Thakkar,Female,35,Bengaluru,Karnataka,2025-10-08,Regular,Email
3334,Rahul,Shah,Male,34,Chennai,Tamil Nadu,2024-12-26,Regular,Facebook
3335,Neha,Soni,Female,58,Kolkata,West Bengal,2023-01-23,Regular,Email
3336,Meera,Malhotra,Male,25,Vadodara,Gujarat,2024-02-05,Budget,Instagram
3337,Rohan,Pandya,Female,51,Lucknow,Uttar Pradesh,2024-05-19,Premium,Instagram
3338,Simran,Mehta,Male,51,Jaipur,Rajasthan,2025-07-09,VIP,YouTube
3339,Arjun,Pandya,Female,22,Surat,Gujarat,2023-11-25,Regular,Organic Search
3340,Ananya,Patel,Female,46,Kolkata,West Bengal,2024-04-15,Regular,Instagram
3341,Arjun,Singh,Male,45,Indore,Madhya Pradesh,2024-02-16,Regular,Email
3342,Riya,Kumar,Male,33,Bengaluru,Karnataka,2025-01-23,Regular,Google Ads
3343,Dev,Mehta,Female,31,Mumbai,Maharashtra,2023-01-29,Premium,Email
3344,Neha,Sharma,Male,19,Surat,Gujarat,2023-09-02,Budget,Google Ads
3345,Kavya,Verma,Female,57,Pune,Maharashtra,2025-07-26,Budget,Email
3346,Aditya,Thakkar,Male,21,Chennai,Tamil Nadu,2025-04-05,Premium,Google Ads
3347,Simran,Pandya,Female,58,Mumbai,Maharashtra,2025-12-19,Budget,Organic Search
3348,Rohan,Mishra,Male,48,Nagpur,Maharashtra,2023-05-19,Regular,Google Ads
3349,Rahul,Mishra,Female,43,Bengaluru,Karnataka,2023-12-23,Budget,Facebook
3350,Priya,Thakkar,Male,44,Hyderabad,Telangana,2023-07-31,VIP,Facebook
3351,Kavya,Reddy,Female,51,Kolkata,West Bengal,2024-04-30,Premium,Referral
3352,Kabir,Trivedi,Male,48,Surat,Gujarat,2023-06-27,Premium,Email
3353,Karan,Reddy,Female,28,Lucknow,Uttar Pradesh,2024-05-27,VIP,Instagram
3354,Priya,Mishra,Male,25,Hyderabad,Telangana,2023-04-23,Budget,Facebook
3355,Dev,Reddy,Male,29,Hyderabad,Telangana,2023-10-10,Regular,Google Ads
3356,Rahul,Thakkar,Female,52,Hyderabad,Telangana,2024-06-27,Regular,Email
3357,Krish,Kapoor,Male,51,Bengaluru,Karnataka,2023-02-10,Premium,Instagram
3358,Arjun,Sharma,Male,30,Lucknow,Uttar Pradesh,2025-07-20,Budget,Email
3359,Tanya,Mishra,Female,44,Delhi,Delhi,2025-05-04,Premium,Google Ads
3360,Pooja,Desai,Female,25,Ahmedabad,Gujarat,2025-07-14,Budget,Facebook
3361,Raj,Thakkar,Female,38,Mumbai,Maharashtra,2023-11-09,Premium,Facebook
3362,Riya,Thakkar,Female,58,Mumbai,Maharashtra,2024-04-15,Regular,YouTube
3363,Isha,Parmar,Male,28,Surat,Gujarat,2023-02-17,Regular,YouTube
3364,Sneha,Thakkar,Male,39,Chennai,Tamil Nadu,2023-05-14,Regular,Referral
3365,Karan,Gupta,Male,38,Rajkot,Gujarat,2024-06-02,Budget,Referral
3366,Arjun,Agarwal,Female,45,Indore,Madhya Pradesh,2025-09-25,Regular,Referral
3367,Krish,Parmar,Male,20,Hyderabad,Telangana,2023-11-13,Regular,Email
3368,Aditya,Desai,Male,24,Nagpur,Maharashtra,2023-03-27,Regular,Email
3369,Neha,Verma,Female,31,Kolkata,West Bengal,2025-12-07,Regular,Instagram
3370,Rohan,Agarwal,Male,32,Jaipur,Rajasthan,2025-10-06,Regular,Referral
3371,Diya,Joshi,Male,26,Pune,Maharashtra,2024-05-04,Regular,Facebook
3372,Simran,Singh,Female,60,Rajkot,Gujarat,2024-02-28,Premium,Referral
3373,Sneha,Mishra,Male,24,Delhi,Delhi,2024-01-22,Premium,Facebook
3374,Riya,Kapoor,Female,29,Bengaluru,Karnataka,2025-07-14,Budget,Referral
3375,Arjun,Sharma,Female,36,Indore,Madhya Pradesh,2023-08-28,Premium,YouTube
3376,Neha,Soni,Male,44,Rajkot,Gujarat,2023-09-15,VIP,Google Ads
3377,Neha,Desai,Male,35,Kolkata,West Bengal,2023-02-13,Premium,Google Ads
3378,Vivaan,Sharma,Male,30,Delhi,Delhi,2024-10-25,Premium,Referral
3379,Aanya,Joshi,Female,60,Mumbai,Maharashtra,2025-10-03,Regular,YouTube
3380,Meera,Pandya,Female,18,Chennai,Tamil Nadu,2025-01-23,Budget,Email
3381,Tanya,Reddy,Male,55,Indore,Madhya Pradesh,2023-04-15,Regular,Referral
3382,Tanya,Desai,Male,38,Bengaluru,Karnataka,2025-08-11,Regular,Organic Search
3383,Meera,Shah,Female,51,Lucknow,Uttar Pradesh,2025-07-15,Budget,Referral
3384,Isha,Parmar,Male,30,Kolkata,West Bengal,2025-08-11,Budget,Organic Search
3385,Krish,Thakkar,Male,58,Ahmedabad,Gujarat,2024-11-25,Regular,Organic Search
3386,Meera,Reddy,Female,40,Kolkata,West Bengal,2023-02-26,Regular,Facebook
3387,Kavya,Malhotra,Male,18,Pune,Maharashtra,2023-08-28,Budget,Facebook
3388,Neha,Mehta,Male,40,Vadodara,Gujarat,2025-09-07,Regular,Referral
3389,Raj,Soni,Male,45,Mumbai,Maharashtra,2024-03-02,Premium,Facebook
3390,Yash,Verma,Male,49,Ahmedabad,Gujarat,2024-09-08,Budget,Google Ads
3391,Simran,Kumar,Female,25,Lucknow,Uttar Pradesh,2024-07-30,VIP,Email
3392,Rahul,Agarwal,Female,43,Hyderabad,Telangana,2025-09-28,Regular,Organic Search
3393,Priya,Gupta,Female,31,Indore,Madhya Pradesh,2023-05-20,Budget,Referral
3394,Arjun,Mehta,Female,41,Jaipur,Rajasthan,2023-03-03,Budget,Google Ads
3395,Meera,Joshi,Male,46,Jaipur,Rajasthan,2023-06-01,Regular,Email
3396,Diya,Soni,Male,21,Jaipur,Rajasthan,2023-05-10,Budget,YouTube
3397,Raj,Kapoor,Male,35,Rajkot,Gujarat,2024-03-06,Premium,Email
3398,Arjun,Malhotra,Male,31,Bengaluru,Karnataka,2024-02-04,Regular,Organic Search
3399,Sneha,Desai,Female,44,Hyderabad,Telangana,2024-11-04,Premium,Google Ads
3400,Isha,Parmar,Male,58,Indore,Madhya Pradesh,2024-06-24,Regular,Facebook
3401,Sneha,Verma,Male,20,Vadodara,Gujarat,2023-07-01,Regular,Google Ads
3402,Aarav,Thakkar,Female,47,Surat,Gujarat,2025-12-10,Budget,YouTube
3403,Aanya,Joshi,Female,53,Hyderabad,Telangana,2024-06-09,Regular,Facebook
3404,Riya,Mishra,Female,40,Pune,Maharashtra,2023-12-16,Regular,Google Ads
3405,Isha,Agarwal,Male,35,Mumbai,Maharashtra,2025-12-17,Regular,Facebook
3406,Nisha,Shah,Female,57,Chennai,Tamil Nadu,2024-02-23,Premium,Organic Search
3407,Tanya,Mishra,Male,27,Nagpur,Maharashtra,2024-10-01,Regular,YouTube
3408,Nisha,Kumar,Male,29,Lucknow,Uttar Pradesh,2023-02-06,Premium,Email
3409,Ananya,Verma,Female,58,Ahmedabad,Gujarat,2024-05-08,Regular,Email
3410,Ishaan,Verma,Female,25,Hyderabad,Telangana,2023-12-25,Regular,Organic Search
3411,Pooja,Kapoor,Female,49,Pune,Maharashtra,2024-10-12,Regular,Organic Search
3412,Tanya,Mishra,Male,34,Pune,Maharashtra,2024-06-22,Budget,Instagram
3413,Kavya,Mehta,Male,58,Kolkata,West Bengal,2023-12-10,Regular,Facebook
3414,Raj,Parmar,Male,31,Jaipur,Rajasthan,2025-01-14,Regular,Referral
3415,Aarav,Soni,Female,54,Chennai,Tamil Nadu,2023-06-20,Budget,YouTube
3416,Isha,Malhotra,Male,26,Surat,Gujarat,2025-05-15,Regular,Google Ads
3417,Rahul,Malhotra,Male,43,Lucknow,Uttar Pradesh,2023-01-20,Regular,Referral
3418,Arjun,Mishra,Male,41,Kolkata,West Bengal,2023-10-30,Budget,Google Ads
3419,Riya,Gupta,Male,40,Indore,Madhya Pradesh,2025-02-14,Premium,Instagram
3420,Diya,Singh,Female,48,Mumbai,Maharashtra,2025-09-23,Regular,Google Ads
3421,Ananya,Reddy,Male,56,Mumbai,Maharashtra,2023-11-23,Regular,Organic Search
3422,Nisha,Kapoor,Female,19,Vadodara,Gujarat,2024-07-29,Regular,YouTube
3423,Ananya,Shah,Female,35,Nagpur,Maharashtra,2025-11-01,Premium,YouTube
3424,Rahul,Kapoor,Male,33,Kolkata,West Bengal,2023-12-27,Budget,Organic Search
3425,Ananya,Kapoor,Male,46,Hyderabad,Telangana,2025-02-10,Regular,Email
3426,Krish,Verma,Female,28,Kolkata,West Bengal,2023-10-23,Regular,Facebook
3427,Tanya,Agarwal,Male,19,Indore,Madhya Pradesh,2025-02-07,Premium,Facebook
3428,Ishaan,Kapoor,Female,31,Jaipur,Rajasthan,2025-01-28,Regular,Google Ads
3429,Karan,Shah,Male,21,Jaipur,Rajasthan,2024-10-14,Budget,Facebook
3430,Aryan,Agarwal,Male,56,Rajkot,Gujarat,2025-03-28,Regular,Organic Search
3431,Simran,Pandya,Female,51,Hyderabad,Telangana,2024-11-23,Regular,Instagram
3432,Diya,Sharma,Male,56,Kolkata,West Bengal,2024-05-14,Budget,Facebook
3433,Rohan,Malhotra,Female,26,Nagpur,Maharashtra,2025-12-03,Premium,Referral
3434,Pooja,Trivedi,Female,57,Mumbai,Maharashtra,2023-05-29,Budget,Organic Search
3435,Riya,Thakkar,Male,58,Kolkata,West Bengal,2025-08-04,Budget,Google Ads
3436,Dev,Mishra,Female,24,Delhi,Delhi,2024-07-17,Budget,Facebook
3437,Aanya,Gupta,Male,34,Indore,Madhya Pradesh,2023-03-04,Regular,Referral
3438,Aditya,Malhotra,Male,40,Ahmedabad,Gujarat,2024-01-29,Regular,YouTube
3439,Raj,Mehta,Male,28,Chennai,Tamil Nadu,2023-02-28,Budget,YouTube
3440,Ishaan,Shah,Female,39,Ahmedabad,Gujarat,2024-06-03,Premium,Email
3441,Isha,Agarwal,Male,35,Indore,Madhya Pradesh,2025-03-29,Budget,Organic Search
3442,Kavya,Verma,Male,45,Rajkot,Gujarat,2024-01-24,Regular,Email
3443,Raj,Mishra,Female,33,Ahmedabad,Gujarat,2024-08-10,Budget,Email
3444,Rahul,Verma,Female,59,Ahmedabad,Gujarat,2025-10-10,Premium,Email
3445,Isha,Trivedi,Female,21,Bengaluru,Karnataka,2024-09-27,Premium,Facebook
3446,Nisha,Kapoor,Female,53,Lucknow,Uttar Pradesh,2024-06-07,Regular,Organic Search
3447,Raj,Sharma,Male,39,Indore,Madhya Pradesh,2023-10-07,Budget,Organic Search
3448,Meera,Malhotra,Male,28,Vadodara,Gujarat,2025-12-04,Regular,Referral
3449,Priya,Agarwal,Male,38,Nagpur,Maharashtra,2024-07-18,Regular,Google Ads
3450,Meera,Thakkar,Male,57,Lucknow,Uttar Pradesh,2023-08-22,Regular,Facebook
3451,Dev,Desai,Female,58,Indore,Madhya Pradesh,2023-07-05,Regular,Google Ads
3452,Aditya,Shah,Female,33,Vadodara,Gujarat,2025-03-15,Premium,Google Ads
3453,Krish,Reddy,Male,59,Bengaluru,Karnataka,2023-03-16,Budget,Google Ads
3454,Simran,Pandya,Female,26,Indore,Madhya Pradesh,2025-07-26,Regular,Google Ads
3455,Meera,Agarwal,Female,52,Surat,Gujarat,2024-12-10,Regular,YouTube
3456,Rohan,Reddy,Female,51,Rajkot,Gujarat,2023-08-21,Regular,Referral
3457,Rohan,Soni,Female,26,Hyderabad,Telangana,2024-06-18,Budget,Google Ads
3458,Riya,Mishra,Female,30,Vadodara,Gujarat,2025-06-14,Budget,Facebook
3459,Isha,Verma,Male,23,Surat,Gujarat,2025-08-29,Regular,Google Ads
3460,Priya,Shah,Male,21,Vadodara,Gujarat,2024-10-08,VIP,YouTube
3461,Dev,Sharma,Female,45,Delhi,Delhi,2023-10-20,VIP,Facebook
3462,Rohan,Malhotra,Female,28,Nagpur,Maharashtra,2023-02-07,Budget,Organic Search
3463,Arjun,Mishra,Male,51,Surat,Gujarat,2023-06-17,Budget,Referral
3464,Rahul,Mishra,Male,52,Hyderabad,Telangana,2023-04-13,Regular,Instagram
3465,Simran,Gupta,Female,22,Lucknow,Uttar Pradesh,2023-05-25,Regular,Facebook
3466,Arjun,Malhotra,Female,56,Chennai,Tamil Nadu,2025-01-24,Premium,Organic Search
3467,Karan,Parmar,Female,28,Rajkot,Gujarat,2024-10-21,Regular,YouTube
3468,Karan,Mishra,Male,29,Ahmedabad,Gujarat,2024-01-01,Regular,Referral
3469,Aanya,Reddy,Female,60,Indore,Madhya Pradesh,2023-06-02,Regular,YouTube
3470,Aditya,Joshi,Female,36,Indore,Madhya Pradesh,2025-04-07,Budget,Email
3471,Aarav,Sharma,Female,30,Hyderabad,Telangana,2024-02-26,Regular,Instagram
3472,Neha,Verma,Female,21,Surat,Gujarat,2023-11-15,Regular,Google Ads
3473,Pooja,Joshi,Female,31,Ahmedabad,Gujarat,2024-04-29,Premium,Organic Search
3474,Arjun,Gupta,Female,19,Chennai,Tamil Nadu,2023-03-24,Budget,YouTube
3475,Rahul,Kapoor,Female,25,Nagpur,Maharashtra,2023-03-20,Regular,Email
3476,Aryan,Reddy,Female,39,Surat,Gujarat,2023-05-31,VIP,Email
3477,Kavya,Parmar,Male,30,Pune,Maharashtra,2025-01-25,Regular,Referral
3478,Krish,Soni,Male,38,Surat,Gujarat,2024-12-30,Premium,Google Ads
3479,Tanya,Verma,Male,38,Indore,Madhya Pradesh,2023-01-15,Regular,Organic Search
3480,Yash,Trivedi,Female,45,Bengaluru,Karnataka,2023-04-11,Premium,Organic Search
3481,Tanya,Verma,Male,50,Ahmedabad,Gujarat,2025-02-18,Regular,Organic Search
3482,Pooja,Shah,Male,46,Jaipur,Rajasthan,2025-11-24,Budget,Referral
3483,Riya,Soni,Male,54,Nagpur,Maharashtra,2023-12-17,Premium,Facebook
3484,Neha,Patel,Male,39,Chennai,Tamil Nadu,2025-08-14,Premium,Instagram
3485,Pooja,Parmar,Male,43,Mumbai,Maharashtra,2023-10-10,Regular,Google Ads
3486,Arjun,Shah,Female,28,Bengaluru,Karnataka,2024-09-28,Regular,Referral
3487,Priya,Sharma,Male,28,Bengaluru,Karnataka,2024-06-08,Premium,Google Ads
3488,Neha,Shah,Female,51,Kolkata,West Bengal,2023-06-14,Budget,Facebook
3489,Yash,Gupta,Female,36,Mumbai,Maharashtra,2024-03-03,Regular,Facebook
3490,Dev,Mehta,Male,54,Rajkot,Gujarat,2025-07-22,Budget,YouTube
3491,Kavya,Reddy,Female,31,Pune,Maharashtra,2024-03-18,Budget,Facebook
3492,Tanya,Thakkar,Male,46,Surat,Gujarat,2024-09-17,Regular,Facebook
3493,Karan,Malhotra,Female,36,Kolkata,West Bengal,2023-03-10,Premium,Instagram
3494,Aditya,Agarwal,Female,54,Hyderabad,Telangana,2023-10-01,Regular,Referral
3495,Sneha,Singh,Male,38,Bengaluru,Karnataka,2024-07-13,VIP,Referral
3496,Tanya,Desai,Female,41,Pune,Maharashtra,2025-04-28,Budget,Organic Search
3497,Krish,Trivedi,Female,43,Mumbai,Maharashtra,2024-07-23,Regular,Organic Search
3498,Neha,Trivedi,Female,58,Pune,Maharashtra,2024-08-12,Budget,Instagram
3499,Dev,Thakkar,Female,29,Delhi,Delhi,2024-05-13,Budget,Instagram
3500,Diya,Pandya,Female,36,Vadodara,Gujarat,2023-07-23,Budget,Google Ads
3501,Diya,Kumar,Female,47,Delhi,Delhi,2025-02-13,Budget,Organic Search
3502,Kavya,Sharma,Female,32,Chennai,Tamil Nadu,2024-01-23,Regular,Instagram
3503,Dev,Singh,Female,20,Delhi,Delhi,2024-02-20,Budget,Instagram
3504,Pooja,Sharma,Male,30,Bengaluru,Karnataka,2025-06-19,Regular,Email
3505,Raj,Joshi,Female,26,Chennai,Tamil Nadu,2023-11-08,Premium,Instagram
3506,Rahul,Reddy,Male,30,Indore,Madhya Pradesh,2023-09-09,Regular,Google Ads
3507,Yash,Agarwal,Male,33,Delhi,Delhi,2023-07-22,Premium,Referral
3508,Aryan,Pandya,Female,31,Surat,Gujarat,2023-04-20,Premium,Email
3509,Raj,Mehta,Female,25,Surat,Gujarat,2023-03-23,Regular,Organic Search
3510,Arjun,Soni,Male,36,Lucknow,Uttar Pradesh,2025-02-07,Regular,Google Ads
3511,Neha,Malhotra,Male,49,Mumbai,Maharashtra,2023-07-12,Premium,Google Ads
3512,Ishaan,Joshi,Male,52,Surat,Gujarat,2023-05-19,Budget,Email
3513,Riya,Mishra,Female,40,Chennai,Tamil Nadu,2023-08-09,Premium,Email
3514,Aanya,Thakkar,Female,38,Nagpur,Maharashtra,2025-05-10,Regular,Email
3515,Simran,Reddy,Female,35,Pune,Maharashtra,2023-12-06,Budget,Email
3516,Ishaan,Joshi,Male,31,Ahmedabad,Gujarat,2024-04-22,Regular,Google Ads
3517,Pooja,Desai,Female,33,Vadodara,Gujarat,2025-08-16,Regular,Email
3518,Priya,Sharma,Female,41,Surat,Gujarat,2025-03-23,Regular,Facebook
3519,Arjun,Singh,Female,49,Lucknow,Uttar Pradesh,2023-07-17,Budget,Referral
3520,Aanya,Agarwal,Female,28,Kolkata,West Bengal,2023-07-18,Regular,Organic Search
3521,Aarav,Verma,Male,28,Delhi,Delhi,2025-03-26,Regular,Instagram
3522,Nisha,Gupta,Female,21,Rajkot,Gujarat,2023-06-24,VIP,Organic Search
3523,Karan,Parmar,Female,43,Chennai,Tamil Nadu,2024-05-03,Premium,Organic Search
3524,Rahul,Verma,Male,22,Hyderabad,Telangana,2023-11-12,Premium,Organic Search
3525,Ananya,Sharma,Female,53,Surat,Gujarat,2025-03-30,Budget,Instagram
3526,Aanya,Malhotra,Male,50,Vadodara,Gujarat,2024-01-15,Regular,Referral
3527,Neha,Mehta,Male,31,Lucknow,Uttar Pradesh,2024-03-17,Regular,Facebook
3528,Ishaan,Trivedi,Female,49,Nagpur,Maharashtra,2025-05-14,Regular,Referral
3529,Riya,Kumar,Male,24,Indore,Madhya Pradesh,2023-05-13,Budget,Google Ads
3530,Neha,Gupta,Female,27,Hyderabad,Telangana,2025-09-07,Regular,Google Ads
3531,Ananya,Joshi,Male,19,Lucknow,Uttar Pradesh,2025-11-16,Regular,Instagram
3532,Diya,Singh,Male,27,Nagpur,Maharashtra,2025-07-25,Regular,YouTube
3533,Karan,Malhotra,Female,52,Nagpur,Maharashtra,2024-10-17,Budget,Referral
3534,Priya,Kapoor,Male,38,Lucknow,Uttar Pradesh,2023-08-24,Regular,Organic Search
3535,Dev,Parmar,Female,57,Kolkata,West Bengal,2025-09-15,Premium,Facebook
3536,Simran,Soni,Female,59,Lucknow,Uttar Pradesh,2025-03-25,Regular,Facebook
3537,Yash,Patel,Female,25,Lucknow,Uttar Pradesh,2025-07-07,Premium,Instagram
3538,Neha,Reddy,Female,35,Vadodara,Gujarat,2024-03-14,Regular,Organic Search
3539,Krish,Shah,Male,26,Lucknow,Uttar Pradesh,2024-08-10,Premium,Email
3540,Pooja,Soni,Female,58,Nagpur,Maharashtra,2024-09-02,Budget,Referral
3541,Rohan,Joshi,Male,47,Bengaluru,Karnataka,2023-08-18,Budget,YouTube
3542,Simran,Desai,Female,21,Bengaluru,Karnataka,2023-12-06,Regular,Google Ads
3543,Priya,Kumar,Male,52,Vadodara,Gujarat,2023-06-13,Premium,Google Ads
3544,Aanya,Verma,Male,31,Delhi,Delhi,2023-04-26,Regular,Google Ads
3545,Rohan,Sharma,Male,31,Ahmedabad,Gujarat,2023-03-12,Regular,Google Ads
3546,Aditya,Parmar,Male,54,Indore,Madhya Pradesh,2025-04-29,Budget,Facebook
3547,Sneha,Desai,Female,37,Surat,Gujarat,2025-12-12,Regular,Facebook
3548,Simran,Agarwal,Female,46,Delhi,Delhi,2023-12-08,Regular,Email
3549,Rohan,Soni,Male,40,Nagpur,Maharashtra,2025-07-23,Premium,Facebook
3550,Neha,Malhotra,Male,38,Ahmedabad,Gujarat,2024-08-10,Regular,Email
3551,Isha,Kapoor,Female,48,Hyderabad,Telangana,2025-02-17,Regular,Organic Search
3552,Meera,Reddy,Male,49,Kolkata,West Bengal,2023-11-28,Budget,Email
3553,Meera,Reddy,Male,58,Delhi,Delhi,2025-08-25,Budget,Organic Search
3554,Pooja,Agarwal,Female,24,Indore,Madhya Pradesh,2023-04-17,Regular,Google Ads
3555,Priya,Malhotra,Male,30,Vadodara,Gujarat,2023-03-23,Regular,Google Ads
3556,Yash,Mishra,Male,40,Bengaluru,Karnataka,2024-01-27,Regular,Facebook
3557,Pooja,Kumar,Female,25,Pune,Maharashtra,2023-08-18,Regular,Organic Search
3558,Aryan,Trivedi,Male,29,Chennai,Tamil Nadu,2023-01-20,Budget,Facebook
3559,Aarav,Malhotra,Female,53,Vadodara,Gujarat,2025-02-18,Regular,Email
3560,Aanya,Kapoor,Female,33,Rajkot,Gujarat,2024-10-13,Premium,Instagram
3561,Priya,Singh,Female,43,Hyderabad,Telangana,2024-04-16,Regular,Google Ads
3562,Arjun,Reddy,Female,46,Mumbai,Maharashtra,2024-08-14,Regular,Organic Search
3563,Dev,Agarwal,Male,46,Chennai,Tamil Nadu,2023-03-15,Regular,YouTube
3564,Pooja,Malhotra,Female,23,Kolkata,West Bengal,2024-10-15,Regular,Instagram
3565,Karan,Singh,Female,54,Indore,Madhya Pradesh,2024-04-06,Budget,Google Ads
3566,Kavya,Parmar,Male,50,Vadodara,Gujarat,2023-11-11,Budget,Google Ads
3567,Sneha,Gupta,Female,48,Indore,Madhya Pradesh,2024-10-01,Budget,Facebook
3568,Aarav,Soni,Male,58,Ahmedabad,Gujarat,2023-10-01,Premium,YouTube
3569,Isha,Gupta,Female,35,Hyderabad,Telangana,2024-04-26,Budget,Referral
3570,Neha,Soni,Female,55,Rajkot,Gujarat,2023-03-23,Premium,YouTube
3571,Vivaan,Kumar,Female,48,Jaipur,Rajasthan,2023-01-31,Premium,Google Ads
3572,Tanya,Kumar,Female,33,Chennai,Tamil Nadu,2025-01-15,Regular,Referral
3573,Simran,Sharma,Male,57,Pune,Maharashtra,2025-09-22,Regular,Referral
3574,Ishaan,Singh,Male,54,Lucknow,Uttar Pradesh,2023-02-11,Budget,Email
3575,Aryan,Parmar,Male,31,Indore,Madhya Pradesh,2023-09-08,Regular,YouTube
3576,Karan,Joshi,Female,56,Surat,Gujarat,2024-01-22,Premium,Instagram
3577,Kavya,Joshi,Female,21,Rajkot,Gujarat,2025-09-22,Budget,Email
3578,Isha,Kumar,Female,47,Surat,Gujarat,2023-09-23,Budget,Facebook
3579,Isha,Gupta,Male,50,Jaipur,Rajasthan,2023-01-22,Budget,Google Ads
3580,Vivaan,Agarwal,Female,53,Mumbai,Maharashtra,2023-03-17,Regular,Google Ads
3581,Rahul,Gupta,Male,47,Chennai,Tamil Nadu,2024-11-10,Budget,Instagram
3582,Krish,Parmar,Male,31,Jaipur,Rajasthan,2025-06-09,Regular,Instagram
3583,Rahul,Patel,Male,40,Nagpur,Maharashtra,2025-05-14,Regular,Referral
3584,Vivaan,Kapoor,Female,45,Mumbai,Maharashtra,2023-08-28,Budget,Facebook
3585,Aarav,Mehta,Female,24,Lucknow,Uttar Pradesh,2023-02-20,Premium,Facebook
3586,Dev,Pandya,Female,59,Rajkot,Gujarat,2025-08-17,Budget,Referral
3587,Priya,Desai,Female,27,Surat,Gujarat,2024-04-20,Budget,Referral
3588,Rohan,Kumar,Male,21,Hyderabad,Telangana,2025-05-13,Budget,YouTube
3589,Vivaan,Pandya,Male,55,Nagpur,Maharashtra,2025-06-12,Premium,Email
3590,Kavya,Reddy,Female,30,Jaipur,Rajasthan,2024-06-08,Premium,Google Ads
3591,Diya,Joshi,Female,38,Nagpur,Maharashtra,2023-06-06,Budget,YouTube
3592,Pooja,Gupta,Female,50,Indore,Madhya Pradesh,2023-07-18,Budget,Facebook
3593,Vivaan,Soni,Male,57,Delhi,Delhi,2025-10-20,Premium,Instagram
3594,Dev,Pandya,Female,45,Kolkata,West Bengal,2024-10-27,Regular,YouTube
3595,Vivaan,Thakkar,Male,40,Indore,Madhya Pradesh,2025-01-05,Budget,Instagram
3596,Diya,Mehta,Male,49,Pune,Maharashtra,2023-03-16,Regular,Referral
3597,Diya,Gupta,Male,22,Chennai,Tamil Nadu,2025-08-09,Premium,Email
3598,Meera,Parmar,Male,43,Lucknow,Uttar Pradesh,2024-12-25,Budget,Organic Search
3599,Karan,Trivedi,Male,56,Vadodara,Gujarat,2025-10-05,Budget,Instagram
3600,Kavya,Trivedi,Male,43,Delhi,Delhi,2024-01-02,Budget,Organic Search
3601,Yash,Patel,Male,20,Kolkata,West Bengal,2025-01-25,Regular,Organic Search
3602,Neha,Gupta,Female,41,Mumbai,Maharashtra,2023-04-18,Budget,Google Ads
3603,Ananya,Gupta,Female,51,Lucknow,Uttar Pradesh,2024-11-19,Premium,Email
3604,Kabir,Joshi,Female,51,Kolkata,West Bengal,2023-04-03,Premium,Instagram
3605,Rahul,Malhotra,Male,37,Mumbai,Maharashtra,2025-08-23,Regular,YouTube
3606,Tanya,Malhotra,Male,47,Chennai,Tamil Nadu,2023-04-10,Budget,Google Ads
3607,Nisha,Mehta,Female,59,Mumbai,Maharashtra,2023-06-30,VIP,Google Ads
3608,Dev,Thakkar,Male,37,Chennai,Tamil Nadu,2024-11-01,Regular,Facebook
3609,Aditya,Mehta,Male,58,Ahmedabad,Gujarat,2023-04-06,Regular,Facebook
3610,Meera,Desai,Male,35,Hyderabad,Telangana,2023-08-20,VIP,YouTube
3611,Isha,Parmar,Male,55,Surat,Gujarat,2023-09-08,Premium,Referral
3612,Karan,Mishra,Male,37,Chennai,Tamil Nadu,2025-06-22,Regular,Facebook
3613,Priya,Mishra,Male,23,Bengaluru,Karnataka,2023-01-19,Regular,Instagram
3614,Riya,Kumar,Male,59,Rajkot,Gujarat,2023-07-26,Budget,Referral
3615,Simran,Joshi,Male,42,Rajkot,Gujarat,2023-11-07,Premium,Facebook
3616,Arjun,Shah,Male,58,Ahmedabad,Gujarat,2023-04-13,Premium,Google Ads
3617,Krish,Gupta,Male,58,Vadodara,Gujarat,2023-06-08,Regular,YouTube
3618,Riya,Trivedi,Male,20,Hyderabad,Telangana,2024-01-13,Premium,Instagram
3619,Kavya,Shah,Male,60,Bengaluru,Karnataka,2024-12-14,Premium,Google Ads
3620,Ananya,Mehta,Female,36,Nagpur,Maharashtra,2023-04-02,Budget,Google Ads
3621,Neha,Malhotra,Male,27,Delhi,Delhi,2024-10-28,Regular,Email
3622,Kabir,Singh,Male,22,Bengaluru,Karnataka,2023-06-25,Budget,Facebook
3623,Priya,Verma,Female,39,Hyderabad,Telangana,2025-01-04,Premium,Organic Search
3624,Ananya,Reddy,Female,26,Pune,Maharashtra,2023-06-28,Budget,Referral
3625,Kavya,Malhotra,Female,50,Mumbai,Maharashtra,2025-01-07,Regular,Instagram
3626,Riya,Gupta,Male,32,Nagpur,Maharashtra,2024-03-28,Regular,YouTube
3627,Tanya,Singh,Male,41,Mumbai,Maharashtra,2024-08-05,Budget,YouTube
3628,Krish,Soni,Female,47,Delhi,Delhi,2024-05-06,Budget,YouTube
3629,Nisha,Gupta,Female,53,Rajkot,Gujarat,2025-08-14,Regular,Email
3630,Aryan,Malhotra,Female,56,Hyderabad,Telangana,2023-04-13,Budget,Instagram
3631,Kabir,Shah,Male,23,Vadodara,Gujarat,2023-02-10,Regular,Google Ads
3632,Simran,Patel,Male,32,Indore,Madhya Pradesh,2024-03-10,Regular,Referral
3633,Tanya,Thakkar,Female,55,Ahmedabad,Gujarat,2025-08-03,Regular,Email
3634,Simran,Kapoor,Male,56,Rajkot,Gujarat,2024-12-02,Regular,Referral
3635,Isha,Verma,Male,39,Chennai,Tamil Nadu,2024-03-12,Regular,Referral
3636,Vivaan,Desai,Female,20,Kolkata,West Bengal,2024-12-08,Budget,Facebook
3637,Pooja,Reddy,Female,46,Chennai,Tamil Nadu,2025-11-20,Regular,Google Ads
3638,Neha,Malhotra,Female,46,Rajkot,Gujarat,2023-01-30,Regular,YouTube
3639,Aditya,Kapoor,Male,48,Delhi,Delhi,2025-09-12,Regular,Facebook
3640,Kabir,Shah,Male,19,Hyderabad,Telangana,2024-11-14,Budget,Instagram
3641,Yash,Kumar,Male,52,Nagpur,Maharashtra,2024-01-25,Regular,Instagram
3642,Aarav,Mehta,Male,26,Indore,Madhya Pradesh,2023-10-03,Budget,Organic Search
3643,Dev,Thakkar,Male,39,Bengaluru,Karnataka,2023-01-12,Budget,Organic Search
3644,Riya,Pandya,Female,36,Pune,Maharashtra,2023-02-18,Regular,Referral
3645,Aditya,Soni,Male,54,Delhi,Delhi,2023-01-10,Budget,Organic Search
3646,Rahul,Patel,Male,27,Pune,Maharashtra,2023-09-18,Regular,Email
3647,Karan,Sharma,Female,38,Hyderabad,Telangana,2023-11-16,VIP,Instagram
3648,Riya,Verma,Female,34,Kolkata,West Bengal,2023-07-05,Budget,Organic Search
3649,Sneha,Thakkar,Female,20,Vadodara,Gujarat,2023-08-17,Regular,YouTube
3650,Pooja,Malhotra,Female,24,Hyderabad,Telangana,2024-10-31,Premium,Email
3651,Nisha,Singh,Male,58,Jaipur,Rajasthan,2025-02-23,Budget,Email
3652,Aanya,Shah,Male,54,Nagpur,Maharashtra,2025-04-14,Regular,YouTube
3653,Ishaan,Desai,Female,53,Surat,Gujarat,2023-01-21,Budget,Instagram
3654,Meera,Mishra,Male,20,Surat,Gujarat,2023-01-16,Regular,Facebook
3655,Rohan,Kapoor,Female,30,Indore,Madhya Pradesh,2024-04-24,Regular,Email
3656,Meera,Mehta,Male,58,Surat,Gujarat,2023-01-06,Regular,Facebook
3657,Ishaan,Kumar,Male,47,Surat,Gujarat,2023-10-25,Regular,Facebook
3658,Neha,Mehta,Male,40,Bengaluru,Karnataka,2025-06-30,Regular,Organic Search
3659,Yash,Thakkar,Female,24,Mumbai,Maharashtra,2025-07-29,Budget,Facebook
3660,Dev,Singh,Female,47,Vadodara,Gujarat,2023-09-16,VIP,Referral
3661,Kabir,Malhotra,Male,46,Jaipur,Rajasthan,2025-10-10,Budget,Facebook
3662,Neha,Kumar,Male,25,Rajkot,Gujarat,2025-11-29,Budget,YouTube
3663,Tanya,Malhotra,Female,27,Delhi,Delhi,2023-10-03,Premium,Organic Search
3664,Tanya,Mishra,Female,50,Rajkot,Gujarat,2025-01-13,Premium,Google Ads
3665,Aryan,Joshi,Male,37,Chennai,Tamil Nadu,2024-06-02,Premium,Instagram
3666,Arjun,Parmar,Male,46,Bengaluru,Karnataka,2025-04-06,Budget,Google Ads
3667,Rohan,Mishra,Female,46,Vadodara,Gujarat,2024-08-27,Premium,Referral
3668,Priya,Gupta,Male,38,Vadodara,Gujarat,2025-08-06,Regular,Google Ads
3669,Kabir,Trivedi,Female,18,Ahmedabad,Gujarat,2024-04-24,Regular,Email
3670,Sneha,Patel,Female,51,Kolkata,West Bengal,2024-02-18,VIP,Google Ads
3671,Aryan,Joshi,Male,49,Lucknow,Uttar Pradesh,2025-09-25,Budget,Google Ads
3672,Ananya,Agarwal,Male,31,Vadodara,Gujarat,2025-12-09,Regular,YouTube
3673,Ananya,Sharma,Male,54,Bengaluru,Karnataka,2025-02-15,Premium,Facebook
3674,Diya,Shah,Female,52,Rajkot,Gujarat,2023-02-14,Regular,Google Ads
3675,Krish,Reddy,Female,41,Hyderabad,Telangana,2025-04-09,Budget,Google Ads
3676,Kabir,Kumar,Female,18,Chennai,Tamil Nadu,2023-10-02,Budget,Referral
3677,Aanya,Reddy,Male,23,Kolkata,West Bengal,2025-11-24,Regular,Email
3678,Dev,Thakkar,Male,21,Surat,Gujarat,2024-10-14,Budget,Instagram
3679,Tanya,Reddy,Female,55,Mumbai,Maharashtra,2023-05-24,Budget,Email
3680,Riya,Reddy,Female,18,Jaipur,Rajasthan,2025-04-14,Regular,Instagram
3681,Rahul,Kapoor,Male,58,Surat,Gujarat,2025-01-26,Budget,Instagram
3682,Yash,Patel,Female,48,Lucknow,Uttar Pradesh,2023-07-12,Budget,Instagram
3683,Vivaan,Patel,Male,53,Delhi,Delhi,2024-06-30,Budget,YouTube
3684,Karan,Parmar,Male,26,Ahmedabad,Gujarat,2025-02-22,Premium,YouTube
3685,Diya,Soni,Female,58,Mumbai,Maharashtra,2023-06-27,Budget,Facebook
3686,Aditya,Agarwal,Female,40,Kolkata,West Bengal,2025-02-20,Premium,Instagram
3687,Raj,Singh,Female,48,Surat,Gujarat,2023-11-14,Premium,YouTube
3688,Aditya,Mishra,Female,46,Hyderabad,Telangana,2023-05-31,Regular,Organic Search
3689,Nisha,Patel,Female,38,Rajkot,Gujarat,2024-09-02,Budget,YouTube
3690,Aanya,Mehta,Male,20,Ahmedabad,Gujarat,2024-06-24,Premium,Referral
3691,Ishaan,Thakkar,Female,43,Rajkot,Gujarat,2023-05-30,Regular,Referral
3692,Kabir,Desai,Male,23,Jaipur,Rajasthan,2023-09-19,Budget,Organic Search
3693,Rahul,Thakkar,Female,37,Nagpur,Maharashtra,2024-02-17,Regular,Referral
3694,Aarav,Soni,Female,30,Chennai,Tamil Nadu,2024-05-06,Budget,Google Ads
3695,Tanya,Thakkar,Female,58,Surat,Gujarat,2025-09-27,Regular,Organic Search
3696,Aarav,Verma,Female,40,Rajkot,Gujarat,2023-02-06,Regular,Instagram
3697,Sneha,Kapoor,Female,32,Delhi,Delhi,2024-04-25,Regular,Email
3698,Kabir,Singh,Female,48,Lucknow,Uttar Pradesh,2023-06-29,Regular,Referral
3699,Rohan,Mehta,Male,21,Chennai,Tamil Nadu,2024-08-04,Premium,Google Ads
3700,Tanya,Desai,Female,28,Hyderabad,Telangana,2025-09-05,Regular,YouTube
3701,Diya,Malhotra,Female,19,Delhi,Delhi,2023-12-20,Regular,YouTube
3702,Ishaan,Pandya,Female,33,Kolkata,West Bengal,2025-08-24,Regular,YouTube
3703,Rohan,Kapoor,Female,48,Ahmedabad,Gujarat,2023-12-30,Regular,YouTube
3704,Arjun,Thakkar,Male,56,Pune,Maharashtra,2023-03-10,Regular,Email
3705,Rahul,Singh,Male,60,Kolkata,West Bengal,2023-11-04,Premium,Facebook
3706,Krish,Malhotra,Male,21,Delhi,Delhi,2024-02-27,Premium,Facebook
3707,Kavya,Parmar,Male,45,Rajkot,Gujarat,2024-05-28,Regular,Instagram
3708,Meera,Patel,Male,33,Lucknow,Uttar Pradesh,2023-08-07,Budget,Organic Search
3709,Aryan,Mehta,Male,56,Surat,Gujarat,2025-12-04,Regular,Organic Search
3710,Yash,Sharma,Female,42,Rajkot,Gujarat,2024-01-02,Regular,Referral
3711,Ishaan,Agarwal,Female,30,Vadodara,Gujarat,2023-05-02,Regular,YouTube
3712,Krish,Singh,Male,22,Hyderabad,Telangana,2024-05-09,Budget,Instagram
3713,Sneha,Thakkar,Female,47,Surat,Gujarat,2024-07-30,Regular,Email
3714,Diya,Trivedi,Female,18,Rajkot,Gujarat,2025-06-02,Regular,Instagram
3715,Aarav,Thakkar,Female,22,Mumbai,Maharashtra,2025-06-13,Budget,Facebook
3716,Raj,Joshi,Female,31,Jaipur,Rajasthan,2024-08-01,Premium,Facebook
3717,Sneha,Soni,Female,28,Mumbai,Maharashtra,2023-12-16,Premium,Organic Search
3718,Priya,Mishra,Male,51,Pune,Maharashtra,2023-04-25,Premium,Referral
3719,Priya,Mishra,Male,46,Delhi,Delhi,2024-09-19,Regular,Facebook
3720,Raj,Kumar,Male,35,Surat,Gujarat,2023-08-25,Regular,Instagram
3721,Vivaan,Kumar,Male,32,Vadodara,Gujarat,2023-02-16,Regular,Organic Search
3722,Arjun,Agarwal,Male,42,Jaipur,Rajasthan,2023-10-01,Regular,YouTube
3723,Tanya,Malhotra,Male,47,Jaipur,Rajasthan,2023-04-23,Regular,Google Ads
3724,Rahul,Trivedi,Female,19,Chennai,Tamil Nadu,2024-06-28,Budget,Facebook
3725,Simran,Pandya,Male,57,Surat,Gujarat,2024-02-03,Regular,Instagram
3726,Nisha,Thakkar,Female,44,Pune,Maharashtra,2025-03-02,Premium,Google Ads
3727,Sneha,Parmar,Female,32,Jaipur,Rajasthan,2023-11-12,Budget,Facebook
3728,Nisha,Joshi,Male,49,Chennai,Tamil Nadu,2023-02-20,Regular,Facebook
3729,Rohan,Sharma,Male,37,Mumbai,Maharashtra,2023-05-24,Regular,Email
3730,Pooja,Patel,Male,31,Surat,Gujarat,2024-06-11,Regular,Facebook
3731,Aditya,Shah,Female,44,Ahmedabad,Gujarat,2024-01-25,Budget,Organic Search
3732,Aarav,Reddy,Male,20,Surat,Gujarat,2025-03-29,Premium,Google Ads
3733,Arjun,Singh,Male,20,Surat,Gujarat,2025-01-18,Budget,Google Ads
3734,Pooja,Verma,Male,30,Indore,Madhya Pradesh,2024-02-16,Premium,YouTube
3735,Riya,Shah,Female,42,Bengaluru,Karnataka,2024-01-19,Budget,Organic Search
3736,Vivaan,Reddy,Male,35,Surat,Gujarat,2025-05-24,Budget,Google Ads
3737,Simran,Patel,Male,18,Kolkata,West Bengal,2025-06-15,Premium,Instagram
3738,Rohan,Singh,Female,56,Hyderabad,Telangana,2024-12-08,Premium,Instagram
3739,Aditya,Trivedi,Female,22,Indore,Madhya Pradesh,2023-08-02,VIP,Referral
3740,Tanya,Mehta,Female,19,Mumbai,Maharashtra,2024-07-23,Budget,Referral
3741,Aryan,Sharma,Male,47,Pune,Maharashtra,2023-08-07,Regular,Referral
3742,Riya,Reddy,Male,34,Jaipur,Rajasthan,2023-08-07,Budget,Facebook
3743,Rahul,Verma,Female,46,Hyderabad,Telangana,2023-01-13,Budget,YouTube
3744,Aanya,Soni,Male,59,Hyderabad,Telangana,2024-02-27,Budget,Facebook
3745,Rahul,Reddy,Female,21,Chennai,Tamil Nadu,2024-04-30,Budget,YouTube
3746,Meera,Mehta,Female,26,Lucknow,Uttar Pradesh,2025-08-25,Premium,Organic Search
3747,Tanya,Trivedi,Female,38,Rajkot,Gujarat,2025-02-24,Budget,Email
3748,Yash,Gupta,Female,60,Pune,Maharashtra,2023-04-29,Regular,YouTube
3749,Pooja,Singh,Female,29,Nagpur,Maharashtra,2023-09-28,Regular,Email
3750,Ishaan,Desai,Male,29,Delhi,Delhi,2025-06-30,Budget,Referral
3751,Vivaan,Shah,Male,21,Delhi,Delhi,2025-04-21,VIP,Organic Search
3752,Ananya,Reddy,Male,45,Pune,Maharashtra,2025-12-06,Regular,Organic Search
3753,Yash,Joshi,Male,26,Bengaluru,Karnataka,2024-10-25,Premium,Organic Search
3754,Yash,Mishra,Female,57,Pune,Maharashtra,2025-10-20,Premium,Email
3755,Aryan,Malhotra,Male,49,Indore,Madhya Pradesh,2023-06-22,Premium,Organic Search
3756,Priya,Kumar,Female,30,Jaipur,Rajasthan,2025-02-25,Premium,Facebook
3757,Neha,Verma,Female,51,Pune,Maharashtra,2023-12-13,Budget,Instagram
3758,Vivaan,Joshi,Male,36,Bengaluru,Karnataka,2023-08-25,Budget,YouTube
3759,Kavya,Patel,Male,31,Lucknow,Uttar Pradesh,2025-07-25,Regular,Facebook
3760,Aditya,Reddy,Female,22,Bengaluru,Karnataka,2024-06-26,Regular,Email
3761,Yash,Patel,Male,44,Ahmedabad,Gujarat,2024-02-11,Premium,Email
3762,Tanya,Agarwal,Male,45,Surat,Gujarat,2023-03-19,Regular,Organic Search
3763,Simran,Mehta,Male,43,Bengaluru,Karnataka,2023-01-12,Budget,Google Ads
3764,Diya,Singh,Male,27,Vadodara,Gujarat,2023-08-17,Budget,Google Ads
3765,Priya,Thakkar,Female,41,Indore,Madhya Pradesh,2025-04-22,Budget,YouTube
3766,Tanya,Verma,Female,34,Bengaluru,Karnataka,2025-08-22,Regular,Instagram
3767,Neha,Sharma,Male,33,Jaipur,Rajasthan,2024-11-02,Budget,Google Ads
3768,Simran,Shah,Female,34,Rajkot,Gujarat,2025-04-18,Regular,Referral
3769,Aarav,Reddy,Female,18,Bengaluru,Karnataka,2023-06-13,Regular,Organic Search
3770,Priya,Joshi,Male,38,Chennai,Tamil Nadu,2024-01-17,Budget,Referral
3771,Aditya,Agarwal,Male,60,Ahmedabad,Gujarat,2024-12-31,Regular,Email
3772,Riya,Parmar,Female,39,Indore,Madhya Pradesh,2024-08-04,Regular,Organic Search
3773,Vivaan,Trivedi,Female,22,Chennai,Tamil Nadu,2025-02-10,Regular,Facebook
3774,Aryan,Patel,Female,53,Indore,Madhya Pradesh,2025-07-30,VIP,Instagram
3775,Meera,Reddy,Male,38,Mumbai,Maharashtra,2025-12-22,Budget,YouTube
3776,Ananya,Shah,Female,26,Vadodara,Gujarat,2025-09-21,Regular,Facebook
3777,Aanya,Reddy,Female,44,Rajkot,Gujarat,2023-09-03,Premium,YouTube
3778,Simran,Reddy,Male,29,Kolkata,West Bengal,2025-09-24,Regular,Facebook
3779,Ishaan,Reddy,Female,35,Ahmedabad,Gujarat,2023-02-19,Regular,Organic Search
3780,Pooja,Thakkar,Male,52,Surat,Gujarat,2024-10-30,Regular,Facebook
3781,Sneha,Trivedi,Male,32,Delhi,Delhi,2023-08-08,Regular,Instagram
3782,Diya,Soni,Female,47,Kolkata,West Bengal,2025-06-25,Budget,YouTube
3783,Kavya,Kumar,Male,50,Surat,Gujarat,2023-12-30,Regular,Google Ads
3784,Isha,Mishra,Male,53,Kolkata,West Bengal,2025-09-18,Regular,Facebook
3785,Rohan,Verma,Female,57,Rajkot,Gujarat,2025-07-08,Regular,Referral
3786,Yash,Singh,Male,47,Lucknow,Uttar Pradesh,2024-07-16,Regular,Facebook
3787,Ishaan,Verma,Female,43,Pune,Maharashtra,2023-02-11,Regular,Referral
3788,Ananya,Soni,Male,38,Pune,Maharashtra,2024-02-27,Regular,Google Ads
3789,Nisha,Verma,Male,54,Kolkata,West Bengal,2023-05-15,Budget,Instagram
3790,Aditya,Gupta,Female,60,Surat,Gujarat,2025-02-24,Budget,Instagram
3791,Aarav,Sharma,Female,48,Pune,Maharashtra,2025-01-17,Regular,Instagram
3792,Riya,Kapoor,Female,34,Jaipur,Rajasthan,2023-03-14,Budget,Email
3793,Diya,Patel,Male,34,Ahmedabad,Gujarat,2024-09-26,Regular,Email
3794,Vivaan,Kumar,Female,51,Pune,Maharashtra,2024-02-05,Regular,Instagram
3795,Vivaan,Verma,Male,41,Delhi,Delhi,2025-09-19,Budget,Instagram
3796,Aditya,Mishra,Female,50,Delhi,Delhi,2024-04-14,Premium,Google Ads
3797,Kabir,Malhotra,Male,21,Mumbai,Maharashtra,2024-08-01,Regular,Email
3798,Neha,Mehta,Female,26,Delhi,Delhi,2024-03-31,Budget,Referral
3799,Tanya,Kapoor,Male,19,Chennai,Tamil Nadu,2025-07-02,Budget,Organic Search
3800,Ananya,Malhotra,Female,52,Nagpur,Maharashtra,2023-05-09,Regular,Organic Search
3801,Karan,Patel,Male,55,Kolkata,West Bengal,2024-01-14,Regular,YouTube
3802,Rahul,Thakkar,Male,32,Nagpur,Maharashtra,2024-01-24,Premium,Instagram
3803,Aryan,Reddy,Male,60,Vadodara,Gujarat,2025-02-24,Regular,Instagram
3804,Riya,Soni,Male,59,Kolkata,West Bengal,2024-04-08,Premium,Instagram
3805,Tanya,Parmar,Female,20,Rajkot,Gujarat,2025-09-15,Budget,Facebook
3806,Aarav,Mehta,Male,48,Kolkata,West Bengal,2024-06-30,Regular,Email
3807,Kabir,Joshi,Female,58,Ahmedabad,Gujarat,2024-02-13,Premium,YouTube
3808,Sneha,Mehta,Male,59,Indore,Madhya Pradesh,2024-09-09,Budget,Facebook
3809,Sneha,Malhotra,Female,40,Rajkot,Gujarat,2025-01-30,Budget,Facebook
3810,Aditya,Thakkar,Male,29,Chennai,Tamil Nadu,2024-10-14,Regular,Organic Search
3811,Arjun,Patel,Male,25,Mumbai,Maharashtra,2025-09-28,VIP,YouTube
3812,Simran,Reddy,Female,38,Rajkot,Gujarat,2024-05-05,Regular,YouTube
3813,Pooja,Joshi,Female,38,Nagpur,Maharashtra,2025-03-17,Regular,YouTube
3814,Ananya,Trivedi,Male,49,Surat,Gujarat,2023-05-27,Regular,YouTube
3815,Rahul,Kapoor,Female,34,Bengaluru,Karnataka,2023-09-13,Budget,Referral
3816,Ananya,Singh,Female,54,Pune,Maharashtra,2024-01-05,Regular,YouTube
3817,Priya,Mehta,Female,41,Vadodara,Gujarat,2024-10-12,Budget,Referral
3818,Aditya,Parmar,Male,25,Ahmedabad,Gujarat,2023-03-17,Regular,Instagram
3819,Pooja,Desai,Female,35,Indore,Madhya Pradesh,2024-07-22,Premium,Referral
3820,Priya,Agarwal,Male,28,Bengaluru,Karnataka,2024-05-19,Regular,Referral
3821,Priya,Sharma,Female,27,Bengaluru,Karnataka,2024-10-23,VIP,YouTube
3822,Krish,Malhotra,Female,43,Jaipur,Rajasthan,2025-10-12,Budget,YouTube
3823,Riya,Soni,Male,23,Jaipur,Rajasthan,2023-12-13,Regular,Email
3824,Krish,Kumar,Female,34,Lucknow,Uttar Pradesh,2023-07-01,Premium,Instagram
3825,Arjun,Shah,Female,40,Lucknow,Uttar Pradesh,2023-08-28,Budget,Organic Search
3826,Yash,Joshi,Female,59,Rajkot,Gujarat,2023-03-07,Budget,Facebook
3827,Isha,Mishra,Female,54,Surat,Gujarat,2023-06-20,Regular,Instagram
3828,Karan,Kapoor,Female,45,Ahmedabad,Gujarat,2023-06-14,Regular,Google Ads
3829,Aryan,Gupta,Female,33,Kolkata,West Bengal,2025-08-11,VIP,YouTube
3830,Aditya,Trivedi,Female,29,Bengaluru,Karnataka,2023-03-04,Regular,Facebook
3831,Tanya,Malhotra,Male,38,Bengaluru,Karnataka,2023-12-21,Premium,Google Ads
3832,Raj,Sharma,Male,41,Pune,Maharashtra,2023-02-20,Premium,Referral
3833,Ananya,Reddy,Male,45,Mumbai,Maharashtra,2024-08-06,Budget,Facebook
3834,Aanya,Desai,Male,54,Nagpur,Maharashtra,2023-02-12,Regular,Instagram
3835,Meera,Agarwal,Male,38,Ahmedabad,Gujarat,2025-08-20,Budget,Organic Search
3836,Aarav,Joshi,Female,50,Pune,Maharashtra,2024-10-31,Budget,Referral
3837,Rahul,Gupta,Male,19,Chennai,Tamil Nadu,2023-03-31,Premium,Google Ads
3838,Nisha,Kapoor,Male,54,Surat,Gujarat,2024-09-07,Budget,Referral
3839,Nisha,Verma,Female,36,Jaipur,Rajasthan,2024-07-16,Regular,Referral
3840,Sneha,Kapoor,Male,45,Vadodara,Gujarat,2025-04-14,Regular,Referral
3841,Nisha,Reddy,Female,32,Vadodara,Gujarat,2023-12-22,Budget,YouTube
3842,Nisha,Singh,Female,18,Lucknow,Uttar Pradesh,2024-09-08,Regular,YouTube
3843,Vivaan,Soni,Male,60,Mumbai,Maharashtra,2025-02-05,Regular,Google Ads
3844,Neha,Soni,Male,45,Vadodara,Gujarat,2023-10-31,Regular,Instagram
3845,Krish,Mishra,Female,52,Kolkata,West Bengal,2024-08-06,Premium,Organic Search
3846,Rahul,Thakkar,Female,49,Chennai,Tamil Nadu,2024-01-02,Regular,Google Ads
3847,Krish,Malhotra,Male,45,Mumbai,Maharashtra,2024-04-03,Budget,Instagram
3848,Arjun,Verma,Female,26,Pune,Maharashtra,2023-04-30,Budget,Facebook
3849,Priya,Singh,Male,41,Chennai,Tamil Nadu,2023-12-30,Regular,Organic Search
3850,Kabir,Mehta,Male,21,Nagpur,Maharashtra,2024-04-28,Regular,Instagram
3851,Aditya,Mehta,Male,58,Delhi,Delhi,2025-05-01,VIP,Google Ads
3852,Meera,Joshi,Male,20,Mumbai,Maharashtra,2025-08-07,Regular,Google Ads
3853,Krish,Agarwal,Female,39,Hyderabad,Telangana,2023-09-03,Budget,Facebook
3854,Nisha,Trivedi,Female,57,Surat,Gujarat,2025-02-02,Budget,Referral
3855,Riya,Desai,Male,56,Lucknow,Uttar Pradesh,2024-09-22,Regular,Organic Search
3856,Isha,Soni,Male,42,Hyderabad,Telangana,2023-12-31,Regular,Google Ads
3857,Pooja,Soni,Female,39,Rajkot,Gujarat,2025-06-20,Budget,Email
3858,Kabir,Agarwal,Female,51,Bengaluru,Karnataka,2023-07-05,Regular,Referral
3859,Neha,Patel,Female,37,Ahmedabad,Gujarat,2023-10-07,Premium,Organic Search
3860,Krish,Soni,Female,53,Pune,Maharashtra,2025-01-11,Regular,Organic Search
3861,Simran,Malhotra,Female,54,Ahmedabad,Gujarat,2023-12-18,Regular,Google Ads
3862,Rahul,Pandya,Male,56,Rajkot,Gujarat,2024-08-11,Premium,Email
3863,Sneha,Shah,Male,44,Indore,Madhya Pradesh,2023-03-23,Budget,Google Ads
3864,Kavya,Thakkar,Male,49,Rajkot,Gujarat,2023-07-15,Budget,Google Ads
3865,Diya,Reddy,Male,59,Kolkata,West Bengal,2023-03-01,Budget,Facebook
3866,Pooja,Verma,Female,46,Mumbai,Maharashtra,2023-05-31,Budget,Referral
3867,Meera,Desai,Female,58,Jaipur,Rajasthan,2025-12-20,Premium,Email
3868,Krish,Reddy,Male,49,Jaipur,Rajasthan,2024-03-03,Budget,Organic Search
3869,Meera,Sharma,Male,41,Delhi,Delhi,2025-08-08,Regular,Facebook
3870,Aditya,Pandya,Female,20,Hyderabad,Telangana,2023-11-27,Regular,Email
3871,Dev,Kapoor,Male,44,Jaipur,Rajasthan,2025-11-28,Regular,Email
3872,Meera,Verma,Male,26,Chennai,Tamil Nadu,2025-06-08,Regular,Organic Search
3873,Aryan,Soni,Female,57,Bengaluru,Karnataka,2025-08-12,Regular,Organic Search
3874,Tanya,Kapoor,Female,40,Delhi,Delhi,2023-12-20,Regular,YouTube
3875,Riya,Joshi,Female,24,Mumbai,Maharashtra,2025-06-19,Premium,Email
3876,Raj,Gupta,Male,34,Surat,Gujarat,2023-08-05,Budget,Facebook
3877,Karan,Verma,Female,54,Surat,Gujarat,2023-12-14,Budget,Facebook
3878,Krish,Patel,Female,24,Ahmedabad,Gujarat,2024-02-15,Regular,Instagram
3879,Aryan,Agarwal,Male,47,Rajkot,Gujarat,2024-12-31,Regular,Referral
3880,Nisha,Mishra,Female,30,Surat,Gujarat,2025-06-16,Regular,Referral
3881,Tanya,Sharma,Male,35,Rajkot,Gujarat,2025-07-03,VIP,Referral
3882,Sneha,Agarwal,Male,48,Ahmedabad,Gujarat,2023-08-31,Premium,Google Ads
3883,Pooja,Sharma,Male,39,Vadodara,Gujarat,2023-01-08,Premium,YouTube
3884,Tanya,Kapoor,Male,31,Bengaluru,Karnataka,2024-09-14,Regular,Google Ads
3885,Meera,Kapoor,Female,35,Bengaluru,Karnataka,2025-07-12,Budget,Facebook
3886,Ananya,Reddy,Male,52,Jaipur,Rajasthan,2024-08-02,Premium,YouTube
3887,Riya,Shah,Female,34,Surat,Gujarat,2023-06-15,Premium,Email
3888,Krish,Shah,Female,36,Ahmedabad,Gujarat,2023-12-30,Regular,Organic Search
3889,Neha,Reddy,Female,48,Rajkot,Gujarat,2024-10-19,Premium,Referral
3890,Rahul,Soni,Female,56,Bengaluru,Karnataka,2024-05-29,VIP,Facebook
3891,Priya,Malhotra,Female,53,Delhi,Delhi,2025-01-01,Regular,Organic Search
3892,Arjun,Parmar,Male,32,Jaipur,Rajasthan,2025-06-28,Budget,Facebook
3893,Kabir,Sharma,Female,46,Lucknow,Uttar Pradesh,2023-04-28,Regular,Facebook
3894,Isha,Agarwal,Male,57,Pune,Maharashtra,2025-10-06,VIP,Facebook
3895,Aryan,Mehta,Male,33,Nagpur,Maharashtra,2025-02-10,Budget,YouTube
3896,Aarav,Sharma,Male,50,Jaipur,Rajasthan,2025-07-18,Regular,Organic Search
3897,Neha,Desai,Female,42,Surat,Gujarat,2024-11-26,Regular,Google Ads
3898,Riya,Agarwal,Female,33,Hyderabad,Telangana,2024-06-05,Budget,Google Ads
3899,Pooja,Verma,Female,47,Rajkot,Gujarat,2023-12-03,Regular,Referral
3900,Krish,Desai,Female,51,Jaipur,Rajasthan,2024-03-23,Regular,Email
3901,Ishaan,Singh,Male,19,Ahmedabad,Gujarat,2024-10-14,Premium,Facebook
3902,Priya,Agarwal,Female,57,Lucknow,Uttar Pradesh,2025-06-08,Regular,Organic Search
3903,Aditya,Kumar,Female,60,Bengaluru,Karnataka,2024-08-26,Premium,Organic Search
3904,Aryan,Mishra,Male,55,Bengaluru,Karnataka,2024-10-14,Budget,Referral
3905,Nisha,Desai,Male,35,Indore,Madhya Pradesh,2025-01-28,Budget,Facebook
3906,Krish,Shah,Male,22,Surat,Gujarat,2024-03-17,Premium,Referral
3907,Aryan,Thakkar,Male,57,Surat,Gujarat,2024-02-13,Regular,Google Ads
3908,Arjun,Reddy,Male,23,Hyderabad,Telangana,2025-03-20,Budget,Organic Search
3909,Nisha,Desai,Male,29,Surat,Gujarat,2023-03-26,Budget,Referral
3910,Arjun,Pandya,Male,29,Nagpur,Maharashtra,2025-08-10,Regular,Email
3911,Tanya,Mishra,Female,29,Nagpur,Maharashtra,2024-11-27,Budget,Referral
3912,Kabir,Sharma,Female,26,Lucknow,Uttar Pradesh,2023-04-08,Regular,Instagram
3913,Vivaan,Mishra,Male,59,Ahmedabad,Gujarat,2024-06-25,Regular,YouTube
3914,Aryan,Verma,Male,39,Surat,Gujarat,2023-07-10,Regular,Organic Search
3915,Krish,Trivedi,Female,33,Pune,Maharashtra,2025-08-25,Premium,Organic Search
3916,Kavya,Gupta,Male,21,Nagpur,Maharashtra,2023-09-15,Budget,Referral
3917,Aryan,Soni,Male,20,Delhi,Delhi,2023-06-04,Regular,Organic Search
3918,Neha,Mishra,Male,33,Ahmedabad,Gujarat,2025-08-01,Budget,Referral
3919,Sneha,Patel,Male,31,Hyderabad,Telangana,2023-08-16,Premium,Google Ads
3920,Diya,Parmar,Male,58,Delhi,Delhi,2024-05-31,Premium,YouTube
3921,Isha,Patel,Female,55,Bengaluru,Karnataka,2024-10-02,Regular,Google Ads
3922,Diya,Parmar,Male,21,Vadodara,Gujarat,2023-03-15,Regular,Email
3923,Yash,Pandya,Male,19,Jaipur,Rajasthan,2023-12-31,Budget,Facebook
3924,Aditya,Joshi,Male,27,Mumbai,Maharashtra,2023-01-24,Premium,Instagram
3925,Ishaan,Thakkar,Female,28,Ahmedabad,Gujarat,2024-04-07,Regular,YouTube
3926,Krish,Singh,Female,56,Surat,Gujarat,2024-04-25,Premium,Instagram
3927,Aanya,Pandya,Male,43,Hyderabad,Telangana,2023-02-13,Budget,Facebook
3928,Priya,Singh,Male,54,Vadodara,Gujarat,2025-11-26,Regular,Google Ads
3929,Priya,Joshi,Male,43,Nagpur,Maharashtra,2024-04-05,Regular,Email
3930,Rohan,Trivedi,Male,21,Nagpur,Maharashtra,2023-03-11,Premium,Facebook
3931,Diya,Mishra,Female,43,Ahmedabad,Gujarat,2023-08-01,Regular,Instagram
3932,Riya,Trivedi,Female,55,Ahmedabad,Gujarat,2025-07-02,Regular,Organic Search
3933,Rohan,Gupta,Male,45,Indore,Madhya Pradesh,2023-03-13,Premium,Instagram
3934,Aditya,Reddy,Male,19,Chennai,Tamil Nadu,2025-04-07,Budget,Instagram
3935,Yash,Kapoor,Female,19,Mumbai,Maharashtra,2023-06-29,Regular,Google Ads
3936,Aarav,Kapoor,Female,33,Bengaluru,Karnataka,2023-07-27,Regular,Organic Search
3937,Priya,Verma,Male,40,Bengaluru,Karnataka,2023-06-26,Budget,Referral
3938,Aryan,Joshi,Male,40,Mumbai,Maharashtra,2024-12-07,Regular,Instagram
3939,Aryan,Thakkar,Male,30,Hyderabad,Telangana,2025-06-02,Regular,Google Ads
3940,Arjun,Kapoor,Female,38,Surat,Gujarat,2025-01-20,Regular,Organic Search
3941,Aditya,Gupta,Female,56,Indore,Madhya Pradesh,2023-06-03,Regular,Instagram
3942,Isha,Sharma,Female,42,Mumbai,Maharashtra,2023-01-30,Premium,YouTube
3943,Vivaan,Verma,Female,54,Vadodara,Gujarat,2025-11-16,VIP,Referral
3944,Neha,Kapoor,Male,30,Kolkata,West Bengal,2025-09-02,Premium,Organic Search
3945,Aarav,Kapoor,Female,32,Bengaluru,Karnataka,2024-10-05,Premium,Organic Search
3946,Kabir,Kumar,Female,45,Ahmedabad,Gujarat,2024-11-21,Premium,YouTube
3947,Raj,Kapoor,Female,20,Chennai,Tamil Nadu,2023-04-08,Premium,Referral
3948,Sneha,Verma,Male,40,Nagpur,Maharashtra,2023-11-22,VIP,Facebook
3949,Ananya,Mehta,Female,21,Hyderabad,Telangana,2023-08-25,Regular,Facebook
3950,Kabir,Pandya,Female,20,Vadodara,Gujarat,2023-05-18,Regular,Referral
3951,Yash,Mehta,Female,56,Indore,Madhya Pradesh,2024-09-21,Regular,Email
3952,Kavya,Mishra,Male,25,Hyderabad,Telangana,2024-09-09,Premium,Instagram
3953,Yash,Reddy,Female,60,Rajkot,Gujarat,2025-12-05,Regular,Instagram
3954,Krish,Malhotra,Male,42,Delhi,Delhi,2024-01-25,Premium,Google Ads
3955,Ananya,Pandya,Male,58,Surat,Gujarat,2023-12-26,Budget,Referral
3956,Ananya,Joshi,Female,29,Chennai,Tamil Nadu,2024-08-04,Premium,Organic Search
3957,Aryan,Sharma,Male,22,Hyderabad,Telangana,2023-07-26,Regular,Facebook
3958,Meera,Kumar,Female,50,Surat,Gujarat,2024-08-23,Budget,Referral
3959,Simran,Kumar,Male,42,Surat,Gujarat,2025-09-05,Premium,YouTube
3960,Riya,Malhotra,Male,42,Jaipur,Rajasthan,2024-05-29,Regular,Google Ads
3961,Kavya,Singh,Female,52,Delhi,Delhi,2025-03-20,Budget,YouTube
3962,Kabir,Malhotra,Female,32,Delhi,Delhi,2024-03-13,Budget,Google Ads
3963,Priya,Mishra,Male,59,Bengaluru,Karnataka,2024-04-13,Budget,Facebook
3964,Meera,Kapoor,Male,43,Delhi,Delhi,2024-09-21,Budget,Instagram
3965,Rahul,Trivedi,Male,27,Bengaluru,Karnataka,2024-01-30,Regular,Referral
3966,Riya,Mishra,Male,41,Hyderabad,Telangana,2023-04-24,Premium,Instagram
3967,Pooja,Singh,Female,52,Ahmedabad,Gujarat,2024-04-07,Regular,Facebook
3968,Meera,Shah,Male,46,Mumbai,Maharashtra,2024-06-25,Regular,Referral
3969,Arjun,Shah,Male,55,Surat,Gujarat,2023-09-04,Premium,Organic Search
3970,Sneha,Malhotra,Female,22,Hyderabad,Telangana,2023-09-30,Regular,YouTube
3971,Karan,Agarwal,Male,41,Vadodara,Gujarat,2024-06-28,Regular,Email
3972,Tanya,Reddy,Female,36,Lucknow,Uttar Pradesh,2024-09-14,Regular,Email
3973,Tanya,Desai,Female,26,Hyderabad,Telangana,2024-12-18,Regular,Facebook
3974,Arjun,Desai,Female,43,Vadodara,Gujarat,2025-02-16,Budget,Organic Search
3975,Kavya,Reddy,Male,42,Indore,Madhya Pradesh,2025-10-17,VIP,Google Ads
3976,Yash,Malhotra,Female,52,Ahmedabad,Gujarat,2024-05-04,Budget,Instagram
3977,Raj,Parmar,Female,53,Hyderabad,Telangana,2023-08-03,Regular,YouTube
3978,Aditya,Parmar,Female,31,Indore,Madhya Pradesh,2024-08-12,Budget,Email
3979,Kavya,Patel,Male,23,Rajkot,Gujarat,2023-06-24,Regular,Instagram
3980,Yash,Reddy,Male,49,Vadodara,Gujarat,2023-02-21,Regular,Facebook
3981,Vivaan,Sharma,Male,43,Jaipur,Rajasthan,2023-10-24,Regular,Instagram
3982,Neha,Soni,Male,32,Kolkata,West Bengal,2023-06-24,Budget,Referral
3983,Vivaan,Gupta,Female,48,Nagpur,Maharashtra,2025-08-26,Budget,Email
3984,Nisha,Gupta,Female,54,Surat,Gujarat,2023-12-09,Premium,Organic Search
3985,Sneha,Verma,Female,55,Pune,Maharashtra,2024-08-22,Budget,YouTube
3986,Aryan,Kapoor,Male,54,Lucknow,Uttar Pradesh,2023-06-20,Premium,Google Ads
3987,Aarav,Shah,Female,36,Bengaluru,Karnataka,2025-11-26,Regular,Google Ads
3988,Kabir,Reddy,Male,31,Hyderabad,Telangana,2025-12-23,Budget,Referral
3989,Sneha,Patel,Male,53,Rajkot,Gujarat,2024-03-30,Budget,Organic Search
3990,Rahul,Mishra,Male,54,Indore,Madhya Pradesh,2024-12-27,Premium,Referral
3991,Rahul,Parmar,Female,28,Vadodara,Gujarat,2025-06-05,Regular,Instagram
3992,Kavya,Soni,Female,44,Pune,Maharashtra,2025-10-02,Budget,Google Ads
3993,Pooja,Pandya,Male,19,Lucknow,Uttar Pradesh,2025-01-24,Regular,Email
3994,Aanya,Thakkar,Female,39,Hyderabad,Telangana,2023-05-30,Premium,Organic Search
3995,Isha,Agarwal,Male,19,Indore,Madhya Pradesh,2024-09-27,Regular,YouTube
3996,Yash,Kapoor,Female,37,Indore,Madhya Pradesh,2025-08-24,Regular,Google Ads
3997,Rahul,Verma,Male,34,Surat,Gujarat,2024-12-10,Budget,Google Ads
3998,Simran,Reddy,Male,21,Rajkot,Gujarat,2023-10-05,Budget,Facebook
3999,Nisha,Gupta,Male,31,Delhi,Delhi,2023-02-04,Regular,Google Ads
4000,Kabir,Desai,Female,24,Nagpur,Maharashtra,2023-06-24,Premium,Google Ads
4001,Meera,Pandya,Female,32,Chennai,Tamil Nadu,2025-11-22,Regular,Email
4002,Tanya,Patel,Female,47,Kolkata,West Bengal,2024-12-15,Regular,Organic Search
4003,Dev,Verma,Female,33,Pune,Maharashtra,2023-09-11,Regular,Google Ads
4004,Aarav,Kapoor,Female,57,Pune,Maharashtra,2024-07-21,Regular,Facebook
4005,Pooja,Desai,Male,19,Vadodara,Gujarat,2023-11-19,Regular,Facebook
4006,Raj,Singh,Female,36,Bengaluru,Karnataka,2023-01-13,Regular,Referral
4007,Isha,Verma,Male,18,Nagpur,Maharashtra,2023-02-19,Budget,Facebook
4008,Aditya,Trivedi,Female,48,Surat,Gujarat,2025-08-10,Premium,Google Ads
4009,Kabir,Reddy,Female,21,Pune,Maharashtra,2025-09-20,Budget,Referral
4010,Krish,Trivedi,Female,44,Vadodara,Gujarat,2024-09-07,Regular,Instagram
4011,Aditya,Mishra,Male,42,Surat,Gujarat,2025-05-15,Regular,Instagram
4012,Diya,Thakkar,Female,39,Rajkot,Gujarat,2023-04-06,Premium,Email
4013,Raj,Reddy,Male,60,Kolkata,West Bengal,2023-12-09,Premium,Organic Search
4014,Riya,Agarwal,Female,27,Pune,Maharashtra,2025-05-05,Budget,Instagram
4015,Neha,Joshi,Male,50,Jaipur,Rajasthan,2023-07-12,Regular,Email
4016,Isha,Agarwal,Male,47,Lucknow,Uttar Pradesh,2024-05-25,Budget,Email
4017,Raj,Desai,Male,47,Vadodara,Gujarat,2023-01-07,Budget,Referral
4018,Rahul,Kumar,Male,33,Lucknow,Uttar Pradesh,2023-11-26,Premium,Facebook
4019,Isha,Trivedi,Female,26,Nagpur,Maharashtra,2023-03-24,Budget,YouTube
4020,Krish,Kapoor,Female,34,Ahmedabad,Gujarat,2025-06-23,Budget,Email
4021,Isha,Desai,Male,52,Chennai,Tamil Nadu,2024-09-17,Budget,Organic Search
4022,Kabir,Kumar,Female,32,Pune,Maharashtra,2024-06-10,Regular,Google Ads
4023,Ishaan,Reddy,Male,45,Nagpur,Maharashtra,2024-03-15,Premium,Facebook
4024,Riya,Mishra,Female,37,Bengaluru,Karnataka,2025-06-08,Budget,Google Ads
4025,Tanya,Parmar,Female,50,Delhi,Delhi,2025-01-31,Regular,Google Ads
4026,Aarav,Sharma,Female,50,Vadodara,Gujarat,2025-10-20,Regular,Instagram
4027,Simran,Patel,Male,53,Surat,Gujarat,2023-01-19,Regular,Google Ads
4028,Karan,Desai,Female,30,Chennai,Tamil Nadu,2023-01-09,Regular,Referral
4029,Priya,Desai,Male,21,Vadodara,Gujarat,2025-11-27,Regular,Email
4030,Priya,Pandya,Female,40,Mumbai,Maharashtra,2024-12-23,Regular,Organic Search
4031,Isha,Soni,Male,25,Pune,Maharashtra,2025-06-22,Premium,Google Ads
4032,Dev,Verma,Female,30,Mumbai,Maharashtra,2023-05-14,Budget,Organic Search
4033,Ishaan,Verma,Male,41,Chennai,Tamil Nadu,2023-04-03,Budget,Google Ads
4034,Kavya,Verma,Male,57,Hyderabad,Telangana,2025-03-12,VIP,Instagram
4035,Aryan,Verma,Male,47,Lucknow,Uttar Pradesh,2025-05-13,Regular,Google Ads
4036,Aryan,Shah,Female,47,Surat,Gujarat,2025-02-12,Premium,Email
4037,Neha,Patel,Male,42,Nagpur,Maharashtra,2024-06-27,Regular,Email
4038,Rohan,Reddy,Female,50,Chennai,Tamil Nadu,2023-07-07,Regular,Google Ads
4039,Isha,Malhotra,Male,26,Vadodara,Gujarat,2023-05-16,Regular,Email
4040,Aryan,Parmar,Male,43,Jaipur,Rajasthan,2023-06-15,Budget,Referral
4041,Isha,Mehta,Male,41,Lucknow,Uttar Pradesh,2025-09-17,Premium,Referral
4042,Neha,Kapoor,Female,50,Mumbai,Maharashtra,2023-09-02,Regular,Email
4043,Priya,Verma,Female,56,Jaipur,Rajasthan,2025-10-29,VIP,Instagram
4044,Meera,Mishra,Female,42,Chennai,Tamil Nadu,2025-04-09,Regular,Organic Search
4045,Nisha,Thakkar,Female,32,Mumbai,Maharashtra,2024-11-18,Budget,Facebook
4046,Karan,Joshi,Female,58,Surat,Gujarat,2023-04-24,Regular,Referral
4047,Sneha,Mishra,Female,58,Mumbai,Maharashtra,2023-06-16,Budget,Facebook
4048,Aryan,Soni,Female,23,Bengaluru,Karnataka,2024-05-02,Regular,YouTube
4049,Karan,Shah,Male,37,Mumbai,Maharashtra,2024-03-12,Regular,Organic Search
4050,Raj,Agarwal,Male,33,Ahmedabad,Gujarat,2023-08-11,Regular,Facebook
4051,Ishaan,Patel,Female,38,Hyderabad,Telangana,2023-07-10,VIP,Referral
4052,Krish,Sharma,Female,32,Surat,Gujarat,2024-07-29,Premium,Referral
4053,Meera,Desai,Female,56,Indore,Madhya Pradesh,2025-03-04,VIP,Google Ads
4054,Ishaan,Joshi,Female,59,Rajkot,Gujarat,2023-06-22,Budget,Email
4055,Raj,Parmar,Female,21,Nagpur,Maharashtra,2024-03-25,Regular,Facebook
4056,Krish,Patel,Male,41,Pune,Maharashtra,2023-03-18,Premium,Instagram
4057,Raj,Singh,Female,20,Vadodara,Gujarat,2024-09-06,Regular,YouTube
4058,Aarav,Joshi,Female,18,Delhi,Delhi,2023-08-14,Budget,Google Ads
4059,Kabir,Pandya,Female,47,Rajkot,Gujarat,2025-01-08,Premium,Facebook
4060,Yash,Singh,Male,30,Ahmedabad,Gujarat,2025-07-29,Premium,Email
4061,Meera,Malhotra,Male,35,Jaipur,Rajasthan,2023-03-17,Regular,Instagram
4062,Yash,Gupta,Male,57,Kolkata,West Bengal,2025-11-22,Budget,Referral
4063,Kabir,Kumar,Male,28,Hyderabad,Telangana,2023-03-10,Budget,Facebook
4064,Kabir,Trivedi,Female,59,Hyderabad,Telangana,2024-02-19,Regular,Email
4065,Priya,Gupta,Male,46,Vadodara,Gujarat,2024-12-31,Regular,Facebook
4066,Raj,Agarwal,Male,21,Bengaluru,Karnataka,2023-12-28,Regular,Google Ads
4067,Yash,Desai,Male,42,Lucknow,Uttar Pradesh,2025-05-19,Budget,YouTube
4068,Diya,Kumar,Male,53,Mumbai,Maharashtra,2025-12-07,Budget,Organic Search
4069,Aarav,Trivedi,Male,53,Vadodara,Gujarat,2023-03-09,Regular,Email
4070,Raj,Parmar,Female,57,Bengaluru,Karnataka,2025-07-24,Budget,YouTube
4071,Simran,Malhotra,Male,45,Indore,Madhya Pradesh,2024-01-12,Regular,YouTube
4072,Karan,Shah,Male,25,Mumbai,Maharashtra,2023-10-03,Regular,Referral
4073,Tanya,Soni,Male,38,Lucknow,Uttar Pradesh,2025-02-06,Regular,Organic Search
4074,Simran,Shah,Female,52,Chennai,Tamil Nadu,2025-08-07,Premium,Instagram
4075,Rohan,Gupta,Female,35,Nagpur,Maharashtra,2023-07-24,Budget,Organic Search
4076,Kabir,Reddy,Female,42,Jaipur,Rajasthan,2025-01-14,Premium,Email
4077,Pooja,Parmar,Female,58,Lucknow,Uttar Pradesh,2025-12-24,Premium,Instagram
4078,Nisha,Mishra,Female,22,Mumbai,Maharashtra,2025-06-29,Regular,Referral
4079,Krish,Sharma,Female,25,Jaipur,Rajasthan,2023-11-21,Premium,Organic Search
4080,Sneha,Verma,Female,40,Jaipur,Rajasthan,2024-01-13,Budget,YouTube
4081,Raj,Mishra,Female,20,Kolkata,West Bengal,2025-03-27,Regular,Organic Search
4082,Ananya,Kumar,Male,54,Ahmedabad,Gujarat,2024-11-11,Budget,Google Ads
4083,Sneha,Gupta,Male,48,Pune,Maharashtra,2024-11-01,Regular,Google Ads
4084,Isha,Agarwal,Female,46,Indore,Madhya Pradesh,2024-09-19,Regular,Facebook
4085,Ananya,Singh,Male,58,Surat,Gujarat,2025-10-14,Regular,Facebook
4086,Riya,Kumar,Female,37,Lucknow,Uttar Pradesh,2024-03-10,Budget,Email
4087,Aanya,Reddy,Male,20,Lucknow,Uttar Pradesh,2025-06-03,Budget,Organic Search
4088,Aanya,Kapoor,Male,40,Rajkot,Gujarat,2025-11-04,Regular,Google Ads
4089,Vivaan,Thakkar,Female,57,Bengaluru,Karnataka,2024-03-21,Budget,YouTube
4090,Arjun,Reddy,Male,38,Chennai,Tamil Nadu,2023-02-23,Premium,Google Ads
4091,Aarav,Pandya,Female,30,Lucknow,Uttar Pradesh,2024-11-22,Regular,Email
4092,Arjun,Trivedi,Female,25,Rajkot,Gujarat,2023-01-04,Regular,Facebook
4093,Aanya,Mehta,Male,22,Nagpur,Maharashtra,2023-09-14,Budget,Referral
4094,Rohan,Shah,Female,42,Indore,Madhya Pradesh,2025-04-13,Budget,Facebook
4095,Meera,Thakkar,Male,56,Kolkata,West Bengal,2024-04-26,Regular,Referral
4096,Ananya,Parmar,Male,54,Indore,Madhya Pradesh,2024-04-05,VIP,Instagram
4097,Tanya,Agarwal,Female,58,Surat,Gujarat,2025-04-28,Regular,Referral
4098,Kabir,Reddy,Female,22,Rajkot,Gujarat,2024-04-17,Premium,Facebook
4099,Riya,Mishra,Female,25,Lucknow,Uttar Pradesh,2023-07-12,Premium,Organic Search
4100,Isha,Trivedi,Female,21,Kolkata,West Bengal,2023-11-03,Budget,YouTube
4101,Aarav,Verma,Female,58,Mumbai,Maharashtra,2025-01-28,Premium,Organic Search
4102,Yash,Mishra,Male,39,Delhi,Delhi,2025-06-24,Regular,Email
4103,Simran,Soni,Female,31,Lucknow,Uttar Pradesh,2023-08-09,VIP,Organic Search
4104,Meera,Joshi,Male,36,Surat,Gujarat,2023-06-21,Regular,Organic Search
4105,Ananya,Pandya,Female,30,Nagpur,Maharashtra,2023-06-21,Budget,Facebook
4106,Aryan,Malhotra,Male,52,Surat,Gujarat,2025-12-22,VIP,Facebook
4107,Karan,Reddy,Male,21,Chennai,Tamil Nadu,2025-12-24,Budget,Referral
4108,Vivaan,Trivedi,Male,50,Bengaluru,Karnataka,2023-03-22,Premium,YouTube
4109,Aryan,Malhotra,Male,39,Hyderabad,Telangana,2025-01-28,Budget,Facebook
4110,Dev,Patel,Male,18,Kolkata,West Bengal,2023-03-14,Regular,Organic Search
4111,Vivaan,Desai,Female,28,Kolkata,West Bengal,2023-11-28,Regular,YouTube
4112,Meera,Trivedi,Male,33,Chennai,Tamil Nadu,2025-11-14,VIP,Facebook
4113,Ishaan,Agarwal,Female,21,Lucknow,Uttar Pradesh,2023-08-16,Budget,YouTube
4114,Raj,Trivedi,Male,46,Vadodara,Gujarat,2023-08-30,Regular,Facebook
4115,Dev,Soni,Female,56,Mumbai,Maharashtra,2024-05-17,Regular,Email
4116,Krish,Gupta,Male,55,Mumbai,Maharashtra,2025-12-15,VIP,Instagram
4117,Aanya,Joshi,Male,41,Delhi,Delhi,2024-07-05,Regular,Instagram
4118,Meera,Shah,Female,26,Bengaluru,Karnataka,2025-07-12,Regular,Organic Search
4119,Kavya,Desai,Female,25,Ahmedabad,Gujarat,2023-05-01,Regular,Google Ads
4120,Aryan,Kapoor,Male,31,Pune,Maharashtra,2023-01-26,Budget,Instagram
4121,Pooja,Trivedi,Male,32,Indore,Madhya Pradesh,2024-05-25,Premium,Organic Search
4122,Karan,Thakkar,Female,39,Chennai,Tamil Nadu,2025-05-30,Budget,YouTube
4123,Tanya,Shah,Male,54,Vadodara,Gujarat,2023-01-23,Regular,YouTube
4124,Aditya,Shah,Male,32,Surat,Gujarat,2023-04-26,Regular,Referral
4125,Riya,Mishra,Female,23,Rajkot,Gujarat,2024-04-24,Budget,Instagram
4126,Rahul,Kapoor,Male,18,Pune,Maharashtra,2023-11-03,Regular,Referral
4127,Nisha,Desai,Male,37,Indore,Madhya Pradesh,2023-08-19,Premium,YouTube
4128,Priya,Desai,Female,58,Chennai,Tamil Nadu,2024-12-01,Regular,Email
4129,Vivaan,Shah,Male,53,Pune,Maharashtra,2024-05-06,Budget,YouTube
4130,Rahul,Kapoor,Female,19,Rajkot,Gujarat,2025-02-07,Budget,Referral
4131,Aditya,Mehta,Female,23,Surat,Gujarat,2023-10-13,Premium,Email
4132,Diya,Singh,Male,19,Kolkata,West Bengal,2025-09-14,Regular,Email
4133,Kabir,Thakkar,Male,20,Chennai,Tamil Nadu,2025-06-08,Premium,Email
4134,Vivaan,Thakkar,Female,24,Indore,Madhya Pradesh,2024-08-20,Regular,Facebook
4135,Isha,Thakkar,Female,37,Ahmedabad,Gujarat,2025-05-06,Regular,Google Ads
4136,Aryan,Parmar,Male,58,Rajkot,Gujarat,2025-04-18,Regular,Referral
4137,Yash,Soni,Female,58,Ahmedabad,Gujarat,2025-07-06,Regular,YouTube
4138,Aditya,Thakkar,Male,22,Vadodara,Gujarat,2025-07-28,Premium,Facebook
4139,Ishaan,Singh,Female,42,Pune,Maharashtra,2025-03-15,Regular,Referral
4140,Aarav,Patel,Female,55,Indore,Madhya Pradesh,2023-06-11,Budget,Google Ads
4141,Sneha,Parmar,Female,35,Mumbai,Maharashtra,2024-09-03,Regular,Facebook
4142,Raj,Desai,Male,18,Jaipur,Rajasthan,2025-08-10,Regular,YouTube
4143,Ananya,Sharma,Female,42,Mumbai,Maharashtra,2023-10-03,Premium,Referral
4144,Simran,Agarwal,Female,34,Vadodara,Gujarat,2025-09-23,Premium,Email
4145,Rohan,Sharma,Female,32,Jaipur,Rajasthan,2024-06-12,Regular,Facebook
4146,Priya,Pandya,Female,22,Surat,Gujarat,2025-08-16,Regular,Google Ads
4147,Isha,Soni,Male,34,Mumbai,Maharashtra,2023-02-19,Regular,Google Ads
4148,Pooja,Thakkar,Female,38,Nagpur,Maharashtra,2024-08-06,Premium,Google Ads
4149,Sneha,Gupta,Male,40,Bengaluru,Karnataka,2025-07-02,VIP,Referral
4150,Neha,Soni,Female,60,Delhi,Delhi,2024-04-21,VIP,Facebook
4151,Pooja,Singh,Female,27,Hyderabad,Telangana,2024-05-02,Budget,Organic Search
4152,Rahul,Mishra,Male,34,Bengaluru,Karnataka,2023-03-21,Regular,Organic Search
4153,Tanya,Pandya,Male,18,Jaipur,Rajasthan,2024-07-14,Budget,Organic Search
4154,Priya,Agarwal,Female,54,Jaipur,Rajasthan,2024-02-10,Regular,Google Ads
4155,Kavya,Trivedi,Female,24,Lucknow,Uttar Pradesh,2024-06-20,Budget,Instagram
4156,Ishaan,Mishra,Female,29,Surat,Gujarat,2023-09-12,Budget,Referral
4157,Aanya,Reddy,Male,57,Indore,Madhya Pradesh,2025-08-17,Regular,Google Ads
4158,Arjun,Singh,Female,18,Jaipur,Rajasthan,2024-05-01,Regular,Google Ads
4159,Aditya,Shah,Male,37,Delhi,Delhi,2024-05-30,Budget,Facebook
4160,Raj,Verma,Female,48,Delhi,Delhi,2024-04-08,Budget,Organic Search
4161,Sneha,Pandya,Male,21,Bengaluru,Karnataka,2025-02-18,Regular,Organic Search
4162,Aryan,Patel,Male,43,Jaipur,Rajasthan,2023-02-05,Budget,YouTube
4163,Priya,Agarwal,Male,29,Indore,Madhya Pradesh,2023-01-16,Regular,Facebook
4164,Rahul,Reddy,Female,39,Hyderabad,Telangana,2025-07-07,Regular,Facebook
4165,Simran,Gupta,Female,18,Jaipur,Rajasthan,2024-10-10,Premium,Instagram
4166,Tanya,Mehta,Male,18,Kolkata,West Bengal,2025-04-02,Budget,YouTube
4167,Yash,Parmar,Male,20,Chennai,Tamil Nadu,2023-03-14,Budget,Facebook
4168,Vivaan,Patel,Male,29,Lucknow,Uttar Pradesh,2025-01-09,Regular,Instagram
4169,Aditya,Verma,Female,38,Pune,Maharashtra,2025-01-27,Premium,Facebook
4170,Aditya,Singh,Female,30,Lucknow,Uttar Pradesh,2025-06-24,Budget,Instagram
4171,Tanya,Agarwal,Female,30,Nagpur,Maharashtra,2025-10-15,Budget,Referral
4172,Yash,Kumar,Male,58,Jaipur,Rajasthan,2025-03-08,Premium,Email
4173,Ananya,Pandya,Female,35,Bengaluru,Karnataka,2025-08-10,Budget,Google Ads
4174,Aryan,Kapoor,Female,50,Nagpur,Maharashtra,2024-04-28,Budget,Google Ads
4175,Sneha,Verma,Female,23,Indore,Madhya Pradesh,2024-01-22,Premium,Facebook
4176,Kabir,Malhotra,Male,42,Bengaluru,Karnataka,2024-04-02,Premium,Organic Search
4177,Ishaan,Trivedi,Female,40,Kolkata,West Bengal,2024-02-26,Regular,Instagram
4178,Diya,Pandya,Female,41,Bengaluru,Karnataka,2023-08-20,VIP,Organic Search
4179,Simran,Desai,Female,54,Chennai,Tamil Nadu,2024-06-22,Regular,Email
4180,Nisha,Kapoor,Female,43,Bengaluru,Karnataka,2024-12-20,Budget,Google Ads
4181,Pooja,Mehta,Female,21,Rajkot,Gujarat,2023-06-04,Regular,Organic Search
4182,Kavya,Sharma,Male,55,Ahmedabad,Gujarat,2024-06-02,Regular,Facebook
4183,Arjun,Malhotra,Male,52,Surat,Gujarat,2024-08-06,Regular,Referral
4184,Tanya,Agarwal,Male,28,Jaipur,Rajasthan,2024-11-30,VIP,Organic Search
4185,Aarav,Agarwal,Male,53,Bengaluru,Karnataka,2023-04-15,Budget,Organic Search
4186,Neha,Verma,Female,42,Delhi,Delhi,2025-03-22,Regular,Facebook
4187,Karan,Sharma,Female,37,Delhi,Delhi,2025-08-23,Regular,Instagram
4188,Vivaan,Desai,Male,18,Jaipur,Rajasthan,2024-08-18,Budget,YouTube
4189,Neha,Patel,Male,47,Kolkata,West Bengal,2025-10-10,Regular,Referral
4190,Tanya,Mishra,Male,21,Surat,Gujarat,2024-06-23,Regular,Facebook
4191,Rohan,Reddy,Female,40,Chennai,Tamil Nadu,2023-01-12,Premium,Email
4192,Karan,Malhotra,Female,52,Chennai,Tamil Nadu,2023-12-30,Premium,Email
4193,Arjun,Gupta,Female,59,Bengaluru,Karnataka,2024-10-23,Regular,YouTube
4194,Rohan,Patel,Male,39,Delhi,Delhi,2024-06-21,Regular,Email
4195,Neha,Trivedi,Male,48,Vadodara,Gujarat,2023-11-10,Regular,Instagram
4196,Aarav,Joshi,Male,18,Bengaluru,Karnataka,2024-08-02,Regular,Facebook
4197,Aarav,Kumar,Female,21,Hyderabad,Telangana,2023-09-19,Budget,Instagram
4198,Ananya,Thakkar,Female,36,Vadodara,Gujarat,2024-05-10,Regular,Organic Search
4199,Riya,Sharma,Male,47,Lucknow,Uttar Pradesh,2024-09-14,Regular,YouTube
4200,Meera,Patel,Male,18,Indore,Madhya Pradesh,2023-05-10,Regular,YouTube
4201,Dev,Agarwal,Female,36,Bengaluru,Karnataka,2025-03-02,VIP,Instagram
4202,Tanya,Reddy,Female,38,Bengaluru,Karnataka,2023-03-30,Budget,Referral
4203,Aanya,Malhotra,Male,39,Mumbai,Maharashtra,2025-08-25,Regular,Google Ads
4204,Tanya,Shah,Male,19,Nagpur,Maharashtra,2024-09-21,Regular,YouTube
4205,Aditya,Mishra,Female,23,Indore,Madhya Pradesh,2024-05-20,Regular,Facebook
4206,Ishaan,Desai,Male,38,Chennai,Tamil Nadu,2023-07-26,Budget,Referral
4207,Ananya,Mishra,Male,50,Hyderabad,Telangana,2025-12-18,Regular,YouTube
4208,Nisha,Pandya,Female,36,Mumbai,Maharashtra,2024-06-17,Budget,Instagram
4209,Ishaan,Mehta,Male,44,Pune,Maharashtra,2025-06-02,Premium,Instagram
4210,Isha,Shah,Female,54,Hyderabad,Telangana,2025-08-08,Premium,Email
4211,Isha,Malhotra,Male,46,Pune,Maharashtra,2023-10-12,Budget,Referral
4212,Rahul,Mishra,Female,45,Bengaluru,Karnataka,2024-12-19,Budget,Google Ads
4213,Rohan,Joshi,Male,51,Rajkot,Gujarat,2024-05-16,Budget,Instagram
4214,Kabir,Mishra,Male,18,Rajkot,Gujarat,2023-09-15,Budget,Organic Search
4215,Vivaan,Joshi,Male,42,Jaipur,Rajasthan,2025-03-20,Budget,Email
4216,Diya,Thakkar,Female,38,Delhi,Delhi,2023-02-21,Budget,Email
4217,Riya,Pandya,Male,51,Rajkot,Gujarat,2024-07-03,Regular,Facebook
4218,Neha,Singh,Male,43,Mumbai,Maharashtra,2024-10-26,Regular,Email
4219,Yash,Verma,Female,53,Jaipur,Rajasthan,2024-10-16,Regular,Google Ads
4220,Rahul,Malhotra,Male,52,Nagpur,Maharashtra,2025-08-23,Regular,Facebook
4221,Aarav,Soni,Female,40,Kolkata,West Bengal,2024-06-05,Premium,Instagram
4222,Arjun,Parmar,Female,34,Jaipur,Rajasthan,2025-08-26,VIP,Referral
4223,Isha,Patel,Female,59,Surat,Gujarat,2025-09-27,Regular,Organic Search
4224,Raj,Desai,Male,29,Rajkot,Gujarat,2025-06-06,Budget,Instagram
4225,Aanya,Mehta,Female,37,Delhi,Delhi,2025-01-14,Budget,Email
4226,Rohan,Sharma,Male,56,Ahmedabad,Gujarat,2025-12-28,Budget,YouTube
4227,Neha,Singh,Female,44,Rajkot,Gujarat,2025-12-03,Regular,Google Ads
4228,Neha,Desai,Male,59,Ahmedabad,Gujarat,2023-07-30,Regular,Google Ads
4229,Nisha,Agarwal,Female,54,Delhi,Delhi,2023-10-03,Regular,Email
4230,Aditya,Patel,Female,37,Bengaluru,Karnataka,2024-04-23,Budget,Google Ads
4231,Ishaan,Trivedi,Male,28,Mumbai,Maharashtra,2023-07-24,Premium,Organic Search
4232,Raj,Mishra,Female,45,Kolkata,West Bengal,2023-04-29,Budget,Facebook
4233,Arjun,Shah,Male,19,Indore,Madhya Pradesh,2024-04-30,Budget,Email
4234,Simran,Desai,Female,41,Lucknow,Uttar Pradesh,2023-04-19,Regular,YouTube
4235,Nisha,Joshi,Male,33,Nagpur,Maharashtra,2024-03-29,Budget,Instagram
4236,Krish,Mishra,Female,29,Vadodara,Gujarat,2025-10-28,Regular,Google Ads
4237,Kavya,Pandya,Female,33,Delhi,Delhi,2024-05-26,VIP,Referral
4238,Ishaan,Reddy,Male,53,Lucknow,Uttar Pradesh,2025-12-02,Premium,Instagram
4239,Nisha,Sharma,Female,19,Indore,Madhya Pradesh,2023-05-12,Budget,YouTube
4240,Dev,Malhotra,Male,42,Bengaluru,Karnataka,2025-01-20,Regular,YouTube
4241,Meera,Mehta,Male,46,Hyderabad,Telangana,2024-01-29,Regular,Facebook
4242,Aanya,Agarwal,Female,45,Surat,Gujarat,2023-07-17,VIP,YouTube
4243,Rahul,Shah,Female,27,Lucknow,Uttar Pradesh,2023-08-08,VIP,YouTube
4244,Nisha,Agarwal,Female,40,Hyderabad,Telangana,2025-05-17,Budget,Google Ads
4245,Ananya,Reddy,Male,49,Lucknow,Uttar Pradesh,2023-04-04,Premium,Instagram
4246,Priya,Thakkar,Male,48,Mumbai,Maharashtra,2023-06-02,Budget,Referral
4247,Dev,Verma,Female,36,Hyderabad,Telangana,2024-06-08,Regular,Google Ads
4248,Rohan,Reddy,Male,32,Bengaluru,Karnataka,2024-12-19,Regular,Google Ads
4249,Simran,Malhotra,Female,50,Pune,Maharashtra,2025-02-05,Budget,Organic Search
4250,Rohan,Patel,Female,34,Nagpur,Maharashtra,2025-03-28,Premium,Email
4251,Dev,Trivedi,Female,53,Chennai,Tamil Nadu,2023-09-14,Regular,Referral
4252,Tanya,Sharma,Male,37,Chennai,Tamil Nadu,2024-12-01,Premium,Email
4253,Rohan,Mishra,Male,26,Hyderabad,Telangana,2024-05-29,VIP,Facebook
4254,Aditya,Shah,Female,55,Surat,Gujarat,2024-03-20,Premium,Referral
4255,Sneha,Desai,Male,20,Nagpur,Maharashtra,2023-06-20,Regular,Facebook
4256,Rahul,Mishra,Female,19,Hyderabad,Telangana,2023-09-27,Regular,YouTube
4257,Arjun,Kumar,Female,35,Hyderabad,Telangana,2024-08-23,Regular,Facebook
4258,Aanya,Singh,Male,40,Bengaluru,Karnataka,2024-09-28,Premium,Organic Search
4259,Tanya,Agarwal,Female,36,Delhi,Delhi,2023-03-08,Budget,Facebook
4260,Aryan,Soni,Female,24,Ahmedabad,Gujarat,2025-02-13,Regular,YouTube
4261,Isha,Trivedi,Female,52,Delhi,Delhi,2023-01-08,Premium,Instagram
4262,Raj,Trivedi,Female,37,Delhi,Delhi,2023-05-15,Premium,Organic Search
4263,Nisha,Parmar,Female,37,Jaipur,Rajasthan,2025-03-26,VIP,YouTube
4264,Ananya,Joshi,Male,36,Indore,Madhya Pradesh,2025-04-09,Budget,YouTube
4265,Riya,Kapoor,Male,58,Delhi,Delhi,2023-01-25,Regular,Instagram
4266,Isha,Soni,Female,33,Kolkata,West Bengal,2024-04-09,Regular,YouTube
4267,Raj,Singh,Male,55,Kolkata,West Bengal,2024-01-09,Regular,Email
4268,Diya,Kapoor,Female,38,Delhi,Delhi,2023-07-15,Regular,Facebook
4269,Kavya,Shah,Female,46,Surat,Gujarat,2024-12-04,Budget,YouTube
4270,Arjun,Kumar,Female,55,Surat,Gujarat,2024-02-06,Premium,Google Ads
4271,Rohan,Pandya,Female,41,Vadodara,Gujarat,2023-05-02,Premium,Facebook
4272,Rohan,Agarwal,Male,54,Lucknow,Uttar Pradesh,2025-02-10,Budget,Organic Search
4273,Aryan,Pandya,Male,46,Hyderabad,Telangana,2024-07-12,Budget,Email
4274,Isha,Verma,Female,48,Nagpur,Maharashtra,2025-08-11,Budget,Email
4275,Raj,Singh,Male,56,Vadodara,Gujarat,2025-06-26,Regular,Organic Search
4276,Vivaan,Singh,Female,29,Kolkata,West Bengal,2025-11-28,Premium,Organic Search
4277,Raj,Joshi,Male,47,Kolkata,West Bengal,2024-09-10,Budget,YouTube
4278,Kavya,Singh,Female,21,Surat,Gujarat,2025-01-10,Regular,Instagram
4279,Priya,Pandya,Female,47,Surat,Gujarat,2025-08-04,Budget,Google Ads
4280,Nisha,Desai,Female,22,Jaipur,Rajasthan,2025-03-07,VIP,YouTube
4281,Sneha,Mehta,Male,33,Jaipur,Rajasthan,2023-07-25,Premium,Instagram
4282,Meera,Verma,Male,44,Nagpur,Maharashtra,2024-08-05,Premium,Email
4283,Aditya,Gupta,Female,21,Kolkata,West Bengal,2024-11-27,Budget,Facebook
4284,Dev,Joshi,Male,25,Chennai,Tamil Nadu,2024-02-16,Regular,Organic Search
4285,Vivaan,Patel,Male,25,Surat,Gujarat,2023-07-27,Budget,Email
4286,Raj,Patel,Male,34,Delhi,Delhi,2024-02-09,Regular,YouTube
4287,Meera,Sharma,Male,20,Chennai,Tamil Nadu,2024-01-23,Budget,Instagram
4288,Simran,Trivedi,Male,44,Bengaluru,Karnataka,2025-05-16,Premium,Organic Search
4289,Isha,Singh,Male,51,Mumbai,Maharashtra,2023-09-28,Regular,YouTube
4290,Priya,Reddy,Male,38,Indore,Madhya Pradesh,2024-03-12,Regular,Email
4291,Krish,Patel,Male,60,Kolkata,West Bengal,2025-05-07,Premium,Google Ads
4292,Yash,Singh,Male,41,Mumbai,Maharashtra,2023-12-11,Regular,Email
4293,Priya,Soni,Male,58,Ahmedabad,Gujarat,2023-05-29,Budget,YouTube
4294,Yash,Shah,Male,46,Vadodara,Gujarat,2024-09-19,Regular,Instagram
4295,Ishaan,Parmar,Male,56,Vadodara,Gujarat,2023-07-06,VIP,YouTube
4296,Karan,Mishra,Male,23,Pune,Maharashtra,2023-01-20,Regular,Facebook
4297,Arjun,Reddy,Female,31,Surat,Gujarat,2024-01-08,Regular,Facebook
4298,Meera,Kumar,Female,31,Lucknow,Uttar Pradesh,2025-09-05,Premium,Instagram
4299,Aarav,Singh,Male,54,Jaipur,Rajasthan,2023-03-08,Regular,Organic Search
4300,Tanya,Malhotra,Male,41,Pune,Maharashtra,2025-12-21,VIP,Email
4301,Neha,Joshi,Male,30,Rajkot,Gujarat,2025-02-24,Budget,YouTube
4302,Aditya,Trivedi,Female,18,Mumbai,Maharashtra,2024-09-13,Regular,Referral
4303,Raj,Joshi,Female,29,Surat,Gujarat,2023-03-26,Budget,Referral
4304,Ananya,Patel,Male,59,Bengaluru,Karnataka,2023-06-25,Regular,Facebook
4305,Vivaan,Gupta,Male,41,Kolkata,West Bengal,2023-12-25,Budget,Google Ads
4306,Ishaan,Desai,Male,54,Chennai,Tamil Nadu,2025-04-10,Budget,Facebook
4307,Arjun,Pandya,Male,37,Pune,Maharashtra,2023-10-18,Budget,Email
4308,Meera,Kapoor,Male,23,Bengaluru,Karnataka,2023-05-10,Regular,Instagram
4309,Isha,Thakkar,Female,29,Indore,Madhya Pradesh,2024-04-23,Budget,Google Ads
4310,Aditya,Kapoor,Male,38,Pune,Maharashtra,2024-10-09,Premium,YouTube
4311,Tanya,Verma,Female,20,Chennai,Tamil Nadu,2024-06-15,Budget,YouTube
4312,Aanya,Trivedi,Male,44,Pune,Maharashtra,2023-09-21,Regular,Organic Search
4313,Kabir,Mehta,Male,53,Kolkata,West Bengal,2025-08-16,Budget,Referral
4314,Kavya,Singh,Female,34,Chennai,Tamil Nadu,2024-05-17,Budget,Organic Search
4315,Pooja,Trivedi,Female,32,Chennai,Tamil Nadu,2025-06-27,Premium,Organic Search
4316,Neha,Kumar,Male,56,Jaipur,Rajasthan,2024-04-19,Premium,Instagram
4317,Simran,Verma,Female,21,Kolkata,West Bengal,2025-06-06,Premium,Google Ads
4318,Meera,Shah,Male,34,Lucknow,Uttar Pradesh,2023-01-18,Regular,Google Ads
4319,Rohan,Mishra,Female,55,Vadodara,Gujarat,2025-12-28,Budget,Google Ads
4320,Karan,Parmar,Female,28,Kolkata,West Bengal,2025-06-26,Budget,Instagram
4321,Priya,Sharma,Male,29,Hyderabad,Telangana,2023-05-10,Regular,Instagram
4322,Kabir,Kapoor,Male,49,Chennai,Tamil Nadu,2025-07-26,Premium,YouTube
4323,Tanya,Joshi,Female,44,Kolkata,West Bengal,2025-03-25,Premium,Organic Search
4324,Rohan,Kumar,Male,60,Lucknow,Uttar Pradesh,2023-01-15,Budget,Facebook
4325,Isha,Trivedi,Female,44,Pune,Maharashtra,2025-10-03,Regular,Email
4326,Rohan,Joshi,Female,57,Surat,Gujarat,2024-12-07,Budget,YouTube
4327,Arjun,Soni,Male,46,Mumbai,Maharashtra,2024-12-03,Premium,Referral
4328,Kavya,Mehta,Female,26,Indore,Madhya Pradesh,2025-01-15,Budget,Referral
4329,Meera,Joshi,Male,60,Chennai,Tamil Nadu,2024-03-07,Regular,Referral
4330,Nisha,Malhotra,Male,20,Surat,Gujarat,2025-12-25,Premium,Organic Search
4331,Priya,Thakkar,Female,56,Delhi,Delhi,2023-02-05,Premium,Google Ads
4332,Vivaan,Agarwal,Male,46,Surat,Gujarat,2025-01-16,Budget,Facebook
4333,Ishaan,Verma,Female,38,Rajkot,Gujarat,2023-01-17,Budget,Email
4334,Kavya,Mishra,Female,52,Kolkata,West Bengal,2024-05-28,Premium,Google Ads
4335,Raj,Agarwal,Male,27,Hyderabad,Telangana,2023-02-02,Regular,Instagram
4336,Ananya,Mehta,Male,40,Rajkot,Gujarat,2023-12-15,Regular,Facebook
4337,Yash,Shah,Female,56,Indore,Madhya Pradesh,2024-05-22,Budget,Instagram
4338,Kavya,Gupta,Male,42,Bengaluru,Karnataka,2024-10-07,Premium,Email
4339,Priya,Gupta,Female,41,Mumbai,Maharashtra,2025-07-27,Premium,Referral
4340,Kavya,Trivedi,Female,37,Lucknow,Uttar Pradesh,2025-05-05,Premium,Email
4341,Ishaan,Patel,Female,32,Chennai,Tamil Nadu,2024-05-31,Regular,Google Ads
4342,Karan,Gupta,Female,38,Ahmedabad,Gujarat,2025-03-08,Budget,Instagram
4343,Tanya,Thakkar,Female,59,Chennai,Tamil Nadu,2024-04-29,Budget,YouTube
4344,Rohan,Mishra,Male,29,Lucknow,Uttar Pradesh,2024-10-25,Premium,Referral
4345,Isha,Joshi,Female,35,Surat,Gujarat,2024-03-18,Budget,Organic Search
4346,Neha,Gupta,Female,40,Lucknow,Uttar Pradesh,2024-01-13,Budget,YouTube
4347,Riya,Mishra,Female,58,Surat,Gujarat,2025-10-10,Budget,Instagram
4348,Aryan,Shah,Female,46,Chennai,Tamil Nadu,2025-08-20,Premium,Email
4349,Krish,Malhotra,Female,58,Surat,Gujarat,2024-07-26,Premium,Referral
4350,Simran,Parmar,Female,53,Lucknow,Uttar Pradesh,2023-12-24,Premium,Facebook
4351,Yash,Parmar,Male,22,Delhi,Delhi,2024-06-21,Regular,Referral
4352,Rahul,Soni,Male,56,Bengaluru,Karnataka,2024-09-12,VIP,Instagram
4353,Isha,Singh,Female,43,Vadodara,Gujarat,2025-03-16,Budget,Organic Search
4354,Meera,Desai,Female,56,Bengaluru,Karnataka,2025-12-01,Premium,Organic Search
4355,Meera,Reddy,Female,28,Bengaluru,Karnataka,2025-03-26,Regular,Google Ads
4356,Simran,Soni,Male,59,Jaipur,Rajasthan,2023-01-13,Regular,YouTube
4357,Diya,Agarwal,Female,28,Hyderabad,Telangana,2025-04-03,Budget,Organic Search
4358,Yash,Mehta,Female,35,Surat,Gujarat,2024-05-03,Budget,Referral
4359,Yash,Kapoor,Female,29,Jaipur,Rajasthan,2025-12-22,Regular,Google Ads
4360,Riya,Shah,Female,33,Vadodara,Gujarat,2024-07-08,Budget,Facebook
4361,Rahul,Singh,Female,44,Bengaluru,Karnataka,2025-01-14,Regular,YouTube
4362,Sneha,Malhotra,Female,53,Chennai,Tamil Nadu,2023-03-16,Budget,YouTube
4363,Simran,Sharma,Male,34,Lucknow,Uttar Pradesh,2025-02-03,Budget,Organic Search
4364,Arjun,Parmar,Female,38,Vadodara,Gujarat,2025-04-04,Premium,YouTube
4365,Rahul,Kapoor,Female,54,Surat,Gujarat,2023-07-26,Premium,Referral
4366,Ishaan,Agarwal,Female,48,Nagpur,Maharashtra,2024-11-23,VIP,Google Ads
4367,Aarav,Kapoor,Female,52,Vadodara,Gujarat,2024-11-06,Regular,Organic Search
4368,Neha,Mehta,Female,44,Vadodara,Gujarat,2024-07-28,Premium,Email
4369,Sneha,Trivedi,Female,40,Jaipur,Rajasthan,2025-06-12,Premium,Organic Search
4370,Ananya,Kapoor,Female,49,Surat,Gujarat,2023-05-05,Regular,Google Ads
4371,Nisha,Pandya,Female,34,Delhi,Delhi,2023-09-14,Regular,Email
4372,Ishaan,Mehta,Female,28,Lucknow,Uttar Pradesh,2025-01-06,Budget,Referral
4373,Pooja,Thakkar,Male,18,Delhi,Delhi,2023-10-15,Budget,Instagram
4374,Meera,Mehta,Male,45,Hyderabad,Telangana,2024-09-29,Premium,YouTube
4375,Aanya,Reddy,Male,35,Kolkata,West Bengal,2025-02-05,Regular,Organic Search
4376,Isha,Joshi,Female,58,Ahmedabad,Gujarat,2024-05-26,Regular,Organic Search
4377,Meera,Singh,Male,37,Bengaluru,Karnataka,2024-07-26,Budget,Google Ads
4378,Priya,Gupta,Male,24,Lucknow,Uttar Pradesh,2024-01-03,Budget,Facebook
4379,Krish,Shah,Male,54,Kolkata,West Bengal,2023-10-12,Regular,Facebook
4380,Nisha,Mishra,Male,33,Hyderabad,Telangana,2023-03-04,Regular,Organic Search
4381,Aanya,Mehta,Female,56,Indore,Madhya Pradesh,2024-10-07,Regular,Organic Search
4382,Tanya,Thakkar,Male,40,Mumbai,Maharashtra,2025-01-20,Regular,Email
4383,Meera,Kumar,Male,49,Kolkata,West Bengal,2025-02-02,Regular,Email
4384,Ananya,Agarwal,Female,34,Lucknow,Uttar Pradesh,2023-12-27,VIP,YouTube
4385,Ananya,Desai,Male,36,Indore,Madhya Pradesh,2024-01-06,Premium,Email
4386,Arjun,Mehta,Female,59,Ahmedabad,Gujarat,2025-11-10,Budget,Facebook
4387,Karan,Thakkar,Male,51,Vadodara,Gujarat,2025-07-29,Regular,Google Ads
4388,Raj,Desai,Male,31,Ahmedabad,Gujarat,2025-07-29,Regular,Google Ads
4389,Aditya,Verma,Male,20,Chennai,Tamil Nadu,2025-05-04,Regular,Email
4390,Diya,Mishra,Female,56,Indore,Madhya Pradesh,2025-03-13,Regular,Organic Search
4391,Aryan,Reddy,Male,42,Surat,Gujarat,2023-02-15,Budget,Email
4392,Kabir,Singh,Male,28,Delhi,Delhi,2023-07-13,Premium,Organic Search
4393,Riya,Mehta,Female,32,Vadodara,Gujarat,2025-12-16,Regular,Referral
4394,Raj,Parmar,Male,36,Vadodara,Gujarat,2023-11-29,VIP,Facebook
4395,Isha,Shah,Male,60,Kolkata,West Bengal,2025-01-16,Budget,Instagram
4396,Isha,Mishra,Male,32,Jaipur,Rajasthan,2025-05-15,Budget,Organic Search
4397,Isha,Parmar,Male,32,Kolkata,West Bengal,2025-11-05,Regular,Google Ads
4398,Aarav,Kumar,Male,55,Ahmedabad,Gujarat,2024-10-06,Regular,Email
4399,Kabir,Thakkar,Female,32,Ahmedabad,Gujarat,2025-01-13,Regular,Referral
4400,Meera,Kumar,Female,26,Hyderabad,Telangana,2023-05-30,VIP,Referral
4401,Rahul,Reddy,Female,22,Vadodara,Gujarat,2025-10-02,Regular,Referral
4402,Aditya,Kumar,Male,36,Ahmedabad,Gujarat,2025-03-12,Regular,Referral
4403,Nisha,Desai,Male,41,Kolkata,West Bengal,2025-05-31,Premium,YouTube
4404,Rohan,Reddy,Male,46,Nagpur,Maharashtra,2025-04-05,Regular,Email
4405,Raj,Gupta,Male,22,Lucknow,Uttar Pradesh,2024-01-26,Regular,Email
4406,Ananya,Singh,Male,39,Indore,Madhya Pradesh,2023-10-08,Regular,Referral
4407,Krish,Mehta,Female,30,Hyderabad,Telangana,2024-06-22,Regular,Google Ads
4408,Sneha,Mehta,Female,46,Pune,Maharashtra,2023-12-08,Regular,Email
4409,Diya,Soni,Female,33,Lucknow,Uttar Pradesh,2024-11-04,Budget,Organic Search
4410,Aanya,Agarwal,Male,53,Hyderabad,Telangana,2025-10-15,Regular,YouTube
4411,Kavya,Mehta,Female,34,Bengaluru,Karnataka,2023-04-03,Budget,Organic Search
4412,Kavya,Singh,Female,37,Ahmedabad,Gujarat,2025-10-16,Premium,YouTube
4413,Ishaan,Kumar,Female,31,Chennai,Tamil Nadu,2023-04-25,Budget,Referral
4414,Aditya,Verma,Female,23,Surat,Gujarat,2023-04-23,Budget,YouTube
4415,Kavya,Desai,Male,39,Jaipur,Rajasthan,2025-12-19,Regular,Facebook
4416,Dev,Soni,Male,57,Bengaluru,Karnataka,2023-08-25,Regular,YouTube
4417,Dev,Kumar,Female,26,Lucknow,Uttar Pradesh,2024-09-29,Regular,Referral
4418,Priya,Reddy,Female,49,Bengaluru,Karnataka,2025-12-04,Regular,Referral
4419,Diya,Agarwal,Female,41,Jaipur,Rajasthan,2024-12-24,Premium,Referral
4420,Yash,Pandya,Female,50,Nagpur,Maharashtra,2024-05-13,Regular,Google Ads
4421,Vivaan,Mishra,Female,30,Bengaluru,Karnataka,2024-03-24,Regular,Instagram
4422,Aryan,Mehta,Female,52,Surat,Gujarat,2023-07-14,Premium,Organic Search
4423,Neha,Malhotra,Female,23,Bengaluru,Karnataka,2024-07-28,Budget,Organic Search
4424,Aditya,Kapoor,Female,57,Kolkata,West Bengal,2024-08-04,Premium,Email
4425,Neha,Pandya,Female,47,Rajkot,Gujarat,2023-11-06,Regular,Email
4426,Pooja,Kapoor,Male,55,Bengaluru,Karnataka,2024-08-13,Premium,Email
4427,Ananya,Joshi,Female,33,Jaipur,Rajasthan,2024-07-01,Budget,YouTube
4428,Aditya,Kapoor,Male,18,Rajkot,Gujarat,2024-01-24,Premium,YouTube
4429,Meera,Verma,Male,59,Kolkata,West Bengal,2025-03-10,Regular,YouTube
4430,Aanya,Malhotra,Female,35,Pune,Maharashtra,2024-10-22,Regular,Instagram
4431,Kabir,Malhotra,Female,39,Jaipur,Rajasthan,2025-02-23,Regular,Instagram
4432,Simran,Thakkar,Male,43,Kolkata,West Bengal,2024-06-17,VIP,Instagram
4433,Isha,Soni,Male,31,Indore,Madhya Pradesh,2023-10-24,Regular,Instagram
4434,Kabir,Desai,Female,54,Surat,Gujarat,2025-04-06,Regular,Instagram
4435,Karan,Thakkar,Male,31,Bengaluru,Karnataka,2024-12-27,Premium,Email
4436,Karan,Verma,Female,43,Bengaluru,Karnataka,2023-11-27,Budget,Email
4437,Aditya,Desai,Female,53,Ahmedabad,Gujarat,2024-09-25,Budget,Instagram
4438,Aarav,Soni,Male,40,Bengaluru,Karnataka,2025-05-04,Premium,Email
4439,Arjun,Malhotra,Female,19,Vadodara,Gujarat,2025-12-14,Budget,Instagram
4440,Pooja,Mehta,Male,56,Lucknow,Uttar Pradesh,2025-02-10,Premium,Instagram
4441,Rohan,Singh,Female,24,Kolkata,West Bengal,2025-05-24,Regular,Instagram
4442,Aarav,Malhotra,Female,56,Vadodara,Gujarat,2025-01-11,Regular,Email
4443,Ananya,Agarwal,Male,39,Vadodara,Gujarat,2024-09-29,Budget,Facebook
4444,Rohan,Trivedi,Male,45,Pune,Maharashtra,2024-03-17,Premium,Facebook
4445,Raj,Thakkar,Female,55,Hyderabad,Telangana,2025-06-11,Premium,Referral
4446,Kabir,Kumar,Female,37,Bengaluru,Karnataka,2023-05-26,Regular,Referral
4447,Kabir,Agarwal,Male,35,Indore,Madhya Pradesh,2024-01-26,Regular,Facebook
4448,Rohan,Joshi,Female,41,Pune,Maharashtra,2024-01-08,Budget,Google Ads
4449,Tanya,Joshi,Male,50,Surat,Gujarat,2025-12-04,Premium,Organic Search
4450,Aryan,Kapoor,Male,43,Kolkata,West Bengal,2023-09-19,Regular,Facebook
4451,Aarav,Pandya,Male,36,Vadodara,Gujarat,2025-07-19,Budget,Facebook
4452,Arjun,Verma,Female,59,Jaipur,Rajasthan,2025-01-15,Premium,Facebook
4453,Aditya,Joshi,Male,30,Delhi,Delhi,2024-07-18,Premium,YouTube
4454,Vivaan,Sharma,Female,27,Surat,Gujarat,2024-05-30,Budget,Instagram
4455,Kabir,Agarwal,Male,31,Bengaluru,Karnataka,2024-11-15,Premium,Referral
4456,Sneha,Kapoor,Female,26,Ahmedabad,Gujarat,2024-04-30,Premium,Email
4457,Aryan,Joshi,Female,28,Rajkot,Gujarat,2025-04-13,VIP,Organic Search
4458,Vivaan,Gupta,Male,20,Pune,Maharashtra,2024-04-10,Budget,Organic Search
4459,Krish,Parmar,Male,57,Bengaluru,Karnataka,2024-04-10,Regular,Organic Search
4460,Krish,Parmar,Male,29,Nagpur,Maharashtra,2023-01-22,VIP,YouTube
4461,Arjun,Agarwal,Female,52,Hyderabad,Telangana,2024-01-31,Budget,Instagram
4462,Rahul,Trivedi,Female,56,Hyderabad,Telangana,2023-05-25,Regular,Facebook
4463,Ishaan,Malhotra,Female,56,Lucknow,Uttar Pradesh,2024-02-24,Regular,Facebook
4464,Aditya,Parmar,Male,49,Surat,Gujarat,2023-11-01,Regular,YouTube
4465,Kabir,Desai,Male,56,Hyderabad,Telangana,2025-09-27,Regular,Email
4466,Aditya,Agarwal,Male,31,Delhi,Delhi,2023-02-13,Premium,YouTube
4467,Krish,Parmar,Male,18,Indore,Madhya Pradesh,2023-04-17,Budget,YouTube
4468,Tanya,Desai,Male,44,Nagpur,Maharashtra,2023-05-30,Regular,Referral
4469,Raj,Joshi,Female,54,Chennai,Tamil Nadu,2023-04-20,Regular,Instagram
4470,Raj,Agarwal,Male,60,Delhi,Delhi,2025-11-07,Budget,Google Ads
4471,Vivaan,Agarwal,Female,18,Hyderabad,Telangana,2025-01-19,Budget,Referral
4472,Raj,Singh,Male,46,Lucknow,Uttar Pradesh,2023-08-27,VIP,Organic Search
4473,Meera,Gupta,Male,41,Lucknow,Uttar Pradesh,2024-12-24,Regular,Email
4474,Nisha,Parmar,Male,34,Indore,Madhya Pradesh,2025-01-12,Regular,Email
4475,Rahul,Kapoor,Male,52,Nagpur,Maharashtra,2023-11-24,Premium,YouTube
4476,Diya,Parmar,Male,48,Surat,Gujarat,2025-05-11,Budget,YouTube
4477,Vivaan,Reddy,Female,59,Ahmedabad,Gujarat,2024-04-05,Regular,Facebook
4478,Kabir,Singh,Male,49,Nagpur,Maharashtra,2025-01-13,Budget,YouTube
4479,Isha,Parmar,Female,36,Indore,Madhya Pradesh,2023-12-29,Regular,Instagram
4480,Sneha,Pandya,Female,48,Nagpur,Maharashtra,2025-06-16,Budget,Facebook
4481,Vivaan,Mishra,Female,56,Kolkata,West Bengal,2024-03-18,Premium,Google Ads
4482,Dev,Mishra,Female,37,Chennai,Tamil Nadu,2025-06-04,Regular,Instagram
4483,Tanya,Kapoor,Male,45,Vadodara,Gujarat,2025-09-10,Regular,Email
4484,Diya,Pandya,Male,20,Jaipur,Rajasthan,2023-09-18,Regular,Email
4485,Rahul,Shah,Male,49,Nagpur,Maharashtra,2023-10-07,Budget,Instagram
4486,Tanya,Agarwal,Male,39,Indore,Madhya Pradesh,2025-07-14,Premium,Referral
4487,Vivaan,Malhotra,Male,59,Nagpur,Maharashtra,2025-08-03,Budget,YouTube
4488,Vivaan,Joshi,Female,32,Delhi,Delhi,2023-06-01,Regular,YouTube
4489,Simran,Desai,Male,55,Vadodara,Gujarat,2025-03-04,Budget,YouTube
4490,Raj,Desai,Male,36,Kolkata,West Bengal,2025-11-01,VIP,Email
4491,Neha,Mehta,Female,48,Mumbai,Maharashtra,2023-01-14,Regular,Instagram
4492,Ananya,Agarwal,Male,43,Jaipur,Rajasthan,2025-08-08,Budget,YouTube
4493,Tanya,Reddy,Male,22,Ahmedabad,Gujarat,2025-05-16,Regular,Referral
4494,Vivaan,Parmar,Female,37,Vadodara,Gujarat,2024-03-20,VIP,Facebook
4495,Karan,Shah,Male,19,Surat,Gujarat,2025-03-09,Regular,Email
4496,Aditya,Parmar,Female,38,Chennai,Tamil Nadu,2025-01-01,Regular,Organic Search
4497,Kabir,Shah,Female,53,Indore,Madhya Pradesh,2023-08-26,Budget,Referral
4498,Sneha,Verma,Male,45,Surat,Gujarat,2024-06-22,Budget,Instagram
4499,Krish,Joshi,Female,37,Indore,Madhya Pradesh,2025-02-07,Budget,Referral
4500,Neha,Patel,Male,54,Ahmedabad,Gujarat,2025-03-19,Regular,Instagram
4501,Sneha,Reddy,Male,56,Nagpur,Maharashtra,2025-01-31,Premium,Instagram
4502,Nisha,Trivedi,Male,53,Hyderabad,Telangana,2023-03-15,Premium,Instagram
4503,Kavya,Sharma,Female,28,Ahmedabad,Gujarat,2023-10-23,Premium,Google Ads
4504,Karan,Kumar,Female,20,Lucknow,Uttar Pradesh,2023-01-14,Budget,Facebook
4505,Priya,Parmar,Female,54,Bengaluru,Karnataka,2024-09-03,Premium,Referral
4506,Karan,Joshi,Female,37,Chennai,Tamil Nadu,2024-01-30,Regular,Google Ads
4507,Aarav,Desai,Female,49,Mumbai,Maharashtra,2023-07-10,Regular,Referral
4508,Isha,Kumar,Female,42,Delhi,Delhi,2025-03-27,Regular,YouTube
4509,Aryan,Shah,Female,38,Bengaluru,Karnataka,2023-04-16,Budget,Referral
4510,Priya,Singh,Female,33,Hyderabad,Telangana,2023-01-07,Budget,Google Ads
4511,Raj,Soni,Female,59,Lucknow,Uttar Pradesh,2025-02-03,Regular,Google Ads
4512,Priya,Kumar,Female,18,Vadodara,Gujarat,2024-10-13,Budget,Email
4513,Meera,Trivedi,Female,40,Jaipur,Rajasthan,2024-04-29,Regular,Instagram
4514,Priya,Verma,Male,60,Bengaluru,Karnataka,2025-07-20,Regular,Google Ads
4515,Meera,Mishra,Female,41,Nagpur,Maharashtra,2024-05-20,Premium,Instagram
4516,Pooja,Soni,Male,42,Hyderabad,Telangana,2024-06-02,Premium,Facebook
4517,Pooja,Pandya,Male,24,Vadodara,Gujarat,2025-03-12,VIP,Google Ads
4518,Kavya,Agarwal,Male,55,Chennai,Tamil Nadu,2024-03-24,Premium,Email
4519,Isha,Patel,Male,56,Bengaluru,Karnataka,2023-10-12,VIP,Email
4520,Sneha,Joshi,Female,52,Hyderabad,Telangana,2023-03-15,Regular,YouTube
4521,Sneha,Pandya,Male,31,Delhi,Delhi,2023-02-14,VIP,Google Ads
4522,Dev,Mehta,Male,26,Pune,Maharashtra,2025-01-14,Regular,Facebook
4523,Dev,Trivedi,Male,20,Vadodara,Gujarat,2024-11-06,Premium,Instagram
4524,Arjun,Agarwal,Female,55,Vadodara,Gujarat,2024-07-28,Budget,Referral
4525,Kabir,Desai,Male,37,Rajkot,Gujarat,2023-04-03,Regular,Organic Search
4526,Kavya,Thakkar,Male,58,Surat,Gujarat,2023-11-18,Premium,Referral
4527,Riya,Sharma,Female,50,Bengaluru,Karnataka,2024-04-10,Regular,Referral
4528,Riya,Pandya,Female,58,Chennai,Tamil Nadu,2024-08-26,Budget,Referral
4529,Aanya,Kapoor,Female,49,Hyderabad,Telangana,2025-06-03,Regular,Google Ads
4530,Krish,Desai,Female,53,Chennai,Tamil Nadu,2025-10-03,Regular,YouTube
4531,Aanya,Verma,Female,43,Hyderabad,Telangana,2024-07-07,Premium,Email
4532,Tanya,Malhotra,Female,22,Vadodara,Gujarat,2025-01-22,Regular,Organic Search
4533,Krish,Malhotra,Female,47,Mumbai,Maharashtra,2023-11-23,Budget,Referral
4534,Riya,Malhotra,Female,34,Indore,Madhya Pradesh,2024-12-28,Premium,Google Ads
4535,Priya,Agarwal,Female,23,Chennai,Tamil Nadu,2024-08-13,Premium,YouTube
4536,Neha,Shah,Male,32,Kolkata,West Bengal,2025-04-30,Budget,Facebook
4537,Ananya,Kumar,Female,18,Chennai,Tamil Nadu,2024-03-15,Premium,Referral
4538,Kavya,Joshi,Male,30,Bengaluru,Karnataka,2024-12-14,Regular,Organic Search
4539,Arjun,Joshi,Male,51,Bengaluru,Karnataka,2024-03-07,Regular,Instagram
4540,Raj,Desai,Female,47,Vadodara,Gujarat,2025-08-05,Premium,Facebook
4541,Nisha,Patel,Female,36,Pune,Maharashtra,2023-11-24,Premium,Facebook
4542,Sneha,Desai,Female,19,Indore,Madhya Pradesh,2025-05-10,Regular,Referral
4543,Kabir,Kapoor,Female,29,Jaipur,Rajasthan,2023-08-17,Budget,Instagram
4544,Aanya,Kumar,Male,57,Pune,Maharashtra,2025-01-13,Budget,Organic Search
4545,Yash,Parmar,Male,41,Mumbai,Maharashtra,2025-09-28,Premium,Google Ads
4546,Sneha,Gupta,Female,28,Pune,Maharashtra,2025-03-21,Premium,Instagram
4547,Krish,Mehta,Male,19,Nagpur,Maharashtra,2023-06-23,Regular,YouTube
4548,Vivaan,Agarwal,Female,18,Lucknow,Uttar Pradesh,2024-05-27,Regular,Facebook
4549,Aanya,Kumar,Male,45,Delhi,Delhi,2023-05-09,Regular,Referral
4550,Neha,Parmar,Male,21,Surat,Gujarat,2024-01-09,Premium,Instagram
4551,Vivaan,Shah,Female,58,Kolkata,West Bengal,2023-08-24,Regular,Email
4552,Ishaan,Agarwal,Female,47,Surat,Gujarat,2025-01-11,Regular,Instagram
4553,Aryan,Thakkar,Male,24,Surat,Gujarat,2023-07-09,Regular,Instagram
4554,Yash,Agarwal,Female,39,Lucknow,Uttar Pradesh,2023-06-17,Budget,YouTube
4555,Isha,Kumar,Male,43,Mumbai,Maharashtra,2023-10-18,Budget,Referral
4556,Ananya,Verma,Female,46,Indore,Madhya Pradesh,2023-05-19,Regular,Facebook
4557,Pooja,Shah,Female,42,Rajkot,Gujarat,2024-07-21,Regular,YouTube
4558,Isha,Gupta,Female,27,Bengaluru,Karnataka,2025-12-10,Premium,YouTube
4559,Simran,Reddy,Female,37,Pune,Maharashtra,2025-09-17,Regular,Email
4560,Simran,Verma,Female,31,Vadodara,Gujarat,2023-10-25,Budget,YouTube
4561,Aanya,Trivedi,Female,50,Bengaluru,Karnataka,2025-12-31,Regular,Referral
4562,Kavya,Singh,Female,22,Lucknow,Uttar Pradesh,2023-09-13,Budget,YouTube
4563,Rahul,Sharma,Male,23,Indore,Madhya Pradesh,2023-11-05,Budget,Email
4564,Isha,Thakkar,Female,39,Pune,Maharashtra,2023-04-01,Regular,Organic Search
4565,Sneha,Desai,Male,34,Surat,Gujarat,2023-05-29,VIP,Google Ads
4566,Neha,Thakkar,Female,32,Rajkot,Gujarat,2025-11-19,Premium,YouTube
4567,Aanya,Pandya,Male,56,Lucknow,Uttar Pradesh,2024-04-06,Premium,Instagram
4568,Kabir,Malhotra,Female,57,Bengaluru,Karnataka,2024-09-26,Regular,YouTube
4569,Aryan,Patel,Female,45,Lucknow,Uttar Pradesh,2024-09-28,Premium,Organic Search
4570,Rahul,Kapoor,Male,19,Delhi,Delhi,2024-10-07,Premium,Facebook
4571,Rohan,Singh,Female,35,Ahmedabad,Gujarat,2024-06-01,Regular,Instagram
4572,Yash,Agarwal,Female,44,Indore,Madhya Pradesh,2023-07-09,Regular,Instagram
4573,Pooja,Sharma,Female,38,Bengaluru,Karnataka,2023-03-20,Budget,Google Ads
4574,Tanya,Verma,Female,40,Jaipur,Rajasthan,2025-03-26,Regular,Facebook
4575,Ishaan,Singh,Female,24,Ahmedabad,Gujarat,2023-03-13,Premium,Facebook
4576,Pooja,Malhotra,Male,36,Chennai,Tamil Nadu,2023-02-12,Regular,Facebook
4577,Aarav,Verma,Female,26,Delhi,Delhi,2025-03-13,Budget,YouTube
4578,Ishaan,Mishra,Male,29,Kolkata,West Bengal,2023-12-23,Regular,Organic Search
4579,Meera,Reddy,Male,47,Hyderabad,Telangana,2023-01-08,Regular,YouTube
4580,Aryan,Verma,Male,24,Lucknow,Uttar Pradesh,2024-03-12,Premium,Instagram
4581,Nisha,Malhotra,Male,19,Ahmedabad,Gujarat,2023-03-21,Budget,Google Ads
4582,Vivaan,Reddy,Male,34,Nagpur,Maharashtra,2024-11-19,Regular,YouTube
4583,Yash,Kumar,Male,28,Surat,Gujarat,2024-07-29,Regular,Referral
4584,Arjun,Thakkar,Male,29,Pune,Maharashtra,2025-06-18,VIP,Referral
4585,Arjun,Kapoor,Male,20,Indore,Madhya Pradesh,2023-10-15,Regular,YouTube
4586,Aanya,Pandya,Female,38,Vadodara,Gujarat,2025-08-20,Premium,Organic Search
4587,Ananya,Mishra,Male,31,Lucknow,Uttar Pradesh,2024-12-20,Budget,Google Ads
4588,Meera,Parmar,Female,32,Kolkata,West Bengal,2025-08-13,Budget,Organic Search
4589,Raj,Trivedi,Male,59,Rajkot,Gujarat,2023-08-14,Regular,Facebook
4590,Meera,Thakkar,Male,58,Nagpur,Maharashtra,2023-10-05,Regular,Instagram
4591,Isha,Gupta,Female,27,Delhi,Delhi,2025-06-13,Regular,YouTube
4592,Rahul,Sharma,Male,53,Vadodara,Gujarat,2025-03-02,Budget,Google Ads
4593,Diya,Shah,Female,27,Vadodara,Gujarat,2025-10-23,Regular,Google Ads
4594,Neha,Sharma,Male,34,Bengaluru,Karnataka,2024-06-28,Regular,Organic Search
4595,Yash,Sharma,Female,42,Chennai,Tamil Nadu,2024-04-22,Regular,Facebook
4596,Meera,Soni,Female,44,Nagpur,Maharashtra,2025-11-19,Budget,Organic Search
4597,Rohan,Sharma,Male,50,Rajkot,Gujarat,2024-02-23,Premium,Organic Search
4598,Isha,Verma,Male,28,Hyderabad,Telangana,2025-11-17,Regular,Email
4599,Simran,Agarwal,Male,30,Nagpur,Maharashtra,2024-08-31,Budget,Organic Search
4600,Sneha,Mehta,Male,18,Indore,Madhya Pradesh,2023-03-28,Regular,Email
4601,Simran,Mishra,Female,48,Chennai,Tamil Nadu,2025-11-15,Regular,Email
4602,Aarav,Singh,Female,50,Lucknow,Uttar Pradesh,2023-04-30,Regular,Organic Search
4603,Tanya,Pandya,Female,38,Jaipur,Rajasthan,2024-12-13,Regular,Email
4604,Nisha,Sharma,Female,33,Jaipur,Rajasthan,2024-01-27,Premium,YouTube
4605,Pooja,Joshi,Female,56,Mumbai,Maharashtra,2023-12-19,VIP,Organic Search
4606,Neha,Sharma,Female,40,Delhi,Delhi,2023-01-15,Budget,Referral
4607,Sneha,Trivedi,Female,27,Bengaluru,Karnataka,2023-11-01,Budget,Referral
4608,Dev,Parmar,Male,50,Hyderabad,Telangana,2024-09-14,Budget,Google Ads
4609,Ananya,Agarwal,Male,39,Nagpur,Maharashtra,2024-06-03,Regular,Referral
4610,Sneha,Thakkar,Male,58,Pune,Maharashtra,2025-05-02,Budget,Referral
4611,Priya,Singh,Male,23,Hyderabad,Telangana,2024-10-01,Premium,Instagram
4612,Priya,Mehta,Male,53,Rajkot,Gujarat,2024-01-22,Regular,Organic Search
4613,Ishaan,Mehta,Male,27,Kolkata,West Bengal,2025-06-23,Regular,Referral
4614,Raj,Trivedi,Male,33,Mumbai,Maharashtra,2023-01-14,Regular,Referral
4615,Rohan,Singh,Male,30,Hyderabad,Telangana,2023-04-01,Premium,Organic Search
4616,Aarav,Trivedi,Female,37,Jaipur,Rajasthan,2023-01-04,Budget,Organic Search
4617,Neha,Trivedi,Male,21,Pune,Maharashtra,2025-10-18,Regular,Referral
4618,Yash,Parmar,Male,37,Ahmedabad,Gujarat,2025-03-06,Regular,YouTube
4619,Ishaan,Desai,Male,39,Lucknow,Uttar Pradesh,2023-08-04,Regular,Email
4620,Isha,Reddy,Female,46,Kolkata,West Bengal,2024-12-04,Regular,Instagram
4621,Arjun,Soni,Male,33,Bengaluru,Karnataka,2024-12-31,Budget,Instagram
4622,Ananya,Trivedi,Female,60,Kolkata,West Bengal,2023-01-17,Regular,Referral
4623,Pooja,Trivedi,Female,60,Lucknow,Uttar Pradesh,2024-05-09,Premium,Referral
4624,Aryan,Singh,Male,40,Nagpur,Maharashtra,2024-03-19,Budget,Email
4625,Priya,Sharma,Female,47,Bengaluru,Karnataka,2025-02-17,Regular,Instagram
4626,Riya,Agarwal,Male,47,Rajkot,Gujarat,2023-06-15,Budget,YouTube
4627,Meera,Mishra,Male,60,Kolkata,West Bengal,2023-12-23,Regular,Facebook
4628,Meera,Mehta,Male,20,Jaipur,Rajasthan,2023-08-22,Premium,YouTube
4629,Yash,Patel,Female,41,Pune,Maharashtra,2023-06-24,Regular,YouTube
4630,Rohan,Agarwal,Male,54,Pune,Maharashtra,2024-11-27,Regular,Facebook
4631,Dev,Desai,Male,30,Mumbai,Maharashtra,2023-08-26,Budget,Email
4632,Isha,Desai,Male,59,Jaipur,Rajasthan,2025-09-14,Premium,Email
4633,Rohan,Mishra,Female,49,Rajkot,Gujarat,2025-10-10,Regular,Organic Search
4634,Kavya,Sharma,Female,54,Bengaluru,Karnataka,2025-06-30,Budget,Facebook
4635,Diya,Joshi,Female,29,Delhi,Delhi,2024-09-21,Regular,Referral
4636,Karan,Sharma,Female,25,Mumbai,Maharashtra,2024-08-10,Budget,Organic Search
4637,Tanya,Patel,Male,41,Delhi,Delhi,2025-03-04,Premium,YouTube
4638,Aryan,Trivedi,Male,33,Bengaluru,Karnataka,2025-07-08,Budget,Google Ads
4639,Aditya,Mishra,Female,49,Jaipur,Rajasthan,2024-02-11,Regular,Instagram
4640,Ananya,Agarwal,Male,51,Hyderabad,Telangana,2023-06-26,Budget,Instagram
4641,Diya,Soni,Female,52,Surat,Gujarat,2023-04-29,Regular,Instagram
4642,Aanya,Patel,Male,49,Nagpur,Maharashtra,2024-09-05,Regular,Google Ads
4643,Krish,Joshi,Male,34,Pune,Maharashtra,2023-12-31,Premium,YouTube
4644,Aditya,Pandya,Female,19,Lucknow,Uttar Pradesh,2024-04-30,Regular,Email
4645,Yash,Sharma,Female,43,Jaipur,Rajasthan,2023-11-18,Budget,Referral
4646,Aryan,Kumar,Male,34,Kolkata,West Bengal,2023-05-19,Budget,Facebook
4647,Tanya,Kumar,Female,55,Hyderabad,Telangana,2023-11-29,VIP,Instagram
4648,Karan,Trivedi,Male,19,Delhi,Delhi,2023-08-12,Regular,Referral
4649,Aryan,Agarwal,Male,25,Chennai,Tamil Nadu,2024-07-25,Regular,Google Ads
4650,Raj,Mishra,Male,23,Nagpur,Maharashtra,2025-02-14,Premium,Referral
4651,Aanya,Joshi,Male,26,Lucknow,Uttar Pradesh,2025-08-24,Budget,Facebook
4652,Rohan,Soni,Female,18,Surat,Gujarat,2024-08-15,Regular,YouTube
4653,Raj,Agarwal,Male,22,Hyderabad,Telangana,2025-03-19,Budget,Google Ads
4654,Arjun,Agarwal,Male,56,Vadodara,Gujarat,2025-09-13,Budget,Referral
4655,Vivaan,Agarwal,Male,26,Nagpur,Maharashtra,2025-10-20,Budget,Google Ads
4656,Diya,Kapoor,Female,31,Rajkot,Gujarat,2025-05-10,Premium,Facebook
4657,Aryan,Desai,Male,44,Indore,Madhya Pradesh,2023-07-06,Regular,Facebook
4658,Aryan,Patel,Female,26,Nagpur,Maharashtra,2023-09-06,Budget,Instagram
4659,Rahul,Kapoor,Female,53,Kolkata,West Bengal,2025-12-04,Budget,YouTube
4660,Ishaan,Agarwal,Female,46,Vadodara,Gujarat,2025-10-20,Budget,Facebook
4661,Kavya,Soni,Female,37,Hyderabad,Telangana,2023-09-03,Premium,Instagram
4662,Neha,Mishra,Female,32,Indore,Madhya Pradesh,2025-07-15,Regular,Referral
4663,Kavya,Malhotra,Female,53,Rajkot,Gujarat,2023-01-15,Premium,Instagram
4664,Aarav,Reddy,Female,20,Surat,Gujarat,2025-04-05,Premium,Facebook
4665,Arjun,Gupta,Male,40,Bengaluru,Karnataka,2024-11-19,Premium,Google Ads
4666,Raj,Pandya,Male,26,Surat,Gujarat,2024-12-27,Budget,Referral
4667,Sneha,Kapoor,Female,47,Vadodara,Gujarat,2024-06-20,Budget,Google Ads
4668,Raj,Soni,Female,36,Chennai,Tamil Nadu,2024-05-06,Regular,Google Ads
4669,Raj,Parmar,Female,55,Chennai,Tamil Nadu,2023-10-19,Regular,Instagram
4670,Vivaan,Verma,Male,20,Rajkot,Gujarat,2023-04-27,Regular,Google Ads
4671,Aryan,Verma,Female,20,Kolkata,West Bengal,2024-08-14,Budget,YouTube
4672,Neha,Agarwal,Male,51,Mumbai,Maharashtra,2024-11-17,VIP,Google Ads
4673,Kabir,Singh,Male,19,Nagpur,Maharashtra,2025-01-13,Budget,Organic Search
4674,Karan,Trivedi,Female,44,Rajkot,Gujarat,2025-08-05,Budget,Referral
4675,Arjun,Shah,Male,40,Hyderabad,Telangana,2024-11-13,Regular,Referral
4676,Aanya,Pandya,Female,59,Indore,Madhya Pradesh,2024-09-20,Budget,Google Ads
4677,Aditya,Singh,Female,49,Delhi,Delhi,2024-08-15,Budget,Instagram
4678,Tanya,Parmar,Female,52,Kolkata,West Bengal,2024-01-22,Budget,Referral
4679,Rahul,Shah,Male,57,Bengaluru,Karnataka,2024-10-13,Budget,Organic Search
4680,Yash,Parmar,Female,35,Nagpur,Maharashtra,2023-07-12,Budget,Organic Search
4681,Yash,Parmar,Male,44,Indore,Madhya Pradesh,2023-04-11,Budget,Email
4682,Priya,Parmar,Female,28,Bengaluru,Karnataka,2025-12-29,Regular,YouTube
4683,Tanya,Trivedi,Female,56,Mumbai,Maharashtra,2024-03-19,Regular,Instagram
4684,Kabir,Gupta,Female,36,Lucknow,Uttar Pradesh,2024-03-08,Regular,YouTube
4685,Kavya,Thakkar,Female,42,Hyderabad,Telangana,2024-06-20,Regular,YouTube
4686,Kavya,Mishra,Female,24,Hyderabad,Telangana,2024-08-23,Budget,Google Ads
4687,Aarav,Parmar,Male,48,Ahmedabad,Gujarat,2024-12-08,Budget,YouTube
4688,Arjun,Joshi,Female,19,Vadodara,Gujarat,2023-11-15,Premium,Organic Search
4689,Priya,Mishra,Female,55,Kolkata,West Bengal,2023-08-13,Regular,Google Ads
4690,Tanya,Agarwal,Female,22,Delhi,Delhi,2024-01-23,Budget,YouTube
4691,Ishaan,Joshi,Male,31,Ahmedabad,Gujarat,2025-04-25,VIP,Referral
4692,Aditya,Verma,Female,35,Surat,Gujarat,2023-03-12,Regular,Organic Search
4693,Raj,Agarwal,Female,53,Ahmedabad,Gujarat,2024-03-19,Budget,Email
4694,Pooja,Shah,Female,21,Ahmedabad,Gujarat,2024-08-21,VIP,YouTube
4695,Isha,Desai,Female,41,Pune,Maharashtra,2024-01-22,Regular,Facebook
4696,Kavya,Kumar,Male,30,Pune,Maharashtra,2023-01-18,VIP,Google Ads
4697,Kavya,Agarwal,Female,38,Ahmedabad,Gujarat,2024-07-06,Budget,Email
4698,Dev,Joshi,Male,50,Pune,Maharashtra,2025-05-23,Budget,Google Ads
4699,Priya,Agarwal,Male,37,Chennai,Tamil Nadu,2023-10-07,Regular,Email
4700,Yash,Sharma,Male,22,Pune,Maharashtra,2025-02-09,Budget,Google Ads
4701,Ananya,Thakkar,Male,41,Jaipur,Rajasthan,2025-08-11,Budget,Organic Search
4702,Priya,Shah,Female,52,Bengaluru,Karnataka,2023-11-25,Premium,Facebook
4703,Dev,Gupta,Female,47,Lucknow,Uttar Pradesh,2024-05-22,Budget,Referral
4704,Krish,Pandya,Male,45,Jaipur,Rajasthan,2024-03-25,Premium,Facebook
4705,Raj,Mishra,Male,24,Vadodara,Gujarat,2025-04-18,Regular,Organic Search
4706,Rohan,Malhotra,Male,59,Kolkata,West Bengal,2024-01-28,Premium,Email
4707,Rahul,Mehta,Female,52,Indore,Madhya Pradesh,2023-04-19,Regular,Instagram
4708,Neha,Singh,Male,47,Lucknow,Uttar Pradesh,2023-12-25,Regular,Google Ads
4709,Vivaan,Gupta,Male,51,Ahmedabad,Gujarat,2025-08-13,Regular,Instagram
4710,Kavya,Mishra,Male,56,Lucknow,Uttar Pradesh,2025-07-23,Regular,YouTube
4711,Isha,Agarwal,Male,26,Bengaluru,Karnataka,2023-11-14,Regular,Facebook
4712,Arjun,Mehta,Male,29,Chennai,Tamil Nadu,2023-12-07,Budget,Organic Search
4713,Krish,Malhotra,Female,46,Ahmedabad,Gujarat,2023-12-15,Budget,Google Ads
4714,Dev,Trivedi,Male,27,Vadodara,Gujarat,2023-01-27,Budget,Facebook
4715,Aditya,Kapoor,Female,44,Kolkata,West Bengal,2024-09-29,Regular,YouTube
4716,Pooja,Sharma,Female,36,Indore,Madhya Pradesh,2024-02-05,Regular,Referral
4717,Aditya,Soni,Female,30,Rajkot,Gujarat,2023-11-12,Budget,Email
4718,Ananya,Agarwal,Female,59,Mumbai,Maharashtra,2024-01-03,Budget,Google Ads
4719,Rahul,Verma,Female,54,Kolkata,West Bengal,2023-12-09,Premium,Organic Search
4720,Isha,Parmar,Male,49,Nagpur,Maharashtra,2024-11-23,Regular,Google Ads
4721,Yash,Soni,Female,32,Rajkot,Gujarat,2025-06-22,Premium,Google Ads
4722,Kavya,Malhotra,Female,38,Lucknow,Uttar Pradesh,2023-07-05,Premium,Email
4723,Riya,Joshi,Male,20,Bengaluru,Karnataka,2025-04-15,Budget,Facebook
4724,Neha,Mishra,Female,25,Kolkata,West Bengal,2023-11-15,VIP,Email
4725,Ishaan,Desai,Male,23,Ahmedabad,Gujarat,2025-08-12,Budget,Referral
4726,Pooja,Joshi,Male,46,Nagpur,Maharashtra,2024-08-16,Premium,Facebook
4727,Arjun,Trivedi,Male,36,Vadodara,Gujarat,2025-09-18,Regular,Referral
4728,Simran,Sharma,Male,34,Pune,Maharashtra,2025-03-03,Regular,Google Ads
4729,Tanya,Desai,Male,27,Jaipur,Rajasthan,2023-12-19,Regular,Email
4730,Simran,Patel,Female,50,Chennai,Tamil Nadu,2023-12-21,Premium,Referral
4731,Rahul,Kumar,Male,30,Delhi,Delhi,2023-04-16,Regular,Organic Search
4732,Aarav,Sharma,Male,44,Bengaluru,Karnataka,2024-02-22,Regular,Organic Search
4733,Riya,Verma,Female,59,Surat,Gujarat,2024-10-03,Budget,Organic Search
4734,Sneha,Joshi,Female,29,Chennai,Tamil Nadu,2023-07-24,Premium,YouTube
4735,Tanya,Pandya,Female,19,Indore,Madhya Pradesh,2024-07-18,Budget,Email
4736,Diya,Agarwal,Female,27,Hyderabad,Telangana,2023-07-08,Regular,Facebook
4737,Ananya,Kapoor,Male,38,Lucknow,Uttar Pradesh,2024-06-26,Regular,Google Ads
4738,Isha,Reddy,Female,40,Lucknow,Uttar Pradesh,2023-09-15,Regular,Facebook
4739,Kabir,Trivedi,Male,18,Bengaluru,Karnataka,2024-03-28,Regular,Instagram
4740,Tanya,Joshi,Female,50,Delhi,Delhi,2023-03-19,Premium,Google Ads
4741,Simran,Kapoor,Female,43,Rajkot,Gujarat,2025-11-12,Premium,YouTube
4742,Yash,Desai,Female,32,Mumbai,Maharashtra,2024-05-17,Budget,YouTube
4743,Nisha,Malhotra,Female,39,Surat,Gujarat,2023-07-04,Premium,Instagram
4744,Kavya,Sharma,Female,42,Vadodara,Gujarat,2024-06-30,VIP,Facebook
4745,Priya,Kapoor,Male,18,Jaipur,Rajasthan,2023-02-18,Premium,Organic Search
4746,Dev,Pandya,Male,43,Delhi,Delhi,2023-06-17,Premium,YouTube
4747,Nisha,Shah,Male,38,Nagpur,Maharashtra,2023-01-21,Regular,Facebook
4748,Ananya,Desai,Female,58,Chennai,Tamil Nadu,2024-01-27,Budget,Google Ads
4749,Aryan,Mehta,Male,41,Nagpur,Maharashtra,2025-06-21,Regular,Email
4750,Vivaan,Joshi,Female,56,Ahmedabad,Gujarat,2023-08-17,Regular,Organic Search
4751,Rohan,Reddy,Female,33,Kolkata,West Bengal,2023-12-18,Premium,Google Ads
4752,Rahul,Kumar,Male,49,Ahmedabad,Gujarat,2023-08-13,Regular,Facebook
4753,Karan,Mishra,Male,33,Vadodara,Gujarat,2023-08-22,Premium,Referral
4754,Priya,Agarwal,Female,30,Mumbai,Maharashtra,2023-09-23,Regular,Instagram
4755,Pooja,Pandya,Female,59,Ahmedabad,Gujarat,2025-05-07,Budget,Referral
4756,Aarav,Trivedi,Male,49,Bengaluru,Karnataka,2023-11-10,Budget,Google Ads
4757,Sneha,Trivedi,Female,58,Mumbai,Maharashtra,2024-05-13,Premium,Organic Search
4758,Simran,Kumar,Male,41,Ahmedabad,Gujarat,2025-05-26,Budget,YouTube
4759,Karan,Soni,Male,30,Ahmedabad,Gujarat,2023-07-30,Budget,Organic Search
4760,Riya,Singh,Female,28,Nagpur,Maharashtra,2023-04-09,Regular,Google Ads
4761,Pooja,Agarwal,Female,32,Mumbai,Maharashtra,2023-12-11,Premium,Google Ads
4762,Yash,Patel,Female,27,Hyderabad,Telangana,2025-06-22,Regular,Google Ads
4763,Diya,Trivedi,Female,59,Mumbai,Maharashtra,2024-06-07,Premium,Instagram
4764,Diya,Soni,Male,58,Lucknow,Uttar Pradesh,2023-04-28,Budget,Organic Search
4765,Ishaan,Singh,Female,20,Nagpur,Maharashtra,2024-08-22,Budget,Facebook
4766,Priya,Mishra,Male,33,Lucknow,Uttar Pradesh,2025-05-05,Regular,Instagram
4767,Arjun,Reddy,Male,34,Vadodara,Gujarat,2023-07-28,Premium,YouTube
4768,Raj,Malhotra,Female,42,Vadodara,Gujarat,2024-04-25,Regular,Organic Search
4769,Karan,Sharma,Male,47,Rajkot,Gujarat,2025-07-11,Budget,Facebook
4770,Arjun,Mishra,Female,52,Lucknow,Uttar Pradesh,2023-11-25,Regular,YouTube
4771,Ananya,Reddy,Female,54,Mumbai,Maharashtra,2024-02-21,Premium,Organic Search
4772,Meera,Reddy,Male,30,Kolkata,West Bengal,2023-09-11,Budget,Facebook
4773,Aryan,Patel,Male,41,Pune,Maharashtra,2025-08-02,Budget,Facebook
4774,Ishaan,Joshi,Male,55,Indore,Madhya Pradesh,2023-01-05,Regular,Referral
4775,Kabir,Patel,Female,43,Nagpur,Maharashtra,2023-10-30,Budget,Google Ads
4776,Aarav,Soni,Female,26,Kolkata,West Bengal,2025-09-06,Regular,Google Ads
4777,Sneha,Mishra,Male,36,Vadodara,Gujarat,2024-08-29,Budget,Instagram
4778,Pooja,Mehta,Female,45,Indore,Madhya Pradesh,2025-08-21,Budget,Facebook
4779,Neha,Kumar,Female,24,Vadodara,Gujarat,2025-01-05,Regular,YouTube
4780,Kabir,Agarwal,Male,39,Indore,Madhya Pradesh,2024-01-25,Budget,Google Ads
4781,Raj,Shah,Female,47,Kolkata,West Bengal,2025-04-29,Budget,Referral
4782,Kavya,Thakkar,Male,54,Vadodara,Gujarat,2025-03-29,Premium,YouTube
4783,Nisha,Kumar,Male,33,Mumbai,Maharashtra,2023-01-12,Budget,Referral
4784,Arjun,Gupta,Male,53,Indore,Madhya Pradesh,2023-12-03,Regular,Google Ads
4785,Kabir,Kapoor,Female,22,Chennai,Tamil Nadu,2024-08-29,Premium,Facebook
4786,Aditya,Gupta,Male,46,Jaipur,Rajasthan,2023-05-09,Budget,YouTube
4787,Aryan,Sharma,Male,40,Vadodara,Gujarat,2023-01-11,Budget,Instagram
4788,Vivaan,Agarwal,Male,23,Kolkata,West Bengal,2024-05-04,Regular,Organic Search
4789,Vivaan,Mehta,Male,53,Lucknow,Uttar Pradesh,2023-09-29,Regular,Instagram
4790,Tanya,Thakkar,Female,50,Jaipur,Rajasthan,2025-05-30,Regular,Instagram
4791,Raj,Parmar,Male,58,Lucknow,Uttar Pradesh,2023-01-09,Premium,Google Ads
4792,Ananya,Sharma,Female,33,Kolkata,West Bengal,2025-06-05,Budget,Google Ads
4793,Tanya,Reddy,Male,51,Bengaluru,Karnataka,2025-02-14,Regular,Instagram
4794,Sneha,Pandya,Female,60,Surat,Gujarat,2023-10-08,Premium,YouTube
4795,Yash,Joshi,Female,43,Chennai,Tamil Nadu,2024-04-02,Budget,Google Ads
4796,Simran,Singh,Female,54,Nagpur,Maharashtra,2025-07-24,Budget,Instagram
4797,Arjun,Reddy,Female,30,Jaipur,Rajasthan,2024-03-26,Regular,Google Ads
4798,Simran,Verma,Male,34,Jaipur,Rajasthan,2025-03-01,VIP,Email
4799,Kabir,Thakkar,Male,49,Bengaluru,Karnataka,2025-03-22,Budget,YouTube
4800,Aryan,Malhotra,Female,49,Nagpur,Maharashtra,2023-02-25,Regular,Facebook
4801,Sneha,Shah,Female,45,Chennai,Tamil Nadu,2024-12-08,Budget,YouTube
4802,Rohan,Mehta,Female,46,Hyderabad,Telangana,2024-01-14,Regular,Organic Search
4803,Neha,Pandya,Male,42,Vadodara,Gujarat,2025-10-06,Budget,Facebook
4804,Riya,Pandya,Female,39,Vadodara,Gujarat,2023-01-23,Regular,Instagram
4805,Aanya,Patel,Female,44,Nagpur,Maharashtra,2025-02-10,Regular,Google Ads
4806,Ishaan,Joshi,Male,55,Delhi,Delhi,2023-08-19,VIP,Instagram
4807,Ananya,Shah,Male,37,Surat,Gujarat,2023-07-29,Premium,Referral
4808,Tanya,Singh,Male,41,Hyderabad,Telangana,2025-05-15,Premium,Facebook
4809,Kavya,Soni,Male,25,Kolkata,West Bengal,2025-06-17,Budget,Email
4810,Aryan,Singh,Male,31,Mumbai,Maharashtra,2025-05-22,Budget,Facebook
4811,Isha,Joshi,Male,56,Nagpur,Maharashtra,2023-12-29,Regular,Google Ads
4812,Nisha,Pandya,Female,31,Vadodara,Gujarat,2024-04-19,Regular,Email
4813,Simran,Malhotra,Female,22,Delhi,Delhi,2023-07-14,Regular,Google Ads
4814,Yash,Soni,Male,38,Kolkata,West Bengal,2025-07-21,Budget,Email
4815,Karan,Verma,Female,32,Nagpur,Maharashtra,2025-11-01,Regular,Google Ads
4816,Dev,Trivedi,Male,53,Bengaluru,Karnataka,2025-02-22,Budget,Facebook
4817,Pooja,Reddy,Female,50,Bengaluru,Karnataka,2025-12-21,Regular,Facebook
4818,Simran,Reddy,Male,34,Mumbai,Maharashtra,2024-06-12,Budget,Facebook
4819,Pooja,Shah,Male,37,Nagpur,Maharashtra,2023-09-28,Premium,Facebook
4820,Dev,Parmar,Female,18,Rajkot,Gujarat,2024-06-21,Budget,Email
4821,Nisha,Verma,Female,33,Surat,Gujarat,2024-10-18,Premium,Organic Search
4822,Raj,Shah,Male,35,Vadodara,Gujarat,2023-03-06,Premium,YouTube
4823,Meera,Malhotra,Male,27,Lucknow,Uttar Pradesh,2025-05-11,Premium,YouTube
4824,Ishaan,Pandya,Male,40,Ahmedabad,Gujarat,2024-05-04,VIP,Organic Search
4825,Raj,Shah,Male,35,Chennai,Tamil Nadu,2025-12-27,Budget,Instagram
4826,Priya,Kumar,Male,26,Indore,Madhya Pradesh,2023-12-28,Regular,YouTube
4827,Kabir,Patel,Male,47,Bengaluru,Karnataka,2024-07-25,Premium,Instagram
4828,Kabir,Shah,Female,30,Hyderabad,Telangana,2025-09-21,Budget,Facebook
4829,Arjun,Reddy,Female,48,Kolkata,West Bengal,2025-02-07,Regular,Google Ads
4830,Ananya,Agarwal,Female,60,Rajkot,Gujarat,2025-11-08,Regular,YouTube
4831,Tanya,Singh,Female,30,Chennai,Tamil Nadu,2024-06-28,Regular,YouTube
4832,Ishaan,Pandya,Female,49,Lucknow,Uttar Pradesh,2025-09-05,Premium,Facebook
4833,Ishaan,Malhotra,Male,34,Indore,Madhya Pradesh,2025-07-20,Regular,Facebook
4834,Aarav,Trivedi,Male,20,Chennai,Tamil Nadu,2023-04-01,Budget,YouTube
4835,Isha,Singh,Female,18,Hyderabad,Telangana,2025-08-30,Premium,Facebook
4836,Ananya,Mehta,Male,22,Rajkot,Gujarat,2023-08-26,Budget,YouTube
4837,Riya,Agarwal,Female,49,Bengaluru,Karnataka,2024-04-06,Premium,Google Ads
4838,Rahul,Desai,Female,42,Bengaluru,Karnataka,2025-11-13,VIP,Referral
4839,Neha,Mehta,Male,22,Jaipur,Rajasthan,2025-04-30,Premium,Google Ads
4840,Kavya,Gupta,Male,54,Rajkot,Gujarat,2025-07-09,Regular,Instagram
4841,Tanya,Kumar,Female,40,Pune,Maharashtra,2025-06-25,Regular,YouTube
4842,Pooja,Mishra,Female,29,Jaipur,Rajasthan,2025-02-15,Regular,Referral
4843,Ananya,Pandya,Female,51,Nagpur,Maharashtra,2025-10-26,Regular,Google Ads
4844,Aryan,Parmar,Female,40,Rajkot,Gujarat,2024-07-23,Budget,Referral
4845,Krish,Verma,Male,33,Vadodara,Gujarat,2024-09-03,Budget,Organic Search
4846,Aanya,Mishra,Female,22,Jaipur,Rajasthan,2024-09-25,Regular,Google Ads
4847,Simran,Singh,Male,45,Bengaluru,Karnataka,2025-09-09,Regular,Organic Search
4848,Isha,Patel,Female,23,Mumbai,Maharashtra,2024-04-07,Regular,Organic Search
4849,Aanya,Verma,Female,30,Mumbai,Maharashtra,2024-10-24,Regular,Email
4850,Rohan,Desai,Male,60,Jaipur,Rajasthan,2025-09-16,Premium,Referral
4851,Riya,Agarwal,Male,47,Jaipur,Rajasthan,2024-03-06,Regular,Google Ads
4852,Riya,Pandya,Male,43,Delhi,Delhi,2025-05-27,Budget,Instagram
4853,Aryan,Trivedi,Male,34,Nagpur,Maharashtra,2024-02-29,Regular,Google Ads
4854,Ishaan,Desai,Male,26,Pune,Maharashtra,2023-04-15,Budget,Facebook
4855,Neha,Mishra,Female,33,Pune,Maharashtra,2023-09-09,Regular,Email
4856,Kavya,Kapoor,Female,35,Mumbai,Maharashtra,2024-10-06,Budget,YouTube
4857,Aarav,Singh,Female,30,Mumbai,Maharashtra,2023-06-27,Premium,Instagram
4858,Aanya,Kumar,Male,46,Surat,Gujarat,2024-12-20,Budget,Referral
4859,Rahul,Mishra,Male,60,Vadodara,Gujarat,2025-12-16,Budget,Referral
4860,Nisha,Reddy,Male,41,Lucknow,Uttar Pradesh,2025-06-10,Premium,Google Ads
4861,Vivaan,Gupta,Female,30,Ahmedabad,Gujarat,2024-02-13,Budget,YouTube
4862,Ananya,Parmar,Male,42,Mumbai,Maharashtra,2025-08-11,Regular,Google Ads
4863,Simran,Sharma,Female,58,Indore,Madhya Pradesh,2023-09-19,Premium,Email
4864,Priya,Patel,Female,18,Rajkot,Gujarat,2025-01-11,Regular,Organic Search
4865,Krish,Sharma,Female,26,Chennai,Tamil Nadu,2024-10-15,Regular,YouTube
4866,Rohan,Gupta,Male,21,Ahmedabad,Gujarat,2024-07-28,Premium,Facebook
4867,Rahul,Joshi,Female,45,Nagpur,Maharashtra,2023-04-28,Budget,Referral
4868,Rahul,Malhotra,Female,29,Ahmedabad,Gujarat,2025-08-28,Regular,Facebook
4869,Kavya,Pandya,Female,41,Jaipur,Rajasthan,2023-11-04,Regular,Referral
4870,Aanya,Parmar,Male,26,Lucknow,Uttar Pradesh,2024-05-04,Budget,YouTube
4871,Krish,Thakkar,Female,52,Mumbai,Maharashtra,2025-01-26,Budget,Facebook
4872,Dev,Soni,Male,55,Rajkot,Gujarat,2024-10-09,Regular,Instagram
4873,Krish,Sharma,Male,52,Nagpur,Maharashtra,2024-08-30,Premium,Referral
4874,Raj,Verma,Female,50,Bengaluru,Karnataka,2025-01-06,Premium,Email
4875,Aditya,Trivedi,Female,52,Rajkot,Gujarat,2023-01-24,Regular,Instagram
4876,Rahul,Mishra,Male,37,Delhi,Delhi,2025-01-22,Regular,YouTube
4877,Kabir,Kumar,Female,19,Indore,Madhya Pradesh,2025-09-27,Regular,Instagram
4878,Yash,Shah,Male,43,Rajkot,Gujarat,2023-12-15,Premium,Referral
4879,Raj,Patel,Male,59,Bengaluru,Karnataka,2023-01-25,Budget,Email
4880,Ishaan,Trivedi,Male,30,Rajkot,Gujarat,2025-10-11,Budget,Email
4881,Yash,Joshi,Female,47,Indore,Madhya Pradesh,2024-08-21,Regular,Referral
4882,Aarav,Desai,Male,49,Rajkot,Gujarat,2025-03-11,Regular,Organic Search
4883,Isha,Sharma,Male,53,Chennai,Tamil Nadu,2025-06-28,Regular,YouTube
4884,Diya,Malhotra,Female,36,Surat,Gujarat,2025-08-16,Regular,Referral
4885,Ishaan,Thakkar,Female,39,Indore,Madhya Pradesh,2025-11-17,Budget,Instagram
4886,Raj,Agarwal,Male,18,Mumbai,Maharashtra,2024-06-24,Budget,Referral
4887,Aanya,Mishra,Male,28,Mumbai,Maharashtra,2024-05-05,Premium,Email
4888,Ishaan,Joshi,Male,43,Jaipur,Rajasthan,2024-05-02,Budget,YouTube
4889,Tanya,Mehta,Female,36,Hyderabad,Telangana,2025-03-01,Budget,Referral
4890,Yash,Mehta,Male,36,Rajkot,Gujarat,2023-06-21,Regular,Email
4891,Rahul,Thakkar,Male,29,Nagpur,Maharashtra,2023-02-07,Regular,Referral
4892,Aryan,Kapoor,Female,20,Nagpur,Maharashtra,2023-10-26,Regular,Google Ads
4893,Diya,Agarwal,Female,35,Chennai,Tamil Nadu,2025-11-16,Regular,Google Ads
4894,Arjun,Trivedi,Male,22,Pune,Maharashtra,2024-10-09,VIP,Email
4895,Aditya,Parmar,Female,41,Lucknow,Uttar Pradesh,2025-01-17,Budget,YouTube
4896,Tanya,Mishra,Male,31,Pune,Maharashtra,2025-07-14,Regular,Google Ads
4897,Diya,Verma,Male,55,Nagpur,Maharashtra,2023-01-13,Regular,Email
4898,Neha,Thakkar,Female,20,Bengaluru,Karnataka,2023-09-16,Budget,Referral
4899,Nisha,Joshi,Male,23,Kolkata,West Bengal,2025-09-06,Regular,Facebook
4900,Simran,Patel,Male,29,Chennai,Tamil Nadu,2024-09-07,Premium,Referral
4901,Pooja,Malhotra,Female,28,Surat,Gujarat,2023-10-05,Regular,Instagram
4902,Yash,Patel,Male,56,Mumbai,Maharashtra,2025-08-11,Premium,Email
4903,Ishaan,Kumar,Female,43,Nagpur,Maharashtra,2025-12-25,Regular,Organic Search
4904,Rohan,Mishra,Male,18,Mumbai,Maharashtra,2025-03-18,Premium,Google Ads
4905,Pooja,Singh,Female,33,Hyderabad,Telangana,2024-10-17,Premium,Email
4906,Aanya,Mehta,Female,26,Vadodara,Gujarat,2025-02-21,Regular,Referral
4907,Meera,Joshi,Female,22,Rajkot,Gujarat,2024-05-13,Regular,Organic Search
4908,Sneha,Mehta,Female,25,Ahmedabad,Gujarat,2023-07-24,Regular,YouTube
4909,Sneha,Desai,Female,38,Chennai,Tamil Nadu,2024-08-09,Regular,Google Ads
4910,Rahul,Mishra,Female,50,Nagpur,Maharashtra,2025-11-07,Regular,YouTube
4911,Kavya,Singh,Male,56,Kolkata,West Bengal,2024-09-05,Budget,YouTube
4912,Aanya,Thakkar,Male,60,Indore,Madhya Pradesh,2025-09-26,Premium,Referral
4913,Simran,Verma,Female,37,Surat,Gujarat,2024-10-05,Regular,YouTube
4914,Rahul,Pandya,Male,39,Kolkata,West Bengal,2025-03-31,Regular,Organic Search
4915,Arjun,Mehta,Female,30,Delhi,Delhi,2023-02-27,Budget,Organic Search
4916,Yash,Trivedi,Female,56,Lucknow,Uttar Pradesh,2024-08-19,Regular,Email
4917,Meera,Verma,Male,28,Chennai,Tamil Nadu,2023-11-11,VIP,Google Ads
4918,Nisha,Singh,Female,35,Ahmedabad,Gujarat,2023-06-11,Premium,YouTube
4919,Vivaan,Patel,Male,47,Lucknow,Uttar Pradesh,2023-11-20,Regular,Facebook
4920,Isha,Reddy,Female,50,Nagpur,Maharashtra,2024-12-18,Regular,Instagram
4921,Ishaan,Desai,Female,20,Rajkot,Gujarat,2024-08-02,Regular,Organic Search
4922,Ishaan,Patel,Male,18,Delhi,Delhi,2025-06-17,Budget,Email
4923,Priya,Mehta,Female,53,Lucknow,Uttar Pradesh,2025-01-29,Regular,Facebook
4924,Diya,Trivedi,Female,23,Hyderabad,Telangana,2024-05-16,Regular,Organic Search
4925,Vivaan,Sharma,Female,54,Jaipur,Rajasthan,2023-02-26,Premium,Google Ads
4926,Vivaan,Joshi,Male,46,Pune,Maharashtra,2023-10-24,Regular,Instagram
4927,Sneha,Shah,Male,28,Lucknow,Uttar Pradesh,2025-10-24,Regular,Organic Search
4928,Kabir,Verma,Male,30,Indore,Madhya Pradesh,2024-02-14,Premium,Organic Search
4929,Raj,Reddy,Male,28,Pune,Maharashtra,2025-03-17,Regular,YouTube
4930,Dev,Kapoor,Male,55,Jaipur,Rajasthan,2024-09-11,Budget,Facebook
4931,Kabir,Agarwal,Female,42,Vadodara,Gujarat,2025-02-17,Regular,Facebook
4932,Arjun,Singh,Male,32,Jaipur,Rajasthan,2025-02-17,Regular,YouTube
4933,Ananya,Malhotra,Male,30,Hyderabad,Telangana,2024-07-19,Regular,Referral
4934,Aarav,Malhotra,Female,59,Pune,Maharashtra,2025-09-24,Budget,Referral
4935,Ishaan,Singh,Female,50,Surat,Gujarat,2023-06-15,Regular,YouTube
4936,Karan,Sharma,Male,30,Mumbai,Maharashtra,2025-02-26,Premium,Organic Search
4937,Isha,Mehta,Female,55,Rajkot,Gujarat,2024-10-27,Regular,Facebook
4938,Nisha,Patel,Female,41,Kolkata,West Bengal,2023-05-08,Budget,Google Ads
4939,Riya,Desai,Female,37,Vadodara,Gujarat,2023-03-17,Regular,Email
4940,Neha,Gupta,Male,34,Kolkata,West Bengal,2025-06-05,Regular,Google Ads
4941,Aanya,Singh,Female,41,Nagpur,Maharashtra,2025-02-20,Regular,Google Ads
4942,Kavya,Parmar,Female,43,Chennai,Tamil Nadu,2024-03-09,Regular,Email
4943,Kavya,Mehta,Male,57,Indore,Madhya Pradesh,2024-09-26,Regular,Google Ads
4944,Yash,Gupta,Female,49,Kolkata,West Bengal,2024-09-06,Premium,Instagram
4945,Aryan,Trivedi,Female,46,Delhi,Delhi,2025-09-12,Regular,YouTube
4946,Rohan,Kapoor,Male,31,Nagpur,Maharashtra,2024-06-09,Regular,Facebook
4947,Dev,Singh,Male,54,Delhi,Delhi,2024-03-16,Premium,Email
4948,Arjun,Mishra,Male,39,Mumbai,Maharashtra,2024-08-09,Budget,Google Ads
4949,Rohan,Reddy,Female,51,Ahmedabad,Gujarat,2024-01-26,Budget,Facebook
4950,Tanya,Shah,Male,44,Delhi,Delhi,2023-09-01,Premium,Referral
4951,Tanya,Thakkar,Male,45,Delhi,Delhi,2025-02-06,Budget,Instagram
4952,Dev,Thakkar,Female,39,Chennai,Tamil Nadu,2024-02-19,Budget,Google Ads
4953,Ishaan,Desai,Female,60,Vadodara,Gujarat,2024-03-02,Regular,Google Ads
4954,Priya,Mishra,Female,20,Nagpur,Maharashtra,2023-09-06,Budget,Google Ads
4955,Neha,Thakkar,Female,39,Surat,Gujarat,2025-11-24,Regular,Instagram
4956,Dev,Mishra,Female,38,Jaipur,Rajasthan,2025-04-18,Regular,YouTube
4957,Tanya,Parmar,Male,33,Vadodara,Gujarat,2023-09-10,Regular,Facebook
4958,Kabir,Patel,Male,26,Ahmedabad,Gujarat,2025-05-11,Budget,Organic Search
4959,Vivaan,Malhotra,Male,30,Nagpur,Maharashtra,2025-03-29,Premium,Organic Search
4960,Sneha,Reddy,Female,27,Kolkata,West Bengal,2025-05-11,Budget,Google Ads
4961,Kabir,Sharma,Male,38,Ahmedabad,Gujarat,2023-07-29,Regular,Referral
4962,Diya,Soni,Female,59,Delhi,Delhi,2023-04-20,Premium,Google Ads
4963,Nisha,Pandya,Female,57,Bengaluru,Karnataka,2023-11-26,Regular,Instagram
4964,Kavya,Mishra,Male,24,Rajkot,Gujarat,2023-05-22,Budget,Instagram
4965,Rohan,Trivedi,Male,39,Kolkata,West Bengal,2024-11-06,Budget,Facebook
4966,Nisha,Parmar,Female,35,Lucknow,Uttar Pradesh,2023-03-28,VIP,Facebook
4967,Pooja,Kapoor,Female,38,Ahmedabad,Gujarat,2023-05-20,Premium,Referral
4968,Aditya,Soni,Male,31,Vadodara,Gujarat,2024-11-04,Premium,Google Ads
4969,Yash,Mishra,Male,27,Mumbai,Maharashtra,2023-01-26,Regular,Organic Search
4970,Raj,Mehta,Female,50,Rajkot,Gujarat,2024-10-07,Regular,Referral
4971,Raj,Pandya,Female,26,Pune,Maharashtra,2025-06-29,Budget,Referral
4972,Dev,Kapoor,Female,35,Hyderabad,Telangana,2023-12-28,Premium,Referral
4973,Arjun,Malhotra,Female,30,Pune,Maharashtra,2023-12-26,Regular,Google Ads
4974,Aryan,Mehta,Male,34,Lucknow,Uttar Pradesh,2025-09-22,Regular,Google Ads
4975,Kavya,Shah,Male,40,Delhi,Delhi,2023-03-18,Regular,Google Ads
4976,Neha,Trivedi,Female,42,Surat,Gujarat,2023-04-05,Budget,Google Ads
4977,Sneha,Mehta,Female,33,Chennai,Tamil Nadu,2025-08-14,Regular,Referral
4978,Nisha,Kapoor,Male,41,Vadodara,Gujarat,2025-09-23,Regular,Instagram
4979,Vivaan,Mehta,Female,48,Ahmedabad,Gujarat,2023-08-06,Budget,Organic Search
4980,Meera,Mishra,Female,28,Mumbai,Maharashtra,2024-01-03,Budget,YouTube
4981,Aarav,Malhotra,Female,40,Rajkot,Gujarat,2023-02-21,Regular,Facebook
4982,Pooja,Pandya,Female,58,Indore,Madhya Pradesh,2024-11-17,Regular,Instagram
4983,Karan,Kapoor,Female,56,Vadodara,Gujarat,2025-04-04,Budget,Email
4984,Isha,Mehta,Female,39,Jaipur,Rajasthan,2023-02-02,Budget,Email
4985,Aditya,Thakkar,Male,50,Indore,Madhya Pradesh,2025-05-21,VIP,Email
4986,Riya,Verma,Female,58,Bengaluru,Karnataka,2024-10-05,Budget,Facebook
4987,Riya,Parmar,Male,59,Kolkata,West Bengal,2024-02-29,Budget,Google Ads
4988,Priya,Parmar,Male,35,Jaipur,Rajasthan,2025-02-25,Regular,Email
4989,Aditya,Thakkar,Male,31,Chennai,Tamil Nadu,2025-10-27,Budget,Email
4990,Aditya,Kumar,Female,45,Ahmedabad,Gujarat,2024-05-09,Regular,YouTube
4991,Isha,Shah,Female,28,Pune,Maharashtra,2025-01-08,Premium,Instagram
4992,Karan,Verma,Female,41,Hyderabad,Telangana,2025-02-05,Regular,Referral
4993,Nisha,Malhotra,Male,53,Indore,Madhya Pradesh,2024-11-26,Premium,Facebook
4994,Simran,Shah,Male,36,Rajkot,Gujarat,2023-07-18,Premium,Facebook
4995,Krish,Sharma,Female,30,Kolkata,West Bengal,2024-12-15,Budget,YouTube
4996,Isha,Soni,Female,50,Surat,Gujarat,2024-03-10,Regular,Organic Search
4997,Aanya,Soni,Male,36,Nagpur,Maharashtra,2023-10-15,Regular,Email
4998,Raj,Kumar,Male,49,Lucknow,Uttar Pradesh,2024-12-19,Regular,Referral
4999,Riya,Kapoor,Male,32,Kolkata,West Bengal,2024-07-20,Regular,Referral
5000,Riya,Agarwal,Female,28,Lucknow,Uttar Pradesh,2025-03-21,Regular,YouTube
5001,Priya,Kapoor,Male,40,Vadodara,Gujarat,2024-02-12,Regular,Google Ads
5002,Nisha,Reddy,Male,22,Indore,Madhya Pradesh,2025-07-05,Budget,Email
5003,Aanya,Trivedi,Male,39,Jaipur,Rajasthan,2025-06-28,Budget,Organic Search
5004,Arjun,Kapoor,Female,59,Jaipur,Rajasthan,2024-12-17,Regular,Referral
5005,Aarav,Singh,Female,35,Nagpur,Maharashtra,2025-04-04,Budget,Facebook
5006,Aanya,Kapoor,Female,24,Bengaluru,Karnataka,2025-10-22,Premium,Referral
5007,Aarav,Pandya,Male,50,Hyderabad,Telangana,2023-07-04,Regular,Instagram
5008,Simran,Gupta,Male,20,Delhi,Delhi,2024-11-04,Regular,YouTube
5009,Simran,Trivedi,Male,45,Ahmedabad,Gujarat,2024-08-24,Regular,Referral
5010,Raj,Desai,Male,18,Lucknow,Uttar Pradesh,2025-02-01,Premium,Referral
5011,Riya,Verma,Female,54,Lucknow,Uttar Pradesh,2023-01-22,Premium,Referral
5012,Riya,Mishra,Male,39,Hyderabad,Telangana,2023-07-31,Premium,Organic Search
5013,Sneha,Pandya,Male,36,Ahmedabad,Gujarat,2024-04-21,Regular,YouTube
5014,Dev,Joshi,Female,31,Jaipur,Rajasthan,2024-04-10,Budget,Facebook
5015,Nisha,Desai,Male,20,Rajkot,Gujarat,2025-09-15,Regular,Referral
5016,Ishaan,Thakkar,Male,36,Hyderabad,Telangana,2023-06-21,Regular,Organic Search
5017,Aryan,Parmar,Male,50,Ahmedabad,Gujarat,2024-11-05,VIP,Referral
5018,Aryan,Sharma,Female,38,Rajkot,Gujarat,2025-03-07,Regular,Email
5019,Rohan,Parmar,Male,18,Lucknow,Uttar Pradesh,2023-09-01,Regular,Organic Search
5020,Simran,Kumar,Female,43,Delhi,Delhi,2024-02-25,Premium,Email
5021,Aarav,Reddy,Male,27,Ahmedabad,Gujarat,2024-01-14,Regular,Email
5022,Isha,Kapoor,Female,52,Mumbai,Maharashtra,2023-12-07,Regular,Referral
5023,Kavya,Mishra,Female,30,Hyderabad,Telangana,2025-08-11,Budget,Referral
5024,Vivaan,Singh,Female,23,Chennai,Tamil Nadu,2024-11-01,Budget,Referral
5025,Neha,Pandya,Male,60,Ahmedabad,Gujarat,2023-05-03,Regular,Instagram
5026,Raj,Agarwal,Male,23,Surat,Gujarat,2025-05-21,Premium,Organic Search
5027,Aryan,Joshi,Female,52,Pune,Maharashtra,2024-03-09,Regular,Instagram
5028,Arjun,Verma,Female,33,Hyderabad,Telangana,2023-07-07,Regular,Email
5029,Rohan,Kapoor,Male,58,Nagpur,Maharashtra,2025-11-03,Regular,Instagram
5030,Ishaan,Joshi,Female,25,Bengaluru,Karnataka,2023-03-11,Regular,YouTube
5031,Neha,Verma,Male,20,Hyderabad,Telangana,2024-10-12,Budget,Organic Search
5032,Meera,Desai,Male,22,Pune,Maharashtra,2025-04-16,Premium,Referral
5033,Priya,Agarwal,Female,38,Lucknow,Uttar Pradesh,2024-08-13,Regular,Email
5034,Aditya,Parmar,Female,48,Lucknow,Uttar Pradesh,2023-11-14,Regular,Instagram
5035,Yash,Reddy,Male,31,Rajkot,Gujarat,2024-03-12,Budget,Referral
5036,Simran,Kumar,Male,54,Chennai,Tamil Nadu,2023-08-15,Regular,Referral
5037,Meera,Mehta,Male,36,Lucknow,Uttar Pradesh,2023-06-29,Budget,YouTube
5038,Meera,Reddy,Female,54,Bengaluru,Karnataka,2024-06-19,Regular,YouTube
5039,Raj,Joshi,Male,37,Ahmedabad,Gujarat,2023-09-27,Regular,Instagram
5040,Tanya,Desai,Female,19,Mumbai,Maharashtra,2025-08-03,Regular,Email
5041,Karan,Thakkar,Female,24,Hyderabad,Telangana,2024-10-20,Budget,Email
5042,Ananya,Pandya,Male,50,Indore,Madhya Pradesh,2023-10-12,Premium,Organic Search
5043,Sneha,Agarwal,Female,59,Lucknow,Uttar Pradesh,2025-11-11,Regular,Instagram
5044,Karan,Kumar,Female,23,Surat,Gujarat,2023-01-02,Regular,Instagram
5045,Simran,Joshi,Female,24,Lucknow,Uttar Pradesh,2023-04-13,Regular,Google Ads
5046,Kabir,Gupta,Female,35,Rajkot,Gujarat,2025-11-25,Regular,YouTube
5047,Rohan,Mehta,Male,60,Mumbai,Maharashtra,2023-10-01,Regular,Email
5048,Priya,Verma,Male,46,Lucknow,Uttar Pradesh,2025-12-10,Premium,Facebook
5049,Krish,Desai,Female,36,Pune,Maharashtra,2025-06-14,Premium,YouTube
5050,Arjun,Parmar,Female,42,Vadodara,Gujarat,2023-01-17,Regular,Referral
5051,Sneha,Reddy,Female,21,Bengaluru,Karnataka,2024-03-11,Regular,Email
5052,Dev,Reddy,Female,30,Chennai,Tamil Nadu,2025-05-07,Budget,Referral
5053,Riya,Agarwal,Female,49,Bengaluru,Karnataka,2024-11-16,Budget,Google Ads
5054,Ananya,Singh,Male,44,Chennai,Tamil Nadu,2023-09-20,Regular,YouTube
5055,Aanya,Kapoor,Male,51,Rajkot,Gujarat,2024-01-29,Premium,YouTube
5056,Riya,Mishra,Male,45,Kolkata,West Bengal,2023-07-27,Regular,Referral
5057,Raj,Gupta,Male,26,Chennai,Tamil Nadu,2025-03-18,Regular,Organic Search
5058,Kabir,Sharma,Female,25,Mumbai,Maharashtra,2024-04-09,Budget,Email
5059,Aryan,Reddy,Female,38,Rajkot,Gujarat,2023-12-24,Regular,Facebook
5060,Diya,Joshi,Male,47,Ahmedabad,Gujarat,2023-12-20,Regular,Instagram
5061,Meera,Pandya,Male,46,Pune,Maharashtra,2024-01-11,Premium,Facebook
5062,Diya,Parmar,Male,26,Lucknow,Uttar Pradesh,2025-09-15,Budget,Referral
5063,Karan,Patel,Female,30,Lucknow,Uttar Pradesh,2023-01-18,Regular,Organic Search
5064,Krish,Mehta,Female,35,Vadodara,Gujarat,2024-12-16,Premium,Organic Search
5065,Tanya,Reddy,Female,55,Lucknow,Uttar Pradesh,2024-04-29,Premium,Google Ads
5066,Krish,Mehta,Male,39,Chennai,Tamil Nadu,2025-10-22,Premium,YouTube
5067,Pooja,Parmar,Male,48,Vadodara,Gujarat,2025-08-07,Regular,Referral
5068,Nisha,Desai,Female,52,Ahmedabad,Gujarat,2024-01-11,Premium,Organic Search
5069,Arjun,Reddy,Female,59,Rajkot,Gujarat,2025-07-02,Premium,Referral
5070,Simran,Thakkar,Female,59,Kolkata,West Bengal,2024-07-19,Premium,Organic Search
5071,Ananya,Singh,Male,27,Delhi,Delhi,2025-05-14,Premium,Email
5072,Aditya,Shah,Female,26,Chennai,Tamil Nadu,2024-09-03,Premium,YouTube
5073,Rohan,Trivedi,Female,48,Delhi,Delhi,2025-11-28,Budget,Instagram
5074,Aarav,Agarwal,Male,57,Bengaluru,Karnataka,2024-03-11,Budget,Facebook
5075,Aditya,Gupta,Female,41,Kolkata,West Bengal,2024-10-09,Regular,Facebook
5076,Ananya,Gupta,Female,58,Indore,Madhya Pradesh,2023-12-28,Regular,Google Ads
5077,Neha,Gupta,Female,25,Indore,Madhya Pradesh,2024-07-15,Regular,Email
5078,Nisha,Reddy,Female,37,Mumbai,Maharashtra,2023-03-24,Regular,Instagram
5079,Kabir,Gupta,Male,34,Hyderabad,Telangana,2025-11-16,Budget,Organic Search
5080,Arjun,Malhotra,Female,45,Surat,Gujarat,2023-01-21,Budget,Referral
5081,Vivaan,Patel,Male,23,Jaipur,Rajasthan,2025-12-04,Regular,Instagram
5082,Neha,Kumar,Female,59,Surat,Gujarat,2025-08-11,Budget,Email
5083,Neha,Kumar,Male,50,Jaipur,Rajasthan,2024-11-24,Regular,Organic Search
5084,Dev,Verma,Female,45,Pune,Maharashtra,2025-03-08,Premium,Google Ads
5085,Arjun,Desai,Female,18,Nagpur,Maharashtra,2024-04-23,Regular,Referral
5086,Aditya,Soni,Male,58,Delhi,Delhi,2025-05-12,Regular,Instagram
5087,Vivaan,Sharma,Female,52,Nagpur,Maharashtra,2024-10-17,Budget,Google Ads
5088,Pooja,Mehta,Female,41,Hyderabad,Telangana,2025-02-01,Regular,Organic Search
5089,Isha,Verma,Male,23,Vadodara,Gujarat,2024-09-09,Premium,Email
5090,Sneha,Pandya,Female,24,Jaipur,Rajasthan,2024-12-11,Regular,Email
5091,Priya,Trivedi,Female,26,Hyderabad,Telangana,2023-12-03,Budget,Email
5092,Neha,Kumar,Female,54,Bengaluru,Karnataka,2025-02-06,Premium,Instagram
5093,Riya,Patel,Female,33,Vadodara,Gujarat,2025-03-29,VIP,Email
5094,Sneha,Thakkar,Female,51,Rajkot,Gujarat,2024-01-20,Budget,Instagram
5095,Raj,Sharma,Male,52,Nagpur,Maharashtra,2025-10-17,Budget,Google Ads
5096,Rohan,Pandya,Male,52,Lucknow,Uttar Pradesh,2025-12-13,Regular,YouTube
5097,Priya,Verma,Female,37,Pune,Maharashtra,2024-08-14,Budget,Google Ads
5098,Aryan,Kapoor,Female,40,Chennai,Tamil Nadu,2025-04-10,Premium,Organic Search
5099,Pooja,Sharma,Male,59,Surat,Gujarat,2025-12-17,Premium,Instagram
5100,Pooja,Parmar,Male,52,Indore,Madhya Pradesh,2024-05-17,Regular,Organic Search
5101,Tanya,Trivedi,Male,40,Lucknow,Uttar Pradesh,2023-07-08,Premium,Facebook
5102,Kavya,Joshi,Male,21,Delhi,Delhi,2025-05-19,Regular,Facebook
5103,Rahul,Reddy,Male,27,Indore,Madhya Pradesh,2024-08-01,Regular,Referral
5104,Rohan,Gupta,Male,60,Vadodara,Gujarat,2025-03-09,Regular,YouTube
5105,Pooja,Soni,Female,28,Jaipur,Rajasthan,2023-05-11,Premium,Email
5106,Dev,Mishra,Female,57,Ahmedabad,Gujarat,2024-11-08,Premium,Google Ads
5107,Kabir,Pandya,Female,26,Kolkata,West Bengal,2025-08-06,Budget,Google Ads
5108,Karan,Soni,Female,57,Pune,Maharashtra,2023-06-01,Regular,Instagram
5109,Karan,Gupta,Female,29,Surat,Gujarat,2025-07-10,Regular,Referral
5110,Rahul,Parmar,Male,34,Jaipur,Rajasthan,2024-12-13,Premium,YouTube
5111,Priya,Verma,Male,49,Mumbai,Maharashtra,2025-03-15,Regular,Email
5112,Riya,Shah,Male,40,Ahmedabad,Gujarat,2024-03-07,Regular,YouTube
5113,Aditya,Trivedi,Male,32,Surat,Gujarat,2023-01-28,Regular,Organic Search
5114,Meera,Gupta,Male,45,Chennai,Tamil Nadu,2023-12-21,Regular,Facebook
5115,Kavya,Soni,Male,55,Surat,Gujarat,2024-11-08,Budget,Referral
5116,Ananya,Mishra,Female,22,Vadodara,Gujarat,2023-05-16,Premium,YouTube
5117,Arjun,Patel,Female,57,Rajkot,Gujarat,2025-12-27,Budget,Organic Search
5118,Tanya,Mishra,Male,35,Jaipur,Rajasthan,2023-06-03,Budget,Email
5119,Yash,Gupta,Female,38,Indore,Madhya Pradesh,2023-11-22,Budget,Referral
5120,Rahul,Soni,Male,32,Pune,Maharashtra,2025-03-26,Budget,Email
5121,Meera,Desai,Female,20,Rajkot,Gujarat,2023-04-18,Regular,Google Ads
5122,Arjun,Shah,Male,43,Bengaluru,Karnataka,2025-12-05,Regular,Google Ads
5123,Ananya,Joshi,Male,32,Bengaluru,Karnataka,2024-03-29,Regular,Email
5124,Aryan,Mehta,Female,37,Vadodara,Gujarat,2023-11-19,Budget,Google Ads
5125,Rohan,Parmar,Male,38,Lucknow,Uttar Pradesh,2023-10-12,Budget,Google Ads
5126,Raj,Shah,Female,43,Kolkata,West Bengal,2024-10-11,Regular,Google Ads
5127,Sneha,Kapoor,Female,58,Ahmedabad,Gujarat,2025-01-18,Regular,Organic Search
5128,Simran,Gupta,Male,40,Ahmedabad,Gujarat,2024-03-24,Regular,Email
5129,Aanya,Parmar,Male,42,Nagpur,Maharashtra,2023-11-17,Budget,Google Ads
5130,Rohan,Pandya,Male,21,Kolkata,West Bengal,2023-10-05,Budget,Facebook
5131,Pooja,Kapoor,Female,27,Nagpur,Maharashtra,2024-09-03,Budget,Referral
5132,Diya,Parmar,Female,39,Mumbai,Maharashtra,2025-11-03,Budget,Email
5133,Nisha,Singh,Male,20,Surat,Gujarat,2024-02-18,Regular,YouTube
5134,Meera,Mehta,Male,36,Hyderabad,Telangana,2024-05-08,Regular,Referral
5135,Krish,Sharma,Male,48,Mumbai,Maharashtra,2023-02-16,Budget,Organic Search
5136,Pooja,Singh,Male,26,Pune,Maharashtra,2024-10-17,Regular,Organic Search
5137,Diya,Mishra,Male,46,Delhi,Delhi,2025-02-07,Regular,Instagram
5138,Nisha,Parmar,Male,54,Chennai,Tamil Nadu,2024-03-07,Regular,Referral
5139,Ananya,Pandya,Male,24,Jaipur,Rajasthan,2025-08-13,Budget,Organic Search
5140,Kavya,Kumar,Female,55,Mumbai,Maharashtra,2024-01-12,Premium,Instagram
5141,Arjun,Parmar,Female,41,Chennai,Tamil Nadu,2025-11-13,Regular,Facebook
5142,Karan,Kapoor,Male,25,Lucknow,Uttar Pradesh,2025-06-27,Regular,Email
5143,Diya,Pandya,Male,51,Lucknow,Uttar Pradesh,2023-11-21,Regular,YouTube
5144,Neha,Verma,Female,43,Kolkata,West Bengal,2023-11-12,Budget,Email
5145,Kavya,Singh,Male,45,Indore,Madhya Pradesh,2023-08-09,Premium,YouTube
5146,Priya,Joshi,Female,45,Surat,Gujarat,2023-08-02,Regular,YouTube
5147,Kavya,Sharma,Female,24,Nagpur,Maharashtra,2025-04-24,Budget,Email
5148,Priya,Reddy,Male,20,Kolkata,West Bengal,2024-01-20,Regular,Referral
5149,Kabir,Mehta,Female,39,Chennai,Tamil Nadu,2025-10-24,Premium,Google Ads
5150,Isha,Parmar,Female,55,Indore,Madhya Pradesh,2025-05-26,Regular,Instagram
5151,Diya,Singh,Male,35,Nagpur,Maharashtra,2024-10-14,Regular,Google Ads
5152,Nisha,Parmar,Male,29,Vadodara,Gujarat,2023-10-14,Regular,Instagram
5153,Sneha,Malhotra,Female,48,Bengaluru,Karnataka,2024-01-19,Budget,Google Ads
5154,Dev,Singh,Male,56,Bengaluru,Karnataka,2025-10-14,Regular,Email
5155,Dev,Agarwal,Female,22,Surat,Gujarat,2025-04-26,Regular,Email
5156,Nisha,Malhotra,Female,58,Lucknow,Uttar Pradesh,2024-05-31,Premium,YouTube
5157,Vivaan,Thakkar,Female,46,Lucknow,Uttar Pradesh,2023-05-07,Regular,Facebook
5158,Aryan,Soni,Female,60,Jaipur,Rajasthan,2025-12-04,Regular,Email
5159,Isha,Thakkar,Female,53,Nagpur,Maharashtra,2024-09-14,Premium,Instagram
5160,Ishaan,Pandya,Female,31,Vadodara,Gujarat,2023-10-17,Premium,YouTube
5161,Dev,Reddy,Male,35,Surat,Gujarat,2024-11-27,Regular,Instagram
5162,Kavya,Agarwal,Male,24,Jaipur,Rajasthan,2023-06-06,Budget,Google Ads
5163,Pooja,Shah,Male,40,Pune,Maharashtra,2024-02-10,Premium,Facebook
5164,Isha,Agarwal,Male,50,Chennai,Tamil Nadu,2025-05-26,Budget,Email
5165,Arjun,Patel,Female,33,Chennai,Tamil Nadu,2025-11-12,Budget,Google Ads
5166,Diya,Malhotra,Female,54,Jaipur,Rajasthan,2023-07-16,Regular,YouTube
5167,Riya,Sharma,Female,42,Vadodara,Gujarat,2024-04-23,Regular,Instagram
5168,Ananya,Shah,Female,26,Nagpur,Maharashtra,2023-10-12,Premium,Referral
5169,Pooja,Joshi,Female,45,Chennai,Tamil Nadu,2023-11-04,Regular,Organic Search
5170,Nisha,Singh,Male,26,Kolkata,West Bengal,2023-12-11,Budget,Facebook
5171,Priya,Parmar,Male,29,Chennai,Tamil Nadu,2025-10-17,Regular,Email
5172,Rohan,Kapoor,Male,35,Rajkot,Gujarat,2025-09-17,Regular,Instagram
5173,Rahul,Mishra,Female,44,Bengaluru,Karnataka,2024-02-02,Premium,Email
5174,Isha,Shah,Female,43,Vadodara,Gujarat,2025-02-23,Regular,Email
5175,Aarav,Agarwal,Male,43,Mumbai,Maharashtra,2025-03-06,Budget,Instagram
5176,Pooja,Gupta,Female,27,Delhi,Delhi,2024-09-27,Regular,Email
5177,Meera,Agarwal,Female,34,Chennai,Tamil Nadu,2024-03-25,Budget,YouTube
5178,Arjun,Thakkar,Male,49,Indore,Madhya Pradesh,2025-02-10,Budget,Facebook
5179,Isha,Malhotra,Female,41,Rajkot,Gujarat,2024-11-11,Premium,Google Ads
5180,Aryan,Kapoor,Male,60,Rajkot,Gujarat,2024-07-01,Regular,Facebook
5181,Neha,Soni,Male,25,Lucknow,Uttar Pradesh,2023-08-17,Regular,Google Ads
5182,Vivaan,Singh,Male,47,Jaipur,Rajasthan,2023-09-01,Regular,YouTube
5183,Kabir,Reddy,Male,43,Lucknow,Uttar Pradesh,2023-03-06,Regular,Facebook
5184,Ananya,Shah,Female,41,Indore,Madhya Pradesh,2025-08-03,Budget,YouTube
5185,Karan,Trivedi,Female,44,Rajkot,Gujarat,2025-10-23,Budget,Instagram
5186,Nisha,Gupta,Female,32,Mumbai,Maharashtra,2025-11-26,Budget,Google Ads
5187,Rahul,Thakkar,Male,45,Indore,Madhya Pradesh,2025-09-28,VIP,Instagram
5188,Aarav,Pandya,Female,28,Chennai,Tamil Nadu,2023-01-03,Regular,Instagram
5189,Ananya,Sharma,Male,56,Bengaluru,Karnataka,2025-08-12,Regular,Facebook
5190,Sneha,Gupta,Female,19,Chennai,Tamil Nadu,2023-05-23,Budget,Email
5191,Simran,Reddy,Female,26,Vadodara,Gujarat,2025-12-15,Budget,Organic Search
5192,Karan,Sharma,Male,40,Pune,Maharashtra,2023-03-02,Premium,Email
5193,Pooja,Kapoor,Female,50,Chennai,Tamil Nadu,2023-03-09,Premium,YouTube
5194,Isha,Malhotra,Male,36,Hyderabad,Telangana,2023-03-20,Budget,Facebook
5195,Vivaan,Malhotra,Male,30,Lucknow,Uttar Pradesh,2024-01-02,Premium,Instagram
5196,Nisha,Desai,Female,31,Mumbai,Maharashtra,2025-08-15,Regular,Referral
5197,Aryan,Kapoor,Female,49,Vadodara,Gujarat,2024-06-09,Budget,YouTube
5198,Aryan,Patel,Female,39,Chennai,Tamil Nadu,2024-01-25,Budget,Instagram
5199,Raj,Verma,Female,37,Pune,Maharashtra,2024-06-04,Premium,YouTube
5200,Rahul,Mishra,Male,50,Nagpur,Maharashtra,2023-09-10,Regular,Referral
5201,Rahul,Desai,Male,22,Jaipur,Rajasthan,2023-01-03,Premium,Google Ads
5202,Riya,Joshi,Female,37,Lucknow,Uttar Pradesh,2024-11-26,Budget,YouTube
5203,Riya,Joshi,Female,31,Lucknow,Uttar Pradesh,2023-02-15,Regular,YouTube
5204,Priya,Shah,Female,44,Rajkot,Gujarat,2024-10-14,Budget,Instagram
5205,Aditya,Gupta,Male,43,Ahmedabad,Gujarat,2024-06-08,Budget,Organic Search
5206,Isha,Desai,Female,49,Ahmedabad,Gujarat,2024-02-22,Budget,Email
5207,Isha,Soni,Male,47,Nagpur,Maharashtra,2025-09-28,Premium,Instagram
5208,Yash,Sharma,Female,44,Mumbai,Maharashtra,2025-12-02,Regular,Facebook
5209,Diya,Gupta,Female,43,Kolkata,West Bengal,2025-06-14,Budget,Instagram
5210,Ananya,Joshi,Male,35,Nagpur,Maharashtra,2024-11-26,Regular,Organic Search
5211,Raj,Kapoor,Male,40,Rajkot,Gujarat,2024-07-12,Premium,Organic Search
5212,Sneha,Joshi,Female,41,Jaipur,Rajasthan,2025-07-19,Budget,Referral
5213,Aarav,Verma,Male,21,Rajkot,Gujarat,2024-08-17,Premium,Email
5214,Isha,Sharma,Male,58,Rajkot,Gujarat,2025-05-16,Premium,Facebook
5215,Aditya,Mishra,Female,20,Vadodara,Gujarat,2024-01-19,Regular,Referral
5216,Simran,Mishra,Male,60,Chennai,Tamil Nadu,2025-12-31,Regular,Organic Search
5217,Ananya,Verma,Male,47,Ahmedabad,Gujarat,2023-08-05,Regular,Organic Search
5218,Arjun,Kumar,Female,33,Vadodara,Gujarat,2025-04-12,Budget,Email
5219,Arjun,Pandya,Female,24,Chennai,Tamil Nadu,2025-03-16,Regular,Organic Search
5220,Aanya,Thakkar,Male,56,Lucknow,Uttar Pradesh,2025-11-22,Budget,Facebook
5221,Isha,Desai,Female,39,Kolkata,West Bengal,2025-02-19,Premium,Organic Search
5222,Meera,Patel,Male,58,Chennai,Tamil Nadu,2023-08-04,Regular,Instagram
5223,Ishaan,Mishra,Male,48,Lucknow,Uttar Pradesh,2023-04-11,Budget,Email
5224,Riya,Kumar,Male,30,Vadodara,Gujarat,2024-04-14,Regular,Referral
5225,Aditya,Shah,Female,58,Pune,Maharashtra,2023-06-29,Regular,Referral
5226,Kabir,Patel,Male,58,Vadodara,Gujarat,2024-09-30,Premium,Email
5227,Krish,Trivedi,Male,46,Chennai,Tamil Nadu,2024-01-12,Regular,Referral
5228,Simran,Verma,Male,45,Surat,Gujarat,2024-11-11,Regular,Referral
5229,Aarav,Patel,Female,36,Rajkot,Gujarat,2025-03-27,Budget,Organic Search
5230,Krish,Desai,Female,40,Mumbai,Maharashtra,2023-10-07,Regular,Google Ads
5231,Vivaan,Joshi,Female,25,Jaipur,Rajasthan,2025-04-28,Budget,Google Ads
5232,Sneha,Agarwal,Male,42,Mumbai,Maharashtra,2025-01-22,Budget,YouTube
5233,Arjun,Verma,Male,55,Mumbai,Maharashtra,2023-09-07,Regular,Organic Search
5234,Neha,Thakkar,Female,55,Pune,Maharashtra,2025-07-02,Regular,Google Ads
5235,Nisha,Agarwal,Male,52,Indore,Madhya Pradesh,2025-02-11,VIP,Email
5236,Meera,Mishra,Male,43,Nagpur,Maharashtra,2024-10-02,Regular,YouTube
5237,Rahul,Soni,Male,20,Kolkata,West Bengal,2023-11-23,Regular,Instagram
5238,Pooja,Sharma,Male,19,Hyderabad,Telangana,2025-06-08,Premium,Organic Search
5239,Aarav,Agarwal,Female,22,Vadodara,Gujarat,2025-02-09,Premium,YouTube
5240,Isha,Agarwal,Female,37,Jaipur,Rajasthan,2024-01-12,Regular,Referral
5241,Kabir,Reddy,Female,29,Hyderabad,Telangana,2025-11-04,Regular,Facebook
5242,Meera,Kapoor,Male,55,Pune,Maharashtra,2024-11-26,Premium,Organic Search
5243,Priya,Pandya,Male,33,Ahmedabad,Gujarat,2024-04-25,Regular,YouTube
5244,Aarav,Pandya,Female,54,Kolkata,West Bengal,2025-11-05,Regular,Google Ads
5245,Rohan,Agarwal,Female,55,Delhi,Delhi,2024-07-28,Budget,Organic Search
5246,Nisha,Soni,Female,53,Vadodara,Gujarat,2024-04-29,Regular,Organic Search
5247,Diya,Agarwal,Male,46,Lucknow,Uttar Pradesh,2025-07-28,Budget,Instagram
5248,Rahul,Mishra,Female,52,Mumbai,Maharashtra,2023-09-14,Budget,Facebook
5249,Kabir,Gupta,Male,54,Chennai,Tamil Nadu,2023-01-27,Premium,YouTube
5250,Raj,Gupta,Female,38,Rajkot,Gujarat,2025-11-14,Regular,Instagram
5251,Diya,Mishra,Male,38,Mumbai,Maharashtra,2025-12-21,Regular,Google Ads
5252,Aditya,Parmar,Male,45,Indore,Madhya Pradesh,2023-08-21,Regular,Organic Search
5253,Meera,Gupta,Female,23,Nagpur,Maharashtra,2023-12-15,Budget,Instagram
5254,Yash,Malhotra,Male,37,Ahmedabad,Gujarat,2024-02-18,Budget,Instagram
5255,Diya,Kapoor,Male,53,Rajkot,Gujarat,2024-02-10,Regular,Facebook
5256,Nisha,Thakkar,Female,30,Nagpur,Maharashtra,2025-08-16,Budget,Email
5257,Ishaan,Reddy,Female,57,Nagpur,Maharashtra,2024-05-30,Regular,Google Ads
5258,Dev,Desai,Female,28,Lucknow,Uttar Pradesh,2025-10-06,Premium,Facebook
5259,Pooja,Mehta,Male,41,Mumbai,Maharashtra,2023-10-14,Budget,Facebook
5260,Riya,Soni,Male,36,Hyderabad,Telangana,2023-11-03,Budget,Facebook
5261,Arjun,Agarwal,Female,40,Mumbai,Maharashtra,2024-07-15,Premium,Email
5262,Yash,Soni,Female,48,Ahmedabad,Gujarat,2025-02-20,Regular,Email
5263,Sneha,Trivedi,Male,54,Ahmedabad,Gujarat,2025-10-28,Budget,Organic Search
5264,Vivaan,Agarwal,Female,54,Indore,Madhya Pradesh,2023-12-23,Budget,YouTube
5265,Neha,Desai,Female,20,Bengaluru,Karnataka,2024-08-03,Regular,YouTube
5266,Kavya,Verma,Male,51,Kolkata,West Bengal,2023-05-19,Regular,Google Ads
5267,Meera,Thakkar,Male,46,Hyderabad,Telangana,2024-02-27,Regular,Referral
5268,Pooja,Patel,Female,20,Bengaluru,Karnataka,2024-02-01,Regular,Google Ads
5269,Rohan,Kapoor,Male,32,Hyderabad,Telangana,2025-04-11,VIP,Email
5270,Kabir,Reddy,Male,24,Hyderabad,Telangana,2023-11-01,Regular,Email
5271,Karan,Trivedi,Female,20,Jaipur,Rajasthan,2025-11-08,Budget,Email
5272,Krish,Malhotra,Female,60,Bengaluru,Karnataka,2023-08-14,Regular,Organic Search
5273,Neha,Pandya,Female,33,Hyderabad,Telangana,2025-04-30,Regular,Facebook
5274,Sneha,Agarwal,Male,51,Nagpur,Maharashtra,2024-05-09,Budget,Email
5275,Aditya,Mishra,Female,37,Surat,Gujarat,2024-09-18,Budget,Facebook
5276,Aanya,Trivedi,Male,56,Ahmedabad,Gujarat,2023-11-23,Budget,Facebook
5277,Diya,Verma,Female,50,Chennai,Tamil Nadu,2024-05-19,Regular,Google Ads
5278,Sneha,Shah,Male,31,Chennai,Tamil Nadu,2024-08-29,Regular,Organic Search
5279,Meera,Mehta,Male,59,Rajkot,Gujarat,2024-08-29,Budget,Instagram
5280,Meera,Agarwal,Female,52,Ahmedabad,Gujarat,2025-09-30,Regular,YouTube
5281,Aanya,Patel,Male,28,Kolkata,West Bengal,2024-05-23,Regular,YouTube
5282,Riya,Malhotra,Female,37,Indore,Madhya Pradesh,2024-10-18,Premium,Organic Search
5283,Diya,Shah,Female,47,Pune,Maharashtra,2024-06-14,Premium,Google Ads
5284,Kabir,Gupta,Male,45,Lucknow,Uttar Pradesh,2023-02-06,Premium,Google Ads
5285,Tanya,Agarwal,Male,32,Nagpur,Maharashtra,2023-11-10,VIP,Email
5286,Aarav,Parmar,Male,55,Nagpur,Maharashtra,2023-08-08,Regular,Email
5287,Isha,Reddy,Female,30,Jaipur,Rajasthan,2024-10-01,Regular,Email
5288,Yash,Shah,Female,52,Kolkata,West Bengal,2024-02-08,Budget,Facebook
5289,Priya,Shah,Female,41,Delhi,Delhi,2024-04-23,Regular,Facebook
5290,Ishaan,Sharma,Female,18,Ahmedabad,Gujarat,2024-12-22,Budget,Email
5291,Rohan,Pandya,Female,59,Delhi,Delhi,2025-07-25,Regular,Organic Search
5292,Nisha,Malhotra,Female,41,Indore,Madhya Pradesh,2025-04-03,Budget,Facebook
5293,Yash,Mishra,Male,44,Mumbai,Maharashtra,2023-08-08,Budget,Google Ads
5294,Isha,Agarwal,Female,35,Mumbai,Maharashtra,2024-01-02,Budget,Email
5295,Rahul,Sharma,Female,43,Rajkot,Gujarat,2025-09-10,Premium,YouTube
5296,Aarav,Agarwal,Female,46,Nagpur,Maharashtra,2024-11-14,Budget,YouTube
5297,Rohan,Mishra,Female,25,Bengaluru,Karnataka,2025-08-26,Premium,Referral
5298,Pooja,Kapoor,Male,43,Mumbai,Maharashtra,2025-11-21,Budget,Facebook
5299,Tanya,Trivedi,Male,22,Kolkata,West Bengal,2025-10-15,Regular,YouTube
5300,Krish,Reddy,Male,50,Pune,Maharashtra,2025-12-13,Regular,Email
5301,Rohan,Soni,Female,57,Ahmedabad,Gujarat,2024-02-27,Regular,Organic Search
5302,Kavya,Mishra,Female,22,Hyderabad,Telangana,2025-09-30,VIP,YouTube
5303,Neha,Soni,Female,53,Vadodara,Gujarat,2023-08-22,Budget,Google Ads
5304,Nisha,Malhotra,Male,30,Chennai,Tamil Nadu,2025-04-08,Budget,Facebook
5305,Aarav,Parmar,Female,34,Lucknow,Uttar Pradesh,2025-01-12,Regular,YouTube
5306,Aanya,Patel,Female,30,Ahmedabad,Gujarat,2025-09-13,Regular,Facebook
5307,Diya,Pandya,Male,42,Lucknow,Uttar Pradesh,2025-05-28,VIP,Google Ads
5308,Aryan,Patel,Male,19,Vadodara,Gujarat,2025-01-02,Regular,YouTube
5309,Meera,Malhotra,Female,41,Delhi,Delhi,2024-11-05,Regular,Referral
5310,Kavya,Thakkar,Male,53,Jaipur,Rajasthan,2024-10-16,Regular,Email
5311,Rohan,Malhotra,Female,42,Lucknow,Uttar Pradesh,2023-09-15,Regular,Instagram
5312,Nisha,Soni,Female,51,Indore,Madhya Pradesh,2025-09-28,Regular,Organic Search
5313,Vivaan,Singh,Male,29,Chennai,Tamil Nadu,2024-09-15,Budget,YouTube
5314,Ananya,Soni,Female,36,Indore,Madhya Pradesh,2023-04-09,Regular,Google Ads
5315,Karan,Kumar,Male,59,Lucknow,Uttar Pradesh,2023-01-12,Budget,Referral
5316,Arjun,Singh,Male,47,Nagpur,Maharashtra,2025-03-23,Regular,Referral
5317,Aarav,Joshi,Female,54,Vadodara,Gujarat,2023-06-28,Budget,Instagram
5318,Raj,Gupta,Male,60,Bengaluru,Karnataka,2025-10-27,Regular,Referral
5319,Riya,Soni,Female,18,Nagpur,Maharashtra,2023-06-01,Regular,YouTube
5320,Kavya,Thakkar,Female,20,Hyderabad,Telangana,2025-04-14,Budget,Facebook
5321,Karan,Mishra,Male,43,Hyderabad,Telangana,2024-08-04,Budget,Google Ads
5322,Ananya,Pandya,Male,32,Nagpur,Maharashtra,2024-07-18,Budget,YouTube
5323,Sneha,Trivedi,Male,45,Vadodara,Gujarat,2023-07-15,Budget,Organic Search
5324,Krish,Desai,Female,21,Delhi,Delhi,2023-11-21,Budget,Organic Search
5325,Sneha,Singh,Female,36,Mumbai,Maharashtra,2024-04-26,Premium,Google Ads
5326,Meera,Patel,Female,41,Pune,Maharashtra,2023-07-27,Regular,Email
5327,Kavya,Desai,Female,57,Kolkata,West Bengal,2025-07-24,Regular,Instagram
5328,Neha,Mishra,Female,23,Delhi,Delhi,2025-08-14,Regular,Instagram
5329,Riya,Pandya,Female,33,Pune,Maharashtra,2024-03-01,Regular,Email
5330,Neha,Sharma,Female,49,Indore,Madhya Pradesh,2025-12-21,Budget,Instagram
5331,Aanya,Patel,Male,47,Delhi,Delhi,2024-07-20,Premium,Instagram
5332,Dev,Kapoor,Female,52,Indore,Madhya Pradesh,2024-09-09,VIP,Referral
5333,Aryan,Joshi,Female,25,Chennai,Tamil Nadu,2025-08-02,Budget,Organic Search
5334,Pooja,Pandya,Male,22,Nagpur,Maharashtra,2025-06-05,Regular,Email
5335,Kabir,Kumar,Female,54,Hyderabad,Telangana,2025-07-17,Budget,Facebook
5336,Simran,Singh,Female,29,Hyderabad,Telangana,2023-10-11,Budget,Referral
5337,Dev,Kumar,Male,42,Ahmedabad,Gujarat,2025-12-16,Budget,Instagram
5338,Isha,Patel,Female,50,Mumbai,Maharashtra,2024-11-11,Premium,Facebook
5339,Vivaan,Malhotra,Male,56,Hyderabad,Telangana,2024-01-11,Regular,Google Ads
5340,Rahul,Sharma,Female,41,Kolkata,West Bengal,2024-01-11,Regular,Google Ads
5341,Simran,Gupta,Female,28,Pune,Maharashtra,2025-02-10,Regular,Organic Search
5342,Rohan,Joshi,Male,59,Vadodara,Gujarat,2025-02-26,Regular,Instagram
5343,Tanya,Sharma,Male,52,Mumbai,Maharashtra,2024-01-08,Regular,Google Ads
5344,Aryan,Soni,Female,57,Pune,Maharashtra,2025-05-06,Premium,Email
5345,Rohan,Patel,Female,18,Jaipur,Rajasthan,2023-09-01,Regular,Instagram
5346,Aanya,Mehta,Male,25,Hyderabad,Telangana,2025-01-31,Regular,Email
5347,Simran,Patel,Female,40,Lucknow,Uttar Pradesh,2025-11-28,Regular,Organic Search
5348,Riya,Thakkar,Male,37,Lucknow,Uttar Pradesh,2024-09-24,Premium,Facebook
5349,Aryan,Parmar,Male,49,Pune,Maharashtra,2023-03-27,Regular,YouTube
5350,Isha,Soni,Male,28,Surat,Gujarat,2023-04-09,Budget,YouTube
5351,Nisha,Sharma,Female,24,Hyderabad,Telangana,2024-01-09,Regular,Referral
5352,Isha,Sharma,Female,47,Lucknow,Uttar Pradesh,2025-01-27,Budget,Organic Search
5353,Yash,Trivedi,Female,56,Vadodara,Gujarat,2024-09-16,VIP,Instagram
5354,Karan,Thakkar,Male,30,Indore,Madhya Pradesh,2025-09-09,Regular,Organic Search
5355,Nisha,Agarwal,Female,59,Rajkot,Gujarat,2023-03-24,Budget,Email
5356,Aditya,Mehta,Male,20,Vadodara,Gujarat,2023-01-01,Regular,YouTube
5357,Dev,Malhotra,Male,24,Jaipur,Rajasthan,2024-03-12,Regular,Instagram
5358,Vivaan,Kapoor,Female,60,Chennai,Tamil Nadu,2024-11-16,Regular,Organic Search
5359,Pooja,Malhotra,Female,30,Surat,Gujarat,2023-09-07,Budget,Referral
5360,Aditya,Kapoor,Male,54,Delhi,Delhi,2024-02-14,Budget,Organic Search
5361,Diya,Sharma,Female,42,Surat,Gujarat,2025-01-07,Budget,YouTube
5362,Vivaan,Mehta,Male,40,Surat,Gujarat,2024-05-04,Budget,Organic Search
5363,Tanya,Trivedi,Female,50,Pune,Maharashtra,2023-08-27,Regular,Referral
5364,Neha,Singh,Male,22,Bengaluru,Karnataka,2025-07-11,Premium,YouTube
5365,Dev,Malhotra,Female,49,Rajkot,Gujarat,2024-06-23,Budget,Google Ads
5366,Rahul,Desai,Male,47,Pune,Maharashtra,2024-01-15,Budget,Organic Search
5367,Kavya,Trivedi,Female,48,Kolkata,West Bengal,2025-03-09,Premium,Organic Search
5368,Simran,Trivedi,Male,30,Rajkot,Gujarat,2025-07-31,Premium,Organic Search
5369,Ishaan,Kapoor,Male,59,Indore,Madhya Pradesh,2024-11-25,Regular,Instagram
5370,Sneha,Pandya,Male,22,Hyderabad,Telangana,2023-05-15,Budget,Referral
5371,Karan,Joshi,Male,40,Bengaluru,Karnataka,2023-12-27,Premium,Referral
5372,Nisha,Verma,Male,18,Pune,Maharashtra,2024-07-22,Budget,YouTube
5373,Ananya,Sharma,Male,27,Rajkot,Gujarat,2023-07-05,Premium,Referral
5374,Rahul,Parmar,Female,44,Chennai,Tamil Nadu,2024-04-22,Premium,Instagram
5375,Riya,Pandya,Male,25,Indore,Madhya Pradesh,2025-06-06,Regular,Google Ads
5376,Nisha,Joshi,Male,20,Kolkata,West Bengal,2023-01-01,Budget,Instagram
5377,Aryan,Agarwal,Female,36,Pune,Maharashtra,2025-04-29,Budget,Organic Search
5378,Kavya,Kapoor,Female,19,Mumbai,Maharashtra,2025-08-25,VIP,Google Ads
5379,Riya,Thakkar,Male,48,Hyderabad,Telangana,2024-06-24,Premium,Organic Search
5380,Yash,Kapoor,Female,27,Jaipur,Rajasthan,2025-09-18,Regular,YouTube
5381,Meera,Gupta,Female,33,Delhi,Delhi,2024-12-02,Budget,Referral
5382,Riya,Desai,Male,54,Chennai,Tamil Nadu,2023-09-27,Regular,Referral
5383,Aditya,Trivedi,Male,37,Kolkata,West Bengal,2025-06-16,VIP,YouTube
5384,Ananya,Thakkar,Female,20,Hyderabad,Telangana,2024-02-23,Regular,YouTube
5385,Vivaan,Reddy,Female,52,Vadodara,Gujarat,2023-07-14,Budget,Google Ads
5386,Priya,Parmar,Female,51,Delhi,Delhi,2023-09-12,Regular,Facebook
5387,Vivaan,Agarwal,Female,38,Ahmedabad,Gujarat,2023-03-20,Budget,Google Ads
5388,Kavya,Kumar,Female,53,Delhi,Delhi,2025-02-24,Premium,Google Ads
5389,Aditya,Parmar,Female,49,Rajkot,Gujarat,2025-03-24,Regular,Organic Search
5390,Rahul,Trivedi,Male,35,Hyderabad,Telangana,2024-03-22,Regular,Referral
5391,Ananya,Verma,Female,51,Rajkot,Gujarat,2023-05-03,Budget,Email
5392,Nisha,Kapoor,Male,55,Bengaluru,Karnataka,2024-11-06,Budget,YouTube
5393,Dev,Patel,Male,20,Ahmedabad,Gujarat,2023-12-25,Regular,YouTube
5394,Aryan,Kumar,Female,20,Hyderabad,Telangana,2023-08-27,Premium,Organic Search
5395,Aarav,Kumar,Male,44,Ahmedabad,Gujarat,2025-03-15,Budget,Email
5396,Diya,Desai,Female,19,Vadodara,Gujarat,2024-11-13,Regular,Referral
5397,Rahul,Kapoor,Male,20,Kolkata,West Bengal,2024-10-30,Regular,Facebook
5398,Aryan,Singh,Female,34,Delhi,Delhi,2023-07-23,Premium,Instagram
5399,Nisha,Verma,Male,56,Delhi,Delhi,2023-05-23,Regular,YouTube
5400,Arjun,Sharma,Female,55,Indore,Madhya Pradesh,2023-07-06,Budget,YouTube
5401,Nisha,Verma,Male,57,Ahmedabad,Gujarat,2023-05-02,Regular,Google Ads
5402,Tanya,Verma,Female,36,Delhi,Delhi,2023-10-11,Premium,Facebook
5403,Vivaan,Patel,Male,36,Chennai,Tamil Nadu,2025-08-06,Premium,Facebook
5404,Arjun,Agarwal,Male,22,Surat,Gujarat,2024-06-10,Regular,Referral
5405,Aarav,Gupta,Male,22,Kolkata,West Bengal,2024-01-19,VIP,Facebook
5406,Meera,Mishra,Female,31,Rajkot,Gujarat,2025-06-16,Budget,Facebook
5407,Simran,Reddy,Female,44,Nagpur,Maharashtra,2023-07-06,Regular,Email
5408,Pooja,Trivedi,Female,53,Kolkata,West Bengal,2025-10-28,Premium,Google Ads
5409,Dev,Patel,Female,57,Delhi,Delhi,2024-09-15,Budget,Organic Search
5410,Priya,Mishra,Female,52,Pune,Maharashtra,2024-06-28,VIP,Referral
5411,Ananya,Shah,Male,38,Ahmedabad,Gujarat,2025-07-02,Regular,Organic Search
5412,Nisha,Thakkar,Female,22,Jaipur,Rajasthan,2023-03-31,Regular,Email
5413,Kavya,Kumar,Female,41,Nagpur,Maharashtra,2024-05-10,Budget,Email
5414,Meera,Joshi,Male,56,Kolkata,West Bengal,2025-08-17,Budget,Instagram
5415,Diya,Shah,Female,41,Surat,Gujarat,2023-04-26,Regular,Google Ads
5416,Priya,Soni,Female,57,Mumbai,Maharashtra,2024-11-15,Regular,Facebook
5417,Nisha,Mishra,Female,60,Surat,Gujarat,2025-11-09,Budget,Referral
5418,Neha,Verma,Female,30,Ahmedabad,Gujarat,2023-05-12,Premium,Google Ads
5419,Kavya,Desai,Female,55,Lucknow,Uttar Pradesh,2023-08-11,Budget,Facebook
5420,Arjun,Trivedi,Female,18,Lucknow,Uttar Pradesh,2024-03-11,Premium,Instagram
5421,Vivaan,Reddy,Male,60,Bengaluru,Karnataka,2025-11-28,Budget,YouTube
5422,Pooja,Shah,Female,56,Jaipur,Rajasthan,2023-11-23,Regular,Email
5423,Raj,Mehta,Female,27,Vadodara,Gujarat,2023-04-16,Regular,Instagram
5424,Tanya,Kapoor,Female,19,Kolkata,West Bengal,2024-10-13,Regular,Email
5425,Aarav,Verma,Male,33,Delhi,Delhi,2024-07-20,Premium,Referral
5426,Isha,Kumar,Male,54,Surat,Gujarat,2024-09-21,VIP,Facebook
5427,Raj,Kapoor,Male,33,Vadodara,Gujarat,2024-11-18,Regular,Referral
5428,Arjun,Verma,Male,40,Hyderabad,Telangana,2024-04-14,Regular,Facebook
5429,Karan,Mehta,Female,43,Vadodara,Gujarat,2024-12-25,Regular,Organic Search
5430,Isha,Sharma,Male,33,Jaipur,Rajasthan,2023-09-22,VIP,Instagram
5431,Aryan,Thakkar,Female,44,Surat,Gujarat,2025-04-16,Premium,YouTube
5432,Arjun,Parmar,Female,58,Kolkata,West Bengal,2025-04-30,Regular,YouTube
5433,Meera,Agarwal,Female,47,Surat,Gujarat,2025-02-23,Regular,Email
5434,Aarav,Mishra,Male,50,Pune,Maharashtra,2024-06-17,Budget,Facebook
5435,Dev,Soni,Female,49,Vadodara,Gujarat,2024-01-04,Premium,Facebook
5436,Arjun,Thakkar,Male,26,Lucknow,Uttar Pradesh,2024-11-29,Premium,YouTube
5437,Aryan,Joshi,Female,28,Vadodara,Gujarat,2025-08-03,VIP,Organic Search
5438,Raj,Joshi,Male,54,Jaipur,Rajasthan,2023-06-03,Regular,Facebook
5439,Krish,Soni,Male,23,Jaipur,Rajasthan,2024-09-11,Regular,Referral
5440,Dev,Parmar,Female,47,Delhi,Delhi,2023-11-12,Regular,Facebook
5441,Rahul,Patel,Female,57,Vadodara,Gujarat,2025-03-21,Regular,Instagram
5442,Diya,Mishra,Female,32,Kolkata,West Bengal,2023-05-31,Regular,YouTube
5443,Rahul,Agarwal,Male,47,Bengaluru,Karnataka,2023-06-24,Regular,Organic Search
5444,Isha,Patel,Male,35,Surat,Gujarat,2025-12-14,Budget,YouTube
5445,Dev,Thakkar,Male,29,Chennai,Tamil Nadu,2025-02-17,Budget,Referral
5446,Aanya,Trivedi,Female,21,Surat,Gujarat,2023-06-03,Regular,Organic Search
5447,Nisha,Joshi,Male,33,Kolkata,West Bengal,2024-05-15,Premium,Referral
5448,Kavya,Pandya,Female,40,Chennai,Tamil Nadu,2024-05-20,Regular,Google Ads
5449,Aanya,Pandya,Male,28,Pune,Maharashtra,2023-05-29,Regular,Referral
5450,Aditya,Verma,Male,41,Rajkot,Gujarat,2023-01-08,Premium,YouTube
5451,Riya,Malhotra,Male,39,Ahmedabad,Gujarat,2024-08-15,Regular,YouTube
5452,Nisha,Mishra,Female,56,Vadodara,Gujarat,2024-08-13,Budget,Referral
5453,Priya,Mishra,Female,32,Kolkata,West Bengal,2024-04-13,Premium,Google Ads
5454,Pooja,Agarwal,Female,32,Pune,Maharashtra,2023-11-17,Premium,Facebook
5455,Tanya,Soni,Male,27,Delhi,Delhi,2024-07-25,Regular,Facebook
5456,Ananya,Mishra,Male,45,Mumbai,Maharashtra,2024-03-26,Budget,Email
5457,Ananya,Soni,Male,53,Delhi,Delhi,2023-05-08,Premium,Facebook
5458,Arjun,Patel,Male,34,Lucknow,Uttar Pradesh,2025-05-02,Regular,YouTube
5459,Nisha,Mehta,Female,53,Jaipur,Rajasthan,2023-03-28,Budget,Email
5460,Aryan,Malhotra,Male,39,Mumbai,Maharashtra,2024-06-17,Budget,Email
5461,Nisha,Thakkar,Male,40,Indore,Madhya Pradesh,2023-07-09,VIP,Referral
5462,Simran,Mishra,Female,46,Surat,Gujarat,2025-04-03,Budget,Referral
5463,Meera,Joshi,Female,39,Ahmedabad,Gujarat,2024-01-14,Budget,Facebook
5464,Neha,Desai,Female,28,Nagpur,Maharashtra,2024-03-31,Regular,Email
5465,Tanya,Kapoor,Male,53,Mumbai,Maharashtra,2025-10-28,Budget,Google Ads
5466,Isha,Parmar,Female,46,Lucknow,Uttar Pradesh,2023-11-14,Budget,Organic Search
5467,Ishaan,Thakkar,Male,59,Nagpur,Maharashtra,2023-11-30,Regular,Email
5468,Pooja,Sharma,Female,49,Mumbai,Maharashtra,2023-08-18,Budget,Instagram
5469,Aryan,Parmar,Male,31,Vadodara,Gujarat,2024-10-25,Premium,Google Ads
5470,Dev,Patel,Male,35,Rajkot,Gujarat,2024-05-22,Regular,YouTube
5471,Aanya,Sharma,Male,55,Nagpur,Maharashtra,2025-02-28,Budget,Facebook
5472,Riya,Mehta,Male,54,Pune,Maharashtra,2025-07-12,Regular,Facebook
5473,Raj,Malhotra,Male,51,Ahmedabad,Gujarat,2025-08-26,Budget,Referral
5474,Kabir,Shah,Male,40,Lucknow,Uttar Pradesh,2025-01-29,Budget,Instagram
5475,Karan,Patel,Female,49,Vadodara,Gujarat,2024-03-21,Regular,Facebook
5476,Isha,Singh,Male,20,Nagpur,Maharashtra,2023-11-21,Budget,YouTube
5477,Priya,Agarwal,Male,60,Surat,Gujarat,2025-05-26,Regular,Email
5478,Sneha,Malhotra,Male,39,Kolkata,West Bengal,2023-06-16,Premium,Facebook
5479,Ananya,Malhotra,Male,40,Mumbai,Maharashtra,2024-08-03,Regular,YouTube
5480,Riya,Kapoor,Female,21,Hyderabad,Telangana,2025-04-18,Regular,Referral
5481,Ananya,Kapoor,Male,30,Pune,Maharashtra,2025-03-16,Premium,Google Ads
5482,Aarav,Desai,Male,49,Mumbai,Maharashtra,2025-02-10,Premium,Organic Search
5483,Pooja,Kapoor,Female,46,Surat,Gujarat,2025-07-16,Premium,YouTube
5484,Krish,Trivedi,Male,57,Vadodara,Gujarat,2025-05-10,Regular,Referral
5485,Rohan,Pandya,Female,57,Ahmedabad,Gujarat,2025-08-13,VIP,Instagram
5486,Ishaan,Soni,Male,27,Hyderabad,Telangana,2023-02-28,Premium,YouTube
5487,Diya,Thakkar,Male,30,Indore,Madhya Pradesh,2024-08-28,Regular,Organic Search
5488,Vivaan,Trivedi,Female,34,Hyderabad,Telangana,2023-01-05,Regular,Facebook
5489,Kabir,Agarwal,Female,55,Nagpur,Maharashtra,2023-03-24,Budget,Email
5490,Ishaan,Verma,Female,19,Delhi,Delhi,2025-04-19,Regular,YouTube
5491,Aanya,Sharma,Male,34,Lucknow,Uttar Pradesh,2024-07-02,Budget,Instagram
5492,Aditya,Soni,Female,43,Kolkata,West Bengal,2025-11-16,Budget,Google Ads
5493,Simran,Reddy,Female,55,Jaipur,Rajasthan,2024-06-08,Budget,Instagram
5494,Aarav,Gupta,Male,54,Delhi,Delhi,2025-09-28,Regular,Referral
5495,Ishaan,Kapoor,Male,22,Jaipur,Rajasthan,2024-02-18,Regular,Google Ads
5496,Diya,Soni,Male,42,Kolkata,West Bengal,2024-12-15,Regular,YouTube
5497,Aanya,Shah,Female,26,Pune,Maharashtra,2023-06-29,Regular,Email
5498,Diya,Singh,Male,45,Hyderabad,Telangana,2025-02-21,Premium,Instagram
5499,Sneha,Trivedi,Female,39,Vadodara,Gujarat,2025-06-19,Regular,Email
5500,Dev,Trivedi,Female,46,Vadodara,Gujarat,2024-06-10,Regular,Referral
5501,Aanya,Trivedi,Female,52,Vadodara,Gujarat,2023-01-01,Budget,YouTube
5502,Rahul,Parmar,Female,37,Ahmedabad,Gujarat,2023-09-28,Premium,Email
5503,Meera,Trivedi,Male,22,Pune,Maharashtra,2024-04-28,Regular,Email
5504,Arjun,Pandya,Male,56,Surat,Gujarat,2025-08-13,Premium,Instagram
5505,Nisha,Soni,Female,49,Surat,Gujarat,2025-12-07,Budget,YouTube
5506,Raj,Patel,Female,56,Vadodara,Gujarat,2024-11-24,Regular,Email
5507,Neha,Verma,Male,27,Chennai,Tamil Nadu,2025-04-19,Budget,Google Ads
5508,Krish,Mishra,Male,57,Ahmedabad,Gujarat,2024-01-08,Budget,Facebook
5509,Aditya,Soni,Female,34,Surat,Gujarat,2024-06-22,Regular,Google Ads
5510,Dev,Malhotra,Female,54,Jaipur,Rajasthan,2024-10-31,Premium,Referral
5511,Rahul,Soni,Female,32,Lucknow,Uttar Pradesh,2024-07-25,Regular,Email
5512,Aarav,Gupta,Female,26,Chennai,Tamil Nadu,2023-03-07,Regular,YouTube
5513,Sneha,Mehta,Female,49,Nagpur,Maharashtra,2023-02-21,Regular,Google Ads
5514,Neha,Mehta,Male,40,Bengaluru,Karnataka,2024-04-14,Budget,YouTube
5515,Nisha,Patel,Female,28,Rajkot,Gujarat,2023-08-31,Regular,Referral
5516,Krish,Shah,Male,30,Bengaluru,Karnataka,2023-12-03,Regular,Google Ads
5517,Kabir,Kapoor,Female,35,Rajkot,Gujarat,2025-01-25,Regular,YouTube
5518,Meera,Trivedi,Male,26,Nagpur,Maharashtra,2024-07-07,Regular,Email
5519,Krish,Mishra,Female,59,Surat,Gujarat,2025-12-04,Budget,Instagram
5520,Dev,Thakkar,Male,22,Chennai,Tamil Nadu,2023-02-21,Regular,Organic Search
5521,Isha,Malhotra,Male,60,Hyderabad,Telangana,2024-02-17,Premium,Google Ads
5522,Aryan,Kapoor,Female,39,Delhi,Delhi,2024-07-22,VIP,Referral
5523,Rahul,Patel,Female,49,Indore,Madhya Pradesh,2023-01-08,Regular,Organic Search
5524,Ishaan,Sharma,Male,19,Jaipur,Rajasthan,2025-08-03,Regular,YouTube
5525,Pooja,Trivedi,Male,38,Nagpur,Maharashtra,2023-09-04,Budget,Google Ads
5526,Karan,Pandya,Male,45,Hyderabad,Telangana,2025-04-13,Regular,YouTube
5527,Isha,Desai,Female,41,Rajkot,Gujarat,2024-02-16,Premium,YouTube
5528,Tanya,Verma,Male,41,Mumbai,Maharashtra,2025-08-09,Regular,Instagram
5529,Tanya,Patel,Female,31,Surat,Gujarat,2025-04-22,Premium,YouTube
5530,Aarav,Shah,Female,54,Nagpur,Maharashtra,2023-08-23,Regular,Google Ads
5531,Kavya,Agarwal,Female,44,Vadodara,Gujarat,2024-10-03,Regular,Referral
5532,Rohan,Sharma,Female,41,Mumbai,Maharashtra,2024-08-10,Budget,Organic Search
5533,Aryan,Kumar,Female,23,Ahmedabad,Gujarat,2023-08-21,Regular,Organic Search
5534,Aanya,Malhotra,Female,43,Rajkot,Gujarat,2025-01-11,VIP,Email
5535,Neha,Mishra,Male,32,Pune,Maharashtra,2025-09-23,Regular,Referral
5536,Nisha,Patel,Male,46,Surat,Gujarat,2023-11-06,Budget,Facebook
5537,Priya,Kapoor,Female,53,Hyderabad,Telangana,2025-08-01,VIP,YouTube
5538,Vivaan,Desai,Male,27,Delhi,Delhi,2025-06-26,Budget,Facebook
5539,Simran,Gupta,Male,45,Bengaluru,Karnataka,2024-12-01,Regular,Email
5540,Ishaan,Sharma,Female,26,Pune,Maharashtra,2024-04-22,Budget,Referral
5541,Nisha,Pandya,Male,38,Bengaluru,Karnataka,2023-12-02,Budget,Facebook
5542,Tanya,Gupta,Female,27,Jaipur,Rajasthan,2023-02-21,Budget,YouTube
5543,Rahul,Parmar,Female,21,Vadodara,Gujarat,2024-06-29,Regular,Google Ads
5544,Simran,Gupta,Female,21,Delhi,Delhi,2023-10-28,Regular,Referral
5545,Kabir,Parmar,Female,23,Pune,Maharashtra,2024-10-02,Regular,Referral
5546,Arjun,Reddy,Male,43,Chennai,Tamil Nadu,2023-12-22,Regular,Instagram
5547,Aanya,Parmar,Male,57,Vadodara,Gujarat,2025-03-30,Regular,Referral
5548,Tanya,Soni,Female,33,Vadodara,Gujarat,2025-04-14,Premium,Organic Search
5549,Ishaan,Kapoor,Male,25,Chennai,Tamil Nadu,2024-08-10,Premium,YouTube
5550,Rohan,Sharma,Female,45,Indore,Madhya Pradesh,2025-05-26,Budget,YouTube
5551,Ananya,Mishra,Female,33,Hyderabad,Telangana,2024-12-31,Budget,Instagram
5552,Tanya,Verma,Male,55,Jaipur,Rajasthan,2025-01-06,Regular,Instagram
5553,Aanya,Joshi,Male,18,Nagpur,Maharashtra,2025-04-03,Budget,Organic Search
5554,Vivaan,Reddy,Female,36,Chennai,Tamil Nadu,2023-06-05,Premium,Referral
5555,Kavya,Mishra,Male,34,Rajkot,Gujarat,2025-02-09,Budget,Instagram
5556,Ishaan,Soni,Female,45,Bengaluru,Karnataka,2025-07-22,Regular,Instagram
5557,Simran,Kapoor,Female,29,Rajkot,Gujarat,2024-07-29,Budget,Instagram
5558,Pooja,Pandya,Male,23,Surat,Gujarat,2025-11-25,Regular,YouTube
5559,Raj,Soni,Female,24,Jaipur,Rajasthan,2023-09-05,Budget,Facebook
5560,Arjun,Parmar,Male,25,Hyderabad,Telangana,2025-12-03,Premium,Google Ads
5561,Kavya,Pandya,Female,20,Nagpur,Maharashtra,2024-03-28,VIP,Organic Search
5562,Karan,Sharma,Female,38,Ahmedabad,Gujarat,2024-11-23,Regular,YouTube
5563,Ishaan,Malhotra,Female,25,Jaipur,Rajasthan,2025-06-27,Budget,Organic Search
5564,Kavya,Desai,Female,45,Rajkot,Gujarat,2025-07-28,Regular,Email
5565,Neha,Agarwal,Female,47,Chennai,Tamil Nadu,2025-12-29,Regular,Referral
5566,Arjun,Soni,Male,49,Hyderabad,Telangana,2025-08-04,Budget,Organic Search
5567,Tanya,Verma,Female,28,Hyderabad,Telangana,2024-03-29,Premium,YouTube
5568,Ananya,Agarwal,Male,37,Bengaluru,Karnataka,2023-09-24,Budget,Referral
5569,Aarav,Agarwal,Male,33,Bengaluru,Karnataka,2024-12-31,Budget,YouTube
5570,Sneha,Mehta,Male,42,Rajkot,Gujarat,2024-01-01,Regular,Organic Search
5571,Aditya,Trivedi,Female,26,Delhi,Delhi,2023-03-02,Budget,Facebook
5572,Krish,Gupta,Male,56,Kolkata,West Bengal,2023-06-17,Regular,Referral
5573,Rahul,Mehta,Male,57,Kolkata,West Bengal,2023-05-12,Budget,Organic Search
5574,Aanya,Soni,Male,57,Mumbai,Maharashtra,2023-06-04,Premium,Instagram
5575,Pooja,Sharma,Female,20,Pune,Maharashtra,2025-02-22,Regular,Referral
5576,Aarav,Pandya,Female,33,Lucknow,Uttar Pradesh,2024-12-22,Regular,Organic Search
5577,Rahul,Reddy,Female,29,Jaipur,Rajasthan,2023-01-07,Budget,Email
5578,Rahul,Thakkar,Female,32,Vadodara,Gujarat,2024-06-06,Budget,Facebook
5579,Priya,Agarwal,Male,21,Indore,Madhya Pradesh,2023-09-08,Regular,Google Ads
5580,Diya,Trivedi,Female,40,Nagpur,Maharashtra,2024-11-22,Budget,Organic Search
5581,Rohan,Soni,Male,44,Jaipur,Rajasthan,2023-04-30,Regular,Email
5582,Isha,Malhotra,Female,56,Chennai,Tamil Nadu,2023-02-17,Regular,Email
5583,Dev,Shah,Male,60,Indore,Madhya Pradesh,2025-12-28,Budget,Facebook
5584,Tanya,Patel,Female,54,Bengaluru,Karnataka,2025-01-11,Premium,Email
5585,Priya,Verma,Female,30,Bengaluru,Karnataka,2023-08-12,Premium,YouTube
5586,Aanya,Patel,Female,60,Surat,Gujarat,2024-04-01,Regular,YouTube
5587,Karan,Thakkar,Female,54,Rajkot,Gujarat,2024-12-19,Premium,Instagram
5588,Aditya,Gupta,Male,57,Chennai,Tamil Nadu,2025-05-02,Premium,Facebook
5589,Raj,Gupta,Female,38,Delhi,Delhi,2025-08-06,Budget,Organic Search
5590,Ananya,Mishra,Female,46,Delhi,Delhi,2023-01-28,Budget,YouTube
5591,Riya,Desai,Female,46,Pune,Maharashtra,2025-05-26,Regular,Organic Search
5592,Meera,Malhotra,Male,28,Rajkot,Gujarat,2025-06-19,Regular,Email
5593,Aditya,Thakkar,Female,45,Lucknow,Uttar Pradesh,2025-04-28,Regular,Organic Search
5594,Arjun,Malhotra,Female,27,Hyderabad,Telangana,2023-04-11,Regular,Email
5595,Rohan,Pandya,Male,22,Kolkata,West Bengal,2023-02-27,Regular,YouTube
5596,Aarav,Sharma,Male,42,Ahmedabad,Gujarat,2025-11-13,Regular,Facebook
5597,Arjun,Kumar,Male,50,Chennai,Tamil Nadu,2024-02-19,Budget,Facebook
5598,Yash,Verma,Female,34,Kolkata,West Bengal,2023-12-29,Regular,Google Ads
5599,Tanya,Desai,Male,50,Pune,Maharashtra,2024-02-25,Premium,Facebook
5600,Nisha,Verma,Female,42,Vadodara,Gujarat,2023-01-21,Premium,Referral
5601,Neha,Patel,Male,50,Surat,Gujarat,2024-09-27,Budget,Referral
5602,Dev,Thakkar,Female,26,Nagpur,Maharashtra,2024-04-08,Budget,Referral
5603,Sneha,Agarwal,Male,44,Mumbai,Maharashtra,2023-04-07,Regular,YouTube
5604,Pooja,Sharma,Male,42,Bengaluru,Karnataka,2023-01-24,VIP,Google Ads
5605,Priya,Singh,Male,21,Hyderabad,Telangana,2024-01-15,Premium,Email
5606,Simran,Reddy,Female,26,Nagpur,Maharashtra,2024-01-31,Regular,YouTube
5607,Riya,Trivedi,Male,32,Jaipur,Rajasthan,2023-02-23,Budget,Instagram
5608,Neha,Sharma,Female,33,Mumbai,Maharashtra,2025-10-10,Regular,Instagram
5609,Pooja,Verma,Male,33,Nagpur,Maharashtra,2024-02-26,Premium,Facebook
5610,Raj,Sharma,Male,30,Bengaluru,Karnataka,2023-05-11,Premium,Google Ads
5611,Sneha,Parmar,Male,31,Surat,Gujarat,2024-02-24,Regular,Google Ads
5612,Krish,Mehta,Female,39,Pune,Maharashtra,2025-02-14,Regular,Email
5613,Sneha,Thakkar,Female,38,Indore,Madhya Pradesh,2025-02-13,Regular,Organic Search
5614,Rohan,Malhotra,Female,26,Kolkata,West Bengal,2025-12-27,Premium,Facebook
5615,Arjun,Parmar,Male,58,Kolkata,West Bengal,2025-05-24,Regular,Google Ads
5616,Krish,Gupta,Female,21,Mumbai,Maharashtra,2023-06-24,Budget,Organic Search
5617,Dev,Mishra,Female,27,Hyderabad,Telangana,2024-04-08,Regular,YouTube
5618,Isha,Pandya,Male,52,Hyderabad,Telangana,2024-01-25,Premium,Email
5619,Dev,Agarwal,Male,26,Lucknow,Uttar Pradesh,2025-01-17,Regular,Google Ads
5620,Simran,Shah,Female,33,Nagpur,Maharashtra,2023-05-16,Regular,Instagram
5621,Karan,Parmar,Female,35,Indore,Madhya Pradesh,2024-02-13,Regular,Instagram
5622,Diya,Pandya,Male,27,Pune,Maharashtra,2023-08-12,Regular,Google Ads
5623,Aarav,Verma,Female,38,Kolkata,West Bengal,2024-08-23,Budget,Referral
5624,Isha,Soni,Male,32,Surat,Gujarat,2025-08-27,Regular,Referral
5625,Priya,Agarwal,Male,32,Mumbai,Maharashtra,2024-09-10,Regular,Instagram
5626,Aryan,Kumar,Female,28,Indore,Madhya Pradesh,2025-05-27,Premium,YouTube
5627,Rahul,Soni,Female,57,Lucknow,Uttar Pradesh,2023-01-09,VIP,Email
5628,Meera,Thakkar,Male,59,Mumbai,Maharashtra,2024-08-16,Regular,YouTube
5629,Raj,Thakkar,Female,58,Indore,Madhya Pradesh,2024-08-28,VIP,Instagram
5630,Aditya,Pandya,Male,54,Chennai,Tamil Nadu,2023-04-26,Regular,Google Ads
5631,Karan,Thakkar,Female,37,Jaipur,Rajasthan,2023-09-02,Regular,Google Ads
5632,Kavya,Kumar,Male,51,Delhi,Delhi,2024-03-26,Budget,Email
5633,Aryan,Mehta,Female,39,Nagpur,Maharashtra,2025-11-14,Budget,Instagram
5634,Kavya,Verma,Female,35,Chennai,Tamil Nadu,2023-08-21,Premium,Instagram
5635,Rohan,Soni,Male,33,Delhi,Delhi,2024-11-15,Premium,Instagram
5636,Dev,Thakkar,Female,22,Vadodara,Gujarat,2023-07-03,Regular,Organic Search
5637,Sneha,Singh,Male,18,Hyderabad,Telangana,2023-09-08,Regular,Facebook
5638,Isha,Agarwal,Female,36,Delhi,Delhi,2023-10-18,Regular,Google Ads
5639,Yash,Joshi,Female,27,Ahmedabad,Gujarat,2025-08-06,Premium,Instagram
5640,Sneha,Soni,Female,38,Hyderabad,Telangana,2025-03-08,Budget,Email
5641,Diya,Gupta,Female,30,Rajkot,Gujarat,2024-09-15,Budget,Referral
5642,Aditya,Verma,Male,41,Delhi,Delhi,2023-11-01,Premium,Organic Search
5643,Pooja,Kumar,Male,40,Ahmedabad,Gujarat,2023-12-16,Premium,Facebook
5644,Kavya,Agarwal,Female,40,Pune,Maharashtra,2024-04-23,Budget,Instagram
5645,Aryan,Sharma,Male,28,Kolkata,West Bengal,2025-10-12,Premium,Google Ads
5646,Ananya,Malhotra,Male,19,Kolkata,West Bengal,2023-05-10,Regular,Referral
5647,Rohan,Soni,Female,23,Kolkata,West Bengal,2023-07-06,Budget,Facebook
5648,Sneha,Trivedi,Male,28,Delhi,Delhi,2024-10-31,Premium,Organic Search
5649,Raj,Desai,Male,32,Nagpur,Maharashtra,2023-08-23,Regular,YouTube
5650,Krish,Malhotra,Female,26,Kolkata,West Bengal,2023-10-05,Budget,Email
5651,Riya,Verma,Female,29,Bengaluru,Karnataka,2025-02-25,Regular,Google Ads
5652,Ananya,Sharma,Female,53,Nagpur,Maharashtra,2025-04-14,Premium,YouTube
5653,Diya,Patel,Female,45,Kolkata,West Bengal,2023-10-01,Budget,Google Ads
5654,Sneha,Mishra,Male,40,Delhi,Delhi,2023-12-31,Regular,Email
5655,Raj,Desai,Female,44,Delhi,Delhi,2024-04-12,Budget,Instagram
5656,Isha,Joshi,Male,41,Ahmedabad,Gujarat,2024-10-12,Regular,YouTube
5657,Sneha,Soni,Male,31,Kolkata,West Bengal,2025-04-05,Budget,YouTube
5658,Kabir,Shah,Female,52,Kolkata,West Bengal,2025-05-10,Regular,Facebook
5659,Priya,Pandya,Male,44,Jaipur,Rajasthan,2023-07-03,Budget,Instagram
5660,Vivaan,Malhotra,Male,38,Hyderabad,Telangana,2025-07-06,Regular,Email
5661,Rohan,Singh,Male,30,Vadodara,Gujarat,2023-09-29,Budget,Referral
5662,Rahul,Mehta,Female,25,Mumbai,Maharashtra,2023-07-15,Regular,Facebook
5663,Yash,Joshi,Male,51,Ahmedabad,Gujarat,2025-02-20,Regular,YouTube
5664,Aanya,Mishra,Female,59,Kolkata,West Bengal,2025-06-23,Budget,Google Ads
5665,Kavya,Verma,Female,40,Surat,Gujarat,2023-11-27,VIP,Organic Search
5666,Kavya,Patel,Male,26,Bengaluru,Karnataka,2024-09-11,Regular,Organic Search
5667,Aarav,Gupta,Male,18,Rajkot,Gujarat,2024-05-13,Regular,Email
5668,Isha,Trivedi,Female,53,Indore,Madhya Pradesh,2023-03-22,Regular,Facebook
5669,Ishaan,Pandya,Female,33,Rajkot,Gujarat,2025-05-10,Budget,Referral
5670,Dev,Mishra,Female,42,Chennai,Tamil Nadu,2025-10-14,VIP,Instagram
5671,Meera,Shah,Female,35,Indore,Madhya Pradesh,2025-11-06,Budget,Referral
5672,Krish,Reddy,Female,51,Surat,Gujarat,2023-05-06,Regular,Google Ads
5673,Simran,Soni,Male,55,Nagpur,Maharashtra,2023-05-10,Regular,Facebook
5674,Dev,Soni,Female,20,Vadodara,Gujarat,2023-08-02,Premium,Organic Search
5675,Ananya,Joshi,Male,37,Bengaluru,Karnataka,2025-08-27,Regular,Organic Search
5676,Tanya,Verma,Female,36,Ahmedabad,Gujarat,2025-12-16,Regular,Email
5677,Meera,Malhotra,Male,30,Kolkata,West Bengal,2024-08-20,Regular,Organic Search
5678,Arjun,Mehta,Female,34,Surat,Gujarat,2024-09-06,Budget,Google Ads
5679,Vivaan,Desai,Male,31,Indore,Madhya Pradesh,2024-02-27,Budget,Facebook
5680,Aryan,Mishra,Male,47,Jaipur,Rajasthan,2023-11-30,Budget,Facebook
5681,Dev,Reddy,Female,39,Surat,Gujarat,2024-11-18,Budget,Referral
5682,Tanya,Thakkar,Male,60,Nagpur,Maharashtra,2023-09-21,Budget,Email
5683,Ishaan,Pandya,Female,60,Jaipur,Rajasthan,2023-05-27,Regular,Instagram
5684,Krish,Shah,Female,46,Jaipur,Rajasthan,2023-01-12,Premium,Google Ads
5685,Karan,Sharma,Male,19,Vadodara,Gujarat,2023-02-24,VIP,Referral
5686,Sneha,Reddy,Male,25,Vadodara,Gujarat,2023-08-18,Regular,Facebook
5687,Ananya,Singh,Female,31,Rajkot,Gujarat,2025-05-10,Budget,Referral
5688,Kavya,Reddy,Female,51,Rajkot,Gujarat,2023-06-11,Premium,Referral
5689,Meera,Kumar,Female,30,Vadodara,Gujarat,2025-03-13,Premium,Referral
5690,Kavya,Parmar,Male,27,Bengaluru,Karnataka,2023-06-28,Regular,Email
5691,Ananya,Thakkar,Male,25,Nagpur,Maharashtra,2025-06-23,Budget,Facebook
5692,Tanya,Desai,Female,24,Jaipur,Rajasthan,2024-07-05,Premium,Email
5693,Neha,Gupta,Male,30,Rajkot,Gujarat,2024-12-26,Budget,Email
5694,Kabir,Soni,Male,43,Bengaluru,Karnataka,2023-10-20,Budget,Facebook
5695,Ishaan,Singh,Male,49,Mumbai,Maharashtra,2024-03-11,Premium,Referral
5696,Aryan,Joshi,Female,36,Surat,Gujarat,2024-01-31,Regular,Referral
5697,Ananya,Mishra,Female,32,Delhi,Delhi,2023-06-15,Budget,Email
5698,Aarav,Gupta,Male,19,Mumbai,Maharashtra,2025-09-20,Regular,Organic Search
5699,Aarav,Patel,Male,54,Indore,Madhya Pradesh,2025-02-22,Premium,Google Ads
5700,Meera,Pandya,Female,36,Ahmedabad,Gujarat,2025-08-14,Premium,Referral
5701,Aditya,Shah,Male,50,Rajkot,Gujarat,2024-02-05,Budget,Email
5702,Dev,Reddy,Female,56,Hyderabad,Telangana,2023-04-25,Budget,Instagram
5703,Kabir,Singh,Female,50,Bengaluru,Karnataka,2023-12-17,Regular,Organic Search
5704,Ananya,Patel,Female,18,Chennai,Tamil Nadu,2025-03-28,Premium,Instagram
5705,Dev,Gupta,Female,56,Chennai,Tamil Nadu,2025-05-25,Budget,Email
5706,Aarav,Patel,Female,45,Indore,Madhya Pradesh,2024-09-05,Regular,Organic Search
5707,Aanya,Kapoor,Female,34,Surat,Gujarat,2023-05-11,Budget,Organic Search
5708,Vivaan,Kumar,Female,23,Ahmedabad,Gujarat,2023-09-21,Budget,Google Ads
5709,Meera,Kumar,Male,37,Vadodara,Gujarat,2025-04-13,Premium,Referral
5710,Raj,Trivedi,Female,30,Lucknow,Uttar Pradesh,2023-06-30,Budget,Organic Search
5711,Kavya,Parmar,Male,29,Jaipur,Rajasthan,2023-12-15,Premium,YouTube
5712,Aarav,Mishra,Male,47,Kolkata,West Bengal,2024-04-15,Regular,YouTube
5713,Vivaan,Sharma,Male,38,Surat,Gujarat,2023-06-10,Budget,Google Ads
5714,Diya,Agarwal,Female,19,Ahmedabad,Gujarat,2023-04-24,Premium,Instagram
5715,Ananya,Shah,Male,35,Nagpur,Maharashtra,2023-01-18,Regular,Email
5716,Raj,Mishra,Female,45,Lucknow,Uttar Pradesh,2023-05-23,Regular,Facebook
5717,Diya,Shah,Female,21,Kolkata,West Bengal,2024-10-16,Premium,Email
5718,Isha,Kumar,Male,59,Pune,Maharashtra,2025-08-21,Regular,Email
5719,Priya,Desai,Male,60,Ahmedabad,Gujarat,2024-03-28,Regular,YouTube
5720,Karan,Soni,Male,23,Nagpur,Maharashtra,2024-03-26,Budget,Organic Search
5721,Neha,Mehta,Male,55,Bengaluru,Karnataka,2023-03-03,Premium,Email
5722,Simran,Reddy,Female,26,Chennai,Tamil Nadu,2024-08-18,Regular,YouTube
5723,Isha,Joshi,Male,37,Indore,Madhya Pradesh,2025-07-28,Budget,Facebook
5724,Karan,Gupta,Male,47,Vadodara,Gujarat,2023-12-30,Premium,Email
5725,Raj,Reddy,Male,54,Pune,Maharashtra,2025-12-26,Regular,Google Ads
5726,Rohan,Singh,Male,55,Rajkot,Gujarat,2023-02-16,Regular,Email
5727,Simran,Thakkar,Male,21,Delhi,Delhi,2025-08-26,Budget,Referral
5728,Isha,Joshi,Female,55,Vadodara,Gujarat,2025-04-01,Premium,Referral
5729,Aditya,Joshi,Female,30,Rajkot,Gujarat,2024-10-21,VIP,Google Ads
5730,Karan,Gupta,Female,52,Bengaluru,Karnataka,2025-01-31,Regular,YouTube
5731,Simran,Soni,Male,47,Mumbai,Maharashtra,2023-08-26,Regular,Email
5732,Isha,Trivedi,Male,59,Kolkata,West Bengal,2025-03-06,Regular,YouTube
5733,Karan,Singh,Female,21,Vadodara,Gujarat,2023-02-04,Budget,Google Ads
5734,Priya,Shah,Female,42,Mumbai,Maharashtra,2025-05-19,Regular,YouTube
5735,Aarav,Agarwal,Female,48,Indore,Madhya Pradesh,2024-05-06,Budget,Instagram
5736,Isha,Malhotra,Female,29,Lucknow,Uttar Pradesh,2023-09-15,Premium,Referral
5737,Isha,Trivedi,Male,32,Rajkot,Gujarat,2024-01-22,Budget,Google Ads
5738,Ishaan,Soni,Male,43,Hyderabad,Telangana,2023-09-27,Regular,YouTube
5739,Pooja,Mishra,Male,27,Indore,Madhya Pradesh,2025-05-16,Regular,Email
5740,Nisha,Shah,Female,29,Chennai,Tamil Nadu,2025-12-06,Budget,YouTube
5741,Aditya,Verma,Female,39,Chennai,Tamil Nadu,2024-08-28,Regular,Facebook
5742,Ananya,Joshi,Female,57,Lucknow,Uttar Pradesh,2024-11-24,Premium,Organic Search
5743,Priya,Desai,Male,38,Ahmedabad,Gujarat,2025-08-11,Regular,Google Ads
5744,Ishaan,Soni,Male,52,Kolkata,West Bengal,2024-02-15,Budget,YouTube
5745,Simran,Kapoor,Female,24,Jaipur,Rajasthan,2025-04-24,Regular,Referral
5746,Tanya,Kumar,Male,35,Indore,Madhya Pradesh,2023-05-05,Premium,Instagram
5747,Diya,Desai,Female,44,Indore,Madhya Pradesh,2023-07-31,Regular,Referral
5748,Pooja,Kumar,Female,52,Chennai,Tamil Nadu,2025-08-02,Regular,Facebook
5749,Kavya,Mishra,Female,19,Lucknow,Uttar Pradesh,2025-07-08,Budget,Google Ads
5750,Tanya,Reddy,Male,49,Kolkata,West Bengal,2023-05-15,Premium,Facebook
5751,Aryan,Patel,Female,32,Bengaluru,Karnataka,2025-02-23,Regular,Email
5752,Neha,Mehta,Female,41,Vadodara,Gujarat,2025-02-28,Regular,Instagram
5753,Neha,Parmar,Male,37,Kolkata,West Bengal,2023-11-11,Budget,Email
5754,Aarav,Trivedi,Female,27,Delhi,Delhi,2023-10-27,Budget,Referral
5755,Pooja,Desai,Female,41,Lucknow,Uttar Pradesh,2023-10-06,Regular,Referral
5756,Kavya,Sharma,Male,41,Ahmedabad,Gujarat,2024-01-09,Budget,YouTube
5757,Diya,Malhotra,Female,41,Lucknow,Uttar Pradesh,2024-12-26,Regular,Facebook
5758,Aryan,Kumar,Female,57,Lucknow,Uttar Pradesh,2023-03-03,Regular,Email
5759,Meera,Mehta,Female,51,Kolkata,West Bengal,2025-05-28,VIP,Organic Search
5760,Yash,Desai,Male,58,Nagpur,Maharashtra,2025-12-13,Budget,YouTube
5761,Meera,Patel,Female,57,Rajkot,Gujarat,2023-12-04,Budget,Instagram
5762,Kavya,Kapoor,Female,28,Vadodara,Gujarat,2025-05-26,Regular,Referral
5763,Aryan,Gupta,Female,43,Hyderabad,Telangana,2024-04-18,Budget,Email
5764,Karan,Pandya,Male,18,Jaipur,Rajasthan,2023-04-22,Budget,Facebook
5765,Krish,Thakkar,Male,47,Delhi,Delhi,2025-09-16,Regular,Email
5766,Meera,Reddy,Male,60,Kolkata,West Bengal,2023-11-20,Regular,Instagram
5767,Meera,Mishra,Female,35,Jaipur,Rajasthan,2024-09-10,Premium,YouTube
5768,Vivaan,Reddy,Male,43,Jaipur,Rajasthan,2025-03-05,VIP,Email
5769,Aryan,Reddy,Female,26,Vadodara,Gujarat,2025-06-01,Premium,Email
5770,Raj,Pandya,Male,26,Indore,Madhya Pradesh,2025-01-17,Budget,Referral
5771,Ananya,Gupta,Male,18,Indore,Madhya Pradesh,2024-01-07,Regular,Google Ads
5772,Aditya,Trivedi,Male,24,Chennai,Tamil Nadu,2024-08-18,Regular,YouTube
5773,Ishaan,Agarwal,Male,59,Vadodara,Gujarat,2024-05-22,Regular,Organic Search
5774,Priya,Trivedi,Female,33,Rajkot,Gujarat,2023-08-16,Premium,Organic Search
5775,Krish,Verma,Male,55,Surat,Gujarat,2024-08-17,Regular,Organic Search
5776,Pooja,Kumar,Female,28,Delhi,Delhi,2023-01-15,Regular,Referral
5777,Kabir,Patel,Female,42,Delhi,Delhi,2025-10-01,Budget,Google Ads
5778,Aanya,Verma,Female,46,Mumbai,Maharashtra,2025-03-23,Premium,Google Ads
5779,Meera,Reddy,Male,36,Ahmedabad,Gujarat,2023-06-30,Premium,Referral
5780,Diya,Shah,Male,35,Lucknow,Uttar Pradesh,2023-12-04,Budget,Instagram
5781,Vivaan,Mishra,Female,46,Mumbai,Maharashtra,2025-07-14,Budget,Instagram
5782,Kabir,Trivedi,Male,33,Pune,Maharashtra,2023-03-19,Budget,Facebook
5783,Kavya,Kapoor,Female,57,Ahmedabad,Gujarat,2023-08-17,Budget,Referral
5784,Rahul,Kapoor,Male,25,Surat,Gujarat,2025-11-19,Regular,YouTube
5785,Yash,Agarwal,Male,51,Bengaluru,Karnataka,2024-01-09,Budget,YouTube
5786,Ananya,Trivedi,Female,23,Rajkot,Gujarat,2023-06-04,Premium,Instagram
5787,Pooja,Desai,Male,47,Surat,Gujarat,2025-03-27,Premium,Instagram
5788,Kabir,Sharma,Female,51,Surat,Gujarat,2024-03-23,Regular,Google Ads
5789,Arjun,Shah,Female,38,Ahmedabad,Gujarat,2025-05-18,Regular,Instagram
5790,Ananya,Malhotra,Male,29,Vadodara,Gujarat,2024-03-22,Regular,Organic Search
5791,Tanya,Soni,Male,23,Surat,Gujarat,2024-03-07,Budget,Email
5792,Riya,Pandya,Male,56,Kolkata,West Bengal,2025-02-05,Budget,YouTube
5793,Pooja,Mishra,Female,23,Vadodara,Gujarat,2025-03-08,Regular,Facebook
5794,Isha,Patel,Male,21,Pune,Maharashtra,2025-09-14,Premium,Google Ads
5795,Raj,Thakkar,Male,26,Surat,Gujarat,2024-07-02,Premium,Email
5796,Aanya,Malhotra,Male,22,Bengaluru,Karnataka,2025-12-13,Premium,Instagram
5797,Vivaan,Reddy,Male,27,Delhi,Delhi,2024-04-13,Regular,Facebook
5798,Raj,Malhotra,Female,25,Jaipur,Rajasthan,2024-01-04,Premium,Instagram
5799,Raj,Pandya,Male,40,Hyderabad,Telangana,2025-05-03,Regular,Referral
5800,Kavya,Kapoor,Female,21,Vadodara,Gujarat,2025-09-10,Budget,Email
5801,Ananya,Desai,Male,54,Ahmedabad,Gujarat,2024-12-25,Regular,Referral
5802,Riya,Reddy,Male,24,Indore,Madhya Pradesh,2025-09-08,Premium,Organic Search
5803,Nisha,Soni,Male,23,Kolkata,West Bengal,2024-08-20,Budget,Referral
5804,Dev,Desai,Female,59,Surat,Gujarat,2024-02-18,Budget,Facebook
5805,Aditya,Gupta,Female,32,Mumbai,Maharashtra,2023-04-03,Budget,Referral
5806,Meera,Parmar,Male,52,Lucknow,Uttar Pradesh,2025-08-22,Budget,Instagram
5807,Aditya,Trivedi,Female,49,Jaipur,Rajasthan,2024-07-14,Budget,Email
5808,Kavya,Patel,Female,31,Rajkot,Gujarat,2025-11-28,Regular,Email
5809,Krish,Agarwal,Male,52,Chennai,Tamil Nadu,2024-06-29,Premium,Facebook
5810,Kabir,Kapoor,Male,28,Delhi,Delhi,2025-02-16,Premium,Referral
5811,Nisha,Verma,Male,27,Bengaluru,Karnataka,2025-10-29,Premium,Referral
5812,Sneha,Kapoor,Male,34,Delhi,Delhi,2023-07-07,Budget,Email
5813,Arjun,Patel,Male,30,Hyderabad,Telangana,2024-08-30,Budget,Instagram
5814,Nisha,Agarwal,Male,51,Jaipur,Rajasthan,2024-10-06,Budget,Facebook
5815,Tanya,Parmar,Female,22,Surat,Gujarat,2024-11-05,Premium,Referral
5816,Riya,Shah,Male,27,Jaipur,Rajasthan,2023-05-19,Budget,Referral
5817,Ishaan,Soni,Male,49,Ahmedabad,Gujarat,2023-10-25,Regular,Google Ads
5818,Simran,Kapoor,Male,29,Surat,Gujarat,2023-06-28,Budget,Email
5819,Ishaan,Verma,Male,30,Hyderabad,Telangana,2023-08-06,Budget,Instagram
5820,Nisha,Mehta,Female,38,Ahmedabad,Gujarat,2023-09-24,Budget,Facebook
5821,Ishaan,Joshi,Female,50,Rajkot,Gujarat,2024-08-13,Regular,Referral
5822,Vivaan,Desai,Female,58,Bengaluru,Karnataka,2024-11-09,Budget,Google Ads
5823,Isha,Verma,Male,49,Chennai,Tamil Nadu,2024-09-07,Budget,Google Ads
5824,Aryan,Desai,Male,29,Bengaluru,Karnataka,2025-04-29,Regular,YouTube
5825,Tanya,Desai,Female,52,Jaipur,Rajasthan,2024-12-27,Regular,Referral
5826,Tanya,Parmar,Female,53,Indore,Madhya Pradesh,2023-03-16,Regular,YouTube
5827,Vivaan,Sharma,Male,55,Surat,Gujarat,2025-01-06,Premium,Referral
5828,Neha,Thakkar,Male,45,Pune,Maharashtra,2023-12-02,Regular,Facebook
5829,Ananya,Sharma,Male,30,Indore,Madhya Pradesh,2025-03-14,Budget,Email
5830,Diya,Mehta,Male,29,Jaipur,Rajasthan,2025-05-04,Regular,Referral
5831,Pooja,Verma,Male,39,Ahmedabad,Gujarat,2023-12-29,Regular,Instagram
5832,Arjun,Shah,Female,19,Lucknow,Uttar Pradesh,2023-07-09,Premium,Email
5833,Kabir,Shah,Male,46,Vadodara,Gujarat,2023-03-11,Premium,Instagram
5834,Aryan,Kapoor,Female,30,Indore,Madhya Pradesh,2024-06-05,Premium,Instagram
5835,Simran,Desai,Male,52,Bengaluru,Karnataka,2025-09-09,Regular,YouTube
5836,Simran,Singh,Female,30,Chennai,Tamil Nadu,2024-05-31,Budget,YouTube
5837,Rohan,Kapoor,Female,51,Lucknow,Uttar Pradesh,2023-01-28,Premium,Email
5838,Diya,Parmar,Female,36,Mumbai,Maharashtra,2025-06-23,Regular,Facebook
5839,Raj,Desai,Male,26,Nagpur,Maharashtra,2023-04-02,Premium,Instagram
5840,Karan,Agarwal,Male,48,Jaipur,Rajasthan,2023-12-29,VIP,YouTube
5841,Simran,Shah,Male,50,Delhi,Delhi,2023-02-07,Regular,Facebook
5842,Riya,Desai,Female,44,Bengaluru,Karnataka,2024-10-25,Regular,YouTube
5843,Isha,Gupta,Female,19,Vadodara,Gujarat,2024-12-04,Regular,Instagram
5844,Aditya,Malhotra,Male,32,Indore,Madhya Pradesh,2024-05-05,Budget,Google Ads
5845,Rohan,Reddy,Female,36,Nagpur,Maharashtra,2023-05-24,Regular,YouTube
5846,Meera,Mehta,Female,48,Nagpur,Maharashtra,2025-04-13,Regular,Facebook
5847,Yash,Kumar,Female,33,Bengaluru,Karnataka,2025-12-05,Budget,Organic Search
5848,Nisha,Malhotra,Female,60,Kolkata,West Bengal,2023-05-18,Regular,Organic Search
5849,Karan,Mehta,Male,32,Mumbai,Maharashtra,2024-05-04,Regular,Email
5850,Tanya,Kapoor,Female,23,Pune,Maharashtra,2024-02-06,Premium,Organic Search
5851,Aryan,Patel,Male,31,Mumbai,Maharashtra,2024-08-24,Premium,Email
5852,Tanya,Parmar,Female,44,Vadodara,Gujarat,2024-12-24,Budget,Instagram
5853,Rahul,Thakkar,Female,55,Hyderabad,Telangana,2024-11-11,Premium,Referral
5854,Simran,Reddy,Male,36,Jaipur,Rajasthan,2025-07-20,Regular,Google Ads
5855,Isha,Patel,Female,54,Vadodara,Gujarat,2024-09-16,Regular,Organic Search
5856,Diya,Trivedi,Male,60,Jaipur,Rajasthan,2023-12-07,Premium,Organic Search
5857,Sneha,Mehta,Male,21,Indore,Madhya Pradesh,2023-10-29,Budget,YouTube
5858,Aditya,Singh,Male,43,Ahmedabad,Gujarat,2023-04-28,Regular,Referral
5859,Priya,Agarwal,Male,26,Bengaluru,Karnataka,2023-05-31,Regular,YouTube
5860,Simran,Gupta,Male,58,Bengaluru,Karnataka,2024-08-29,Premium,Organic Search
5861,Arjun,Kumar,Male,57,Ahmedabad,Gujarat,2025-02-10,Regular,Google Ads
5862,Dev,Malhotra,Male,32,Surat,Gujarat,2025-09-23,Premium,Instagram
5863,Rohan,Mehta,Female,58,Mumbai,Maharashtra,2024-03-12,Budget,Instagram
5864,Priya,Agarwal,Male,54,Hyderabad,Telangana,2024-09-23,Regular,Facebook
5865,Kavya,Reddy,Female,21,Surat,Gujarat,2023-12-28,Regular,Facebook
5866,Dev,Joshi,Female,43,Nagpur,Maharashtra,2023-04-06,Regular,Organic Search
5867,Yash,Sharma,Female,35,Delhi,Delhi,2023-10-19,Regular,Facebook
5868,Dev,Gupta,Male,58,Jaipur,Rajasthan,2023-01-27,Regular,Organic Search
5869,Raj,Pandya,Male,52,Delhi,Delhi,2025-03-31,Budget,Instagram
5870,Ishaan,Verma,Female,58,Delhi,Delhi,2023-11-01,Budget,YouTube
5871,Kavya,Reddy,Male,58,Nagpur,Maharashtra,2024-12-23,Budget,Email
5872,Diya,Soni,Female,46,Jaipur,Rajasthan,2025-05-19,Premium,Instagram
5873,Kabir,Patel,Female,41,Delhi,Delhi,2025-02-07,Premium,Google Ads
5874,Kabir,Singh,Female,21,Hyderabad,Telangana,2025-09-12,Premium,Email
5875,Nisha,Thakkar,Male,38,Hyderabad,Telangana,2025-07-30,Premium,Instagram
5876,Pooja,Gupta,Female,56,Ahmedabad,Gujarat,2023-07-24,Budget,Referral
5877,Kabir,Verma,Male,24,Lucknow,Uttar Pradesh,2025-05-16,Regular,Organic Search
5878,Raj,Shah,Female,40,Lucknow,Uttar Pradesh,2025-10-11,Premium,Instagram
5879,Nisha,Desai,Male,57,Chennai,Tamil Nadu,2024-07-31,Premium,Facebook
5880,Vivaan,Reddy,Female,38,Jaipur,Rajasthan,2024-10-23,Budget,YouTube
5881,Yash,Thakkar,Male,18,Jaipur,Rajasthan,2024-11-09,Regular,Referral
5882,Dev,Trivedi,Female,58,Jaipur,Rajasthan,2023-08-08,Budget,YouTube
5883,Yash,Patel,Male,42,Mumbai,Maharashtra,2023-10-27,Budget,Email
5884,Ishaan,Kumar,Male,48,Ahmedabad,Gujarat,2023-09-15,Regular,Instagram
5885,Ananya,Pandya,Male,55,Hyderabad,Telangana,2024-12-15,Premium,Facebook
5886,Diya,Kumar,Female,22,Hyderabad,Telangana,2023-08-28,Regular,Referral
5887,Isha,Pandya,Female,48,Bengaluru,Karnataka,2023-08-06,Regular,Google Ads
5888,Simran,Verma,Female,18,Lucknow,Uttar Pradesh,2024-04-09,Regular,Instagram
5889,Vivaan,Malhotra,Male,47,Kolkata,West Bengal,2023-07-14,Premium,Facebook
5890,Aanya,Gupta,Male,35,Pune,Maharashtra,2023-09-27,Budget,Google Ads
5891,Yash,Malhotra,Female,25,Chennai,Tamil Nadu,2024-07-16,Regular,Google Ads
5892,Meera,Sharma,Female,43,Jaipur,Rajasthan,2023-12-22,Budget,Email
5893,Simran,Soni,Male,57,Lucknow,Uttar Pradesh,2024-06-23,Regular,YouTube
5894,Sneha,Mishra,Female,32,Ahmedabad,Gujarat,2024-04-20,Budget,YouTube
5895,Aanya,Mishra,Male,36,Jaipur,Rajasthan,2024-07-18,Premium,Email
5896,Isha,Shah,Male,27,Lucknow,Uttar Pradesh,2023-11-04,Budget,Instagram
5897,Rahul,Soni,Male,41,Lucknow,Uttar Pradesh,2024-09-19,Budget,Organic Search
5898,Pooja,Parmar,Female,33,Bengaluru,Karnataka,2024-02-13,Regular,Referral
5899,Ananya,Parmar,Male,60,Chennai,Tamil Nadu,2024-06-04,Regular,Facebook
5900,Aditya,Parmar,Female,48,Rajkot,Gujarat,2024-04-29,Regular,Referral
5901,Rahul,Mishra,Male,33,Bengaluru,Karnataka,2024-11-24,Budget,Referral
5902,Aditya,Patel,Female,33,Bengaluru,Karnataka,2025-07-18,Budget,YouTube
5903,Aarav,Malhotra,Female,45,Lucknow,Uttar Pradesh,2024-10-12,Premium,Referral
5904,Raj,Parmar,Male,37,Nagpur,Maharashtra,2025-03-07,Regular,Email
5905,Tanya,Desai,Male,52,Indore,Madhya Pradesh,2023-04-21,Premium,YouTube
5906,Priya,Mehta,Male,26,Nagpur,Maharashtra,2024-08-26,Regular,YouTube
5907,Simran,Sharma,Male,57,Bengaluru,Karnataka,2023-08-08,Premium,YouTube
5908,Krish,Desai,Female,27,Hyderabad,Telangana,2025-10-25,Regular,Instagram
5909,Raj,Mehta,Female,35,Pune,Maharashtra,2024-10-30,Regular,Email
5910,Nisha,Parmar,Female,32,Mumbai,Maharashtra,2025-06-13,Premium,YouTube
5911,Arjun,Singh,Female,47,Jaipur,Rajasthan,2024-05-27,Budget,Organic Search
5912,Karan,Gupta,Female,49,Rajkot,Gujarat,2023-04-29,Regular,YouTube
5913,Kavya,Desai,Male,57,Hyderabad,Telangana,2024-01-20,Regular,Email
5914,Dev,Soni,Male,44,Surat,Gujarat,2023-09-17,Regular,Google Ads
5915,Karan,Kumar,Female,44,Hyderabad,Telangana,2023-05-14,Regular,Referral
5916,Priya,Sharma,Male,36,Jaipur,Rajasthan,2023-04-12,Budget,Instagram
5917,Ananya,Pandya,Male,27,Ahmedabad,Gujarat,2024-01-20,Budget,Instagram
5918,Ananya,Parmar,Male,23,Chennai,Tamil Nadu,2024-03-30,Budget,Organic Search
5919,Arjun,Joshi,Male,41,Delhi,Delhi,2025-12-21,Premium,Referral
5920,Sneha,Parmar,Male,26,Bengaluru,Karnataka,2025-08-17,Premium,Facebook
5921,Sneha,Parmar,Male,44,Ahmedabad,Gujarat,2025-06-19,Budget,Facebook
5922,Rahul,Mishra,Female,24,Delhi,Delhi,2024-07-19,Budget,Referral
5923,Neha,Agarwal,Male,23,Indore,Madhya Pradesh,2023-01-07,Budget,Google Ads
5924,Riya,Kapoor,Male,50,Indore,Madhya Pradesh,2025-05-17,Budget,Organic Search
5925,Simran,Kumar,Female,38,Indore,Madhya Pradesh,2024-05-29,Regular,Facebook
5926,Rohan,Patel,Female,55,Chennai,Tamil Nadu,2023-11-28,Budget,YouTube
5927,Riya,Kapoor,Female,34,Indore,Madhya Pradesh,2024-03-20,Premium,YouTube
5928,Yash,Sharma,Male,48,Hyderabad,Telangana,2023-12-01,Regular,Referral
5929,Aarav,Kumar,Female,54,Lucknow,Uttar Pradesh,2024-10-22,Budget,Facebook
5930,Tanya,Parmar,Male,28,Ahmedabad,Gujarat,2023-10-15,Regular,Referral
5931,Kabir,Sharma,Female,45,Nagpur,Maharashtra,2025-11-01,Regular,Instagram
5932,Aarav,Agarwal,Male,22,Jaipur,Rajasthan,2025-09-23,Budget,Google Ads
5933,Rohan,Desai,Male,29,Bengaluru,Karnataka,2023-06-22,Regular,YouTube
5934,Kavya,Desai,Female,20,Chennai,Tamil Nadu,2023-11-17,Budget,Google Ads
5935,Rahul,Patel,Male,58,Bengaluru,Karnataka,2025-12-04,Budget,Facebook
5936,Priya,Verma,Male,55,Chennai,Tamil Nadu,2023-07-30,Budget,Email
5937,Aditya,Sharma,Male,19,Pune,Maharashtra,2025-06-25,Premium,Referral
5938,Ananya,Kapoor,Male,43,Ahmedabad,Gujarat,2025-01-06,Regular,Referral
5939,Rohan,Gupta,Female,19,Nagpur,Maharashtra,2024-02-21,Regular,Organic Search
5940,Tanya,Malhotra,Female,29,Bengaluru,Karnataka,2023-09-21,Premium,Google Ads
5941,Neha,Pandya,Female,57,Nagpur,Maharashtra,2023-10-28,Budget,Google Ads
5942,Krish,Reddy,Male,19,Delhi,Delhi,2023-04-14,Premium,Facebook
5943,Aanya,Thakkar,Female,58,Hyderabad,Telangana,2025-09-13,Regular,Organic Search
5944,Diya,Mishra,Female,33,Hyderabad,Telangana,2023-08-09,Regular,Facebook
5945,Rahul,Sharma,Male,47,Ahmedabad,Gujarat,2023-11-30,Premium,YouTube
5946,Pooja,Singh,Female,53,Indore,Madhya Pradesh,2024-02-22,Regular,Organic Search
5947,Neha,Singh,Female,21,Indore,Madhya Pradesh,2024-09-26,Premium,Email
5948,Krish,Patel,Female,28,Rajkot,Gujarat,2025-08-18,Premium,Organic Search
5949,Nisha,Kapoor,Male,41,Mumbai,Maharashtra,2024-03-11,Budget,Email
5950,Neha,Mishra,Female,35,Lucknow,Uttar Pradesh,2024-01-29,Budget,Google Ads
5951,Kabir,Desai,Female,44,Vadodara,Gujarat,2025-01-03,Budget,Email
5952,Karan,Gupta,Female,54,Mumbai,Maharashtra,2023-02-12,Budget,Facebook
5953,Kabir,Mishra,Male,19,Vadodara,Gujarat,2023-07-29,Regular,Referral
5954,Raj,Gupta,Male,32,Surat,Gujarat,2025-08-23,Budget,Organic Search
5955,Rahul,Mishra,Female,28,Indore,Madhya Pradesh,2023-01-11,Regular,Facebook
5956,Aanya,Joshi,Female,44,Bengaluru,Karnataka,2023-08-04,Premium,Facebook
5957,Vivaan,Kapoor,Female,40,Lucknow,Uttar Pradesh,2023-08-13,Premium,Organic Search
5958,Kabir,Joshi,Male,52,Jaipur,Rajasthan,2024-10-19,Budget,Google Ads
5959,Ishaan,Gupta,Male,47,Rajkot,Gujarat,2025-02-11,Budget,Instagram
5960,Aarav,Verma,Female,41,Mumbai,Maharashtra,2023-01-16,Budget,Facebook
5961,Kavya,Sharma,Female,36,Rajkot,Gujarat,2025-10-29,Premium,Email
5962,Rahul,Verma,Male,46,Kolkata,West Bengal,2024-05-28,Regular,Organic Search
5963,Diya,Mehta,Male,30,Rajkot,Gujarat,2023-10-20,VIP,Email
5964,Nisha,Malhotra,Female,40,Vadodara,Gujarat,2023-02-27,Premium,Facebook
5965,Riya,Verma,Male,29,Ahmedabad,Gujarat,2025-09-11,Premium,Referral
5966,Yash,Shah,Female,58,Vadodara,Gujarat,2025-04-30,Budget,Instagram
5967,Ishaan,Sharma,Female,46,Kolkata,West Bengal,2024-10-09,Regular,Google Ads
5968,Nisha,Thakkar,Male,23,Delhi,Delhi,2024-04-05,VIP,Facebook
5969,Dev,Patel,Female,40,Indore,Madhya Pradesh,2025-08-26,Budget,Google Ads
5970,Aditya,Kapoor,Female,48,Nagpur,Maharashtra,2024-11-22,Regular,Organic Search
5971,Raj,Pandya,Female,38,Pune,Maharashtra,2023-10-17,Regular,Organic Search
5972,Nisha,Malhotra,Female,41,Ahmedabad,Gujarat,2025-07-08,Regular,Instagram
5973,Aditya,Kapoor,Female,25,Ahmedabad,Gujarat,2023-09-06,Premium,Facebook
5974,Ananya,Thakkar,Female,26,Hyderabad,Telangana,2025-01-02,Regular,Referral
5975,Diya,Thakkar,Female,39,Delhi,Delhi,2024-06-08,Premium,Facebook
5976,Raj,Trivedi,Male,21,Kolkata,West Bengal,2024-12-05,Regular,Facebook
5977,Isha,Thakkar,Male,30,Bengaluru,Karnataka,2025-02-10,Regular,YouTube
5978,Aditya,Agarwal,Female,51,Hyderabad,Telangana,2024-07-29,Premium,Organic Search
5979,Riya,Soni,Male,20,Lucknow,Uttar Pradesh,2025-04-21,VIP,Facebook
5980,Ishaan,Thakkar,Female,54,Surat,Gujarat,2025-01-13,VIP,Facebook
5981,Nisha,Shah,Female,45,Vadodara,Gujarat,2023-06-16,Premium,Referral
5982,Priya,Thakkar,Male,43,Jaipur,Rajasthan,2023-09-06,Regular,Instagram
5983,Meera,Sharma,Female,51,Indore,Madhya Pradesh,2023-12-06,Budget,Instagram
5984,Kavya,Kumar,Female,32,Kolkata,West Bengal,2023-04-19,Budget,YouTube
5985,Ishaan,Joshi,Male,25,Bengaluru,Karnataka,2025-04-09,Budget,Facebook
5986,Tanya,Trivedi,Male,52,Surat,Gujarat,2024-02-21,Regular,Email
5987,Diya,Kumar,Male,41,Kolkata,West Bengal,2024-03-01,Budget,Google Ads
5988,Priya,Verma,Male,54,Nagpur,Maharashtra,2025-12-03,Budget,Referral
5989,Aditya,Singh,Male,21,Chennai,Tamil Nadu,2023-12-08,Budget,Facebook
5990,Kavya,Reddy,Male,29,Pune,Maharashtra,2025-09-29,Regular,Referral
5991,Rahul,Singh,Female,36,Chennai,Tamil Nadu,2023-07-20,Budget,Organic Search
5992,Krish,Mishra,Male,32,Chennai,Tamil Nadu,2024-01-13,Regular,YouTube
5993,Neha,Pandya,Male,47,Indore,Madhya Pradesh,2024-04-02,Regular,Email
5994,Aanya,Singh,Female,54,Lucknow,Uttar Pradesh,2025-09-17,Regular,Instagram
5995,Isha,Thakkar,Female,29,Surat,Gujarat,2025-06-19,Premium,Google Ads
5996,Arjun,Soni,Male,36,Mumbai,Maharashtra,2024-09-23,Budget,YouTube
5997,Sneha,Trivedi,Female,51,Chennai,Tamil Nadu,2025-11-17,VIP,Instagram
5998,Ananya,Soni,Female,24,Delhi,Delhi,2024-06-23,Regular,Organic Search
5999,Ishaan,Agarwal,Female,45,Kolkata,West Bengal,2023-07-14,Budget,Facebook
6000,Simran,Joshi,Female,45,Kolkata,West Bengal,2025-02-10,Regular,YouTube
6001,Aditya,Mehta,Female,46,Jaipur,Rajasthan,2025-05-21,Premium,Facebook
6002,Aditya,Malhotra,Female,54,Rajkot,Gujarat,2024-11-19,Regular,YouTube
6003,Diya,Patel,Female,37,Bengaluru,Karnataka,2023-05-08,Budget,YouTube
6004,Rohan,Mishra,Male,28,Surat,Gujarat,2023-04-16,Premium,Facebook
6005,Priya,Verma,Female,56,Delhi,Delhi,2023-12-18,Premium,YouTube
6006,Dev,Trivedi,Male,59,Jaipur,Rajasthan,2025-04-13,Regular,Organic Search
6007,Meera,Parmar,Female,40,Jaipur,Rajasthan,2023-11-10,Premium,Referral
6008,Pooja,Thakkar,Female,37,Mumbai,Maharashtra,2025-09-27,Premium,Instagram
6009,Arjun,Gupta,Male,37,Hyderabad,Telangana,2024-01-19,Budget,Organic Search
6010,Meera,Malhotra,Female,28,Delhi,Delhi,2025-09-28,Regular,Referral
6011,Ishaan,Gupta,Female,19,Pune,Maharashtra,2023-01-17,Premium,Referral
6012,Vivaan,Gupta,Male,30,Mumbai,Maharashtra,2025-12-25,Budget,Instagram
6013,Dev,Kapoor,Female,30,Nagpur,Maharashtra,2025-06-04,Budget,Google Ads
6014,Ishaan,Agarwal,Female,58,Bengaluru,Karnataka,2023-03-12,Budget,Google Ads
6015,Pooja,Trivedi,Male,32,Rajkot,Gujarat,2025-12-20,Budget,YouTube
6016,Riya,Mishra,Male,48,Delhi,Delhi,2024-03-19,Budget,Instagram
6017,Diya,Gupta,Female,40,Mumbai,Maharashtra,2025-08-26,Premium,Referral
6018,Meera,Malhotra,Male,39,Hyderabad,Telangana,2024-04-27,Premium,Facebook
6019,Sneha,Sharma,Female,33,Rajkot,Gujarat,2024-05-31,Budget,YouTube
6020,Neha,Shah,Female,59,Delhi,Delhi,2023-11-13,Regular,Referral
6021,Ishaan,Shah,Male,46,Bengaluru,Karnataka,2025-11-10,Regular,Organic Search
6022,Krish,Joshi,Male,37,Hyderabad,Telangana,2024-11-28,Budget,Facebook
6023,Vivaan,Gupta,Male,45,Vadodara,Gujarat,2024-12-21,Budget,Email
6024,Sneha,Reddy,Male,44,Lucknow,Uttar Pradesh,2023-08-19,Budget,Google Ads
6025,Tanya,Desai,Female,46,Vadodara,Gujarat,2025-05-13,Regular,YouTube
6026,Rohan,Mishra,Male,22,Nagpur,Maharashtra,2024-07-16,Regular,YouTube
6027,Nisha,Verma,Male,59,Pune,Maharashtra,2025-02-07,Budget,Facebook
6028,Rohan,Malhotra,Female,55,Bengaluru,Karnataka,2025-03-18,Budget,Organic Search
6029,Meera,Desai,Female,55,Lucknow,Uttar Pradesh,2024-06-13,Premium,Google Ads
6030,Priya,Desai,Female,19,Indore,Madhya Pradesh,2023-10-17,Premium,Facebook
6031,Yash,Parmar,Female,37,Vadodara,Gujarat,2023-04-10,Regular,Facebook
6032,Aanya,Kumar,Female,60,Bengaluru,Karnataka,2023-05-29,Premium,Google Ads
6033,Arjun,Pandya,Female,30,Mumbai,Maharashtra,2024-01-30,Budget,Organic Search
6034,Kavya,Mehta,Female,43,Vadodara,Gujarat,2024-01-11,Regular,Organic Search
6035,Isha,Mehta,Female,52,Lucknow,Uttar Pradesh,2023-04-12,Regular,Email
6036,Dev,Reddy,Female,25,Surat,Gujarat,2025-02-20,Regular,Instagram
6037,Riya,Desai,Male,45,Lucknow,Uttar Pradesh,2023-04-02,Premium,Referral
6038,Rahul,Desai,Male,58,Bengaluru,Karnataka,2024-02-15,Premium,Instagram
6039,Pooja,Verma,Female,32,Vadodara,Gujarat,2024-02-10,Budget,Email
6040,Krish,Malhotra,Male,25,Kolkata,West Bengal,2023-01-21,Budget,Google Ads
6041,Ishaan,Pandya,Female,28,Pune,Maharashtra,2024-09-23,Regular,YouTube
6042,Ishaan,Soni,Female,46,Indore,Madhya Pradesh,2023-01-19,Premium,Google Ads
6043,Aanya,Agarwal,Female,22,Indore,Madhya Pradesh,2023-06-02,Budget,Referral
6044,Nisha,Desai,Female,24,Nagpur,Maharashtra,2023-10-28,Regular,Facebook
6045,Sneha,Trivedi,Male,35,Indore,Madhya Pradesh,2024-02-17,Premium,Referral
6046,Kavya,Gupta,Male,45,Rajkot,Gujarat,2023-07-21,Budget,Google Ads
6047,Aanya,Thakkar,Female,29,Surat,Gujarat,2023-05-19,Premium,Instagram
6048,Neha,Pandya,Male,29,Surat,Gujarat,2023-01-24,Budget,YouTube
6049,Sneha,Joshi,Male,53,Kolkata,West Bengal,2023-01-12,Regular,Referral
6050,Ishaan,Desai,Female,46,Hyderabad,Telangana,2023-05-15,Premium,Email
6051,Priya,Reddy,Female,28,Vadodara,Gujarat,2025-07-24,Regular,Google Ads
6052,Yash,Kumar,Male,23,Surat,Gujarat,2023-03-22,Budget,YouTube
6053,Rohan,Agarwal,Male,38,Pune,Maharashtra,2025-12-29,Premium,Referral
6054,Sneha,Soni,Female,27,Bengaluru,Karnataka,2024-08-13,Budget,YouTube
6055,Aryan,Trivedi,Female,49,Surat,Gujarat,2025-09-18,Regular,Instagram
6056,Nisha,Soni,Male,50,Jaipur,Rajasthan,2024-12-11,Regular,Facebook
6057,Pooja,Gupta,Female,34,Surat,Gujarat,2025-03-07,Regular,Organic Search
6058,Aryan,Shah,Female,20,Indore,Madhya Pradesh,2024-12-31,Regular,YouTube
6059,Kavya,Mehta,Female,60,Pune,Maharashtra,2023-10-04,Regular,YouTube
6060,Dev,Gupta,Male,35,Surat,Gujarat,2023-02-18,Budget,Google Ads
6061,Kavya,Thakkar,Male,27,Nagpur,Maharashtra,2024-09-01,Regular,Email
6062,Meera,Mishra,Female,58,Rajkot,Gujarat,2023-10-20,Budget,Google Ads
6063,Aarav,Kapoor,Male,56,Hyderabad,Telangana,2025-11-10,Budget,Instagram
6064,Karan,Soni,Female,60,Nagpur,Maharashtra,2024-04-16,Regular,YouTube
6065,Arjun,Thakkar,Male,25,Chennai,Tamil Nadu,2023-08-18,Regular,Facebook
6066,Aarav,Sharma,Male,51,Rajkot,Gujarat,2025-04-17,Budget,YouTube
6067,Ananya,Parmar,Male,54,Vadodara,Gujarat,2023-12-23,Regular,Facebook
6068,Kabir,Reddy,Female,58,Rajkot,Gujarat,2024-06-24,Regular,Organic Search
6069,Yash,Kapoor,Female,50,Lucknow,Uttar Pradesh,2025-04-06,Regular,Facebook
6070,Kavya,Patel,Female,27,Ahmedabad,Gujarat,2025-07-24,Regular,Organic Search
6071,Kavya,Shah,Male,57,Jaipur,Rajasthan,2025-11-10,VIP,Referral
6072,Aanya,Pandya,Female,35,Vadodara,Gujarat,2025-03-24,Regular,Referral
6073,Ananya,Soni,Female,42,Kolkata,West Bengal,2024-10-06,Premium,Organic Search
6074,Isha,Verma,Female,59,Vadodara,Gujarat,2024-06-10,Budget,Facebook
6075,Krish,Mehta,Female,58,Rajkot,Gujarat,2025-10-18,Premium,Email
6076,Krish,Desai,Male,53,Nagpur,Maharashtra,2024-09-14,Regular,Google Ads
6077,Aanya,Mishra,Female,19,Pune,Maharashtra,2025-04-30,Regular,Organic Search
6078,Riya,Gupta,Female,36,Delhi,Delhi,2024-02-28,Premium,Referral
6079,Aanya,Gupta,Male,27,Pune,Maharashtra,2024-09-14,Budget,Organic Search
6080,Diya,Soni,Female,20,Pune,Maharashtra,2023-01-04,Regular,Instagram
6081,Aarav,Gupta,Male,36,Jaipur,Rajasthan,2024-04-13,Budget,Referral
6082,Sneha,Malhotra,Male,43,Chennai,Tamil Nadu,2024-10-25,Regular,Email
6083,Nisha,Mishra,Male,42,Lucknow,Uttar Pradesh,2025-06-05,Premium,Email
6084,Ishaan,Agarwal,Female,34,Mumbai,Maharashtra,2024-06-21,Regular,Facebook
6085,Ananya,Patel,Male,27,Pune,Maharashtra,2023-12-26,Regular,Email
6086,Yash,Kapoor,Male,28,Jaipur,Rajasthan,2024-06-03,Regular,Instagram
6087,Kabir,Desai,Male,28,Indore,Madhya Pradesh,2023-03-09,Budget,Instagram
6088,Kavya,Patel,Female,29,Rajkot,Gujarat,2024-11-25,Budget,Organic Search
6089,Riya,Verma,Male,57,Lucknow,Uttar Pradesh,2023-03-26,Regular,YouTube
6090,Rahul,Parmar,Male,25,Mumbai,Maharashtra,2023-03-20,Regular,Email
6091,Aditya,Kapoor,Male,41,Kolkata,West Bengal,2023-01-20,Regular,Referral
6092,Tanya,Kumar,Female,31,Vadodara,Gujarat,2023-06-05,Budget,YouTube
6093,Neha,Kapoor,Male,40,Delhi,Delhi,2025-05-29,Regular,Referral
6094,Simran,Reddy,Male,53,Bengaluru,Karnataka,2025-07-27,Premium,Instagram
6095,Raj,Agarwal,Female,34,Mumbai,Maharashtra,2023-01-28,Budget,Organic Search
6096,Raj,Desai,Female,22,Jaipur,Rajasthan,2024-09-01,Regular,Organic Search
6097,Vivaan,Soni,Female,20,Hyderabad,Telangana,2025-08-31,Regular,Email
6098,Rohan,Shah,Male,26,Nagpur,Maharashtra,2024-02-23,Premium,Facebook
6099,Isha,Reddy,Male,37,Jaipur,Rajasthan,2023-01-22,Regular,Facebook
6100,Rahul,Sharma,Male,37,Indore,Madhya Pradesh,2023-09-18,Regular,Email
6101,Vivaan,Verma,Male,36,Nagpur,Maharashtra,2023-03-01,Premium,Referral
6102,Arjun,Gupta,Female,38,Rajkot,Gujarat,2025-07-25,Budget,YouTube
6103,Kavya,Patel,Male,33,Lucknow,Uttar Pradesh,2023-06-12,Regular,YouTube
6104,Simran,Trivedi,Female,50,Lucknow,Uttar Pradesh,2023-12-20,Regular,Organic Search
6105,Ishaan,Soni,Male,22,Kolkata,West Bengal,2023-07-15,Regular,Facebook
6106,Kabir,Mishra,Male,41,Vadodara,Gujarat,2025-12-04,Budget,YouTube
6107,Yash,Joshi,Male,32,Jaipur,Rajasthan,2024-09-16,Budget,Facebook
6108,Kabir,Singh,Female,43,Pune,Maharashtra,2025-06-23,Budget,Google Ads
6109,Ishaan,Reddy,Female,42,Hyderabad,Telangana,2023-06-28,Regular,Facebook
6110,Kavya,Trivedi,Female,45,Chennai,Tamil Nadu,2023-11-21,Premium,Organic Search
6111,Riya,Desai,Female,50,Pune,Maharashtra,2024-01-05,Budget,Google Ads
6112,Kabir,Mehta,Male,35,Ahmedabad,Gujarat,2024-07-21,Budget,Email
6113,Kabir,Malhotra,Male,35,Jaipur,Rajasthan,2025-02-17,VIP,Google Ads
6114,Simran,Sharma,Male,55,Mumbai,Maharashtra,2025-07-14,Regular,Instagram
6115,Isha,Desai,Male,50,Chennai,Tamil Nadu,2023-04-25,Premium,Referral
6116,Riya,Parmar,Male,44,Vadodara,Gujarat,2023-12-23,Budget,YouTube
6117,Riya,Thakkar,Female,32,Kolkata,West Bengal,2023-04-25,Premium,Google Ads
6118,Sneha,Joshi,Female,30,Nagpur,Maharashtra,2025-03-08,Premium,Instagram
6119,Diya,Mehta,Male,51,Kolkata,West Bengal,2023-11-19,Budget,Organic Search
6120,Krish,Gupta,Male,21,Ahmedabad,Gujarat,2023-02-11,Budget,Instagram
6121,Ishaan,Desai,Male,52,Nagpur,Maharashtra,2024-07-27,Budget,YouTube
6122,Karan,Mishra,Male,36,Surat,Gujarat,2024-03-16,Budget,Facebook
6123,Diya,Soni,Female,48,Chennai,Tamil Nadu,2023-10-12,VIP,Instagram
6124,Raj,Parmar,Male,42,Jaipur,Rajasthan,2023-04-14,Regular,Referral
6125,Nisha,Patel,Male,57,Rajkot,Gujarat,2024-07-22,Premium,Google Ads
6126,Ananya,Parmar,Male,29,Indore,Madhya Pradesh,2024-04-01,Premium,YouTube
6127,Neha,Verma,Male,29,Indore,Madhya Pradesh,2023-11-07,Regular,Google Ads
6128,Diya,Mishra,Female,59,Rajkot,Gujarat,2024-02-11,Regular,Facebook
6129,Nisha,Singh,Male,42,Delhi,Delhi,2025-04-24,Budget,YouTube
6130,Priya,Pandya,Female,50,Kolkata,West Bengal,2024-08-03,Regular,Instagram
6131,Sneha,Gupta,Female,54,Kolkata,West Bengal,2025-12-17,VIP,Google Ads
6132,Neha,Shah,Male,45,Jaipur,Rajasthan,2024-12-19,Budget,Referral
6133,Aryan,Mishra,Male,60,Kolkata,West Bengal,2024-08-19,Regular,Organic Search
6134,Aditya,Pandya,Male,26,Pune,Maharashtra,2023-07-06,Premium,Google Ads
6135,Meera,Malhotra,Male,31,Pune,Maharashtra,2025-06-14,Regular,Referral
6136,Riya,Patel,Male,20,Delhi,Delhi,2024-04-08,Regular,Instagram
6137,Rohan,Kumar,Female,22,Vadodara,Gujarat,2023-11-26,Premium,Organic Search
6138,Dev,Kapoor,Female,43,Hyderabad,Telangana,2023-12-15,Budget,Instagram
6139,Isha,Malhotra,Female,58,Surat,Gujarat,2024-05-14,Premium,Facebook
6140,Ananya,Kapoor,Female,35,Delhi,Delhi,2024-05-04,Premium,Facebook
6141,Sneha,Agarwal,Female,55,Indore,Madhya Pradesh,2025-10-01,Budget,Organic Search
6142,Pooja,Malhotra,Male,38,Mumbai,Maharashtra,2023-10-07,Regular,Instagram
6143,Kabir,Thakkar,Male,56,Chennai,Tamil Nadu,2025-05-04,Regular,Organic Search
6144,Ananya,Gupta,Female,33,Surat,Gujarat,2025-10-01,Budget,YouTube
6145,Priya,Joshi,Male,57,Delhi,Delhi,2024-02-02,Regular,Instagram
6146,Krish,Joshi,Male,40,Lucknow,Uttar Pradesh,2025-12-27,Regular,Instagram
6147,Riya,Kumar,Female,46,Bengaluru,Karnataka,2024-03-03,Premium,Organic Search
6148,Tanya,Soni,Female,27,Indore,Madhya Pradesh,2024-01-10,Regular,Email
6149,Karan,Parmar,Female,22,Rajkot,Gujarat,2025-10-12,Premium,Organic Search
6150,Priya,Soni,Male,28,Surat,Gujarat,2024-09-23,Budget,YouTube
6151,Sneha,Pandya,Female,46,Kolkata,West Bengal,2025-09-15,Budget,YouTube
6152,Yash,Mehta,Female,44,Indore,Madhya Pradesh,2024-11-27,VIP,Referral
6153,Isha,Parmar,Male,51,Ahmedabad,Gujarat,2025-07-16,Premium,Facebook
6154,Isha,Kapoor,Male,31,Nagpur,Maharashtra,2023-03-19,Budget,Facebook
6155,Dev,Sharma,Female,58,Jaipur,Rajasthan,2024-05-02,Regular,Facebook
6156,Meera,Verma,Male,59,Indore,Madhya Pradesh,2025-11-27,Regular,Google Ads
6157,Krish,Agarwal,Female,27,Hyderabad,Telangana,2024-07-20,Regular,YouTube
6158,Ishaan,Soni,Male,59,Mumbai,Maharashtra,2025-08-08,Premium,Email
6159,Vivaan,Malhotra,Female,28,Delhi,Delhi,2024-07-11,Regular,Facebook
6160,Aanya,Sharma,Male,28,Pune,Maharashtra,2023-06-20,Budget,Facebook
6161,Karan,Trivedi,Male,52,Rajkot,Gujarat,2024-10-03,Regular,Facebook
6162,Yash,Reddy,Male,36,Vadodara,Gujarat,2023-10-19,Budget,Facebook
6163,Simran,Pandya,Female,41,Hyderabad,Telangana,2024-08-03,Premium,Facebook
6164,Vivaan,Kapoor,Female,18,Jaipur,Rajasthan,2024-02-26,Regular,Google Ads
6165,Nisha,Malhotra,Female,29,Mumbai,Maharashtra,2023-04-15,VIP,Email
6166,Riya,Malhotra,Male,31,Pune,Maharashtra,2024-07-19,Premium,YouTube
6167,Aanya,Joshi,Male,20,Chennai,Tamil Nadu,2025-05-29,Budget,Email
6168,Rahul,Agarwal,Male,49,Rajkot,Gujarat,2025-05-24,Premium,Instagram
6169,Neha,Joshi,Female,33,Vadodara,Gujarat,2023-09-05,Regular,Referral
6170,Dev,Patel,Male,55,Rajkot,Gujarat,2025-07-15,Budget,YouTube
6171,Riya,Soni,Female,27,Chennai,Tamil Nadu,2023-11-05,Regular,Facebook
6172,Ananya,Gupta,Female,34,Bengaluru,Karnataka,2023-11-11,VIP,Instagram
6173,Rohan,Gupta,Female,57,Delhi,Delhi,2024-08-31,Regular,Referral
6174,Riya,Parmar,Female,21,Lucknow,Uttar Pradesh,2025-08-02,Regular,Instagram
6175,Aditya,Malhotra,Female,32,Kolkata,West Bengal,2024-06-22,Regular,Organic Search
6176,Rohan,Kumar,Male,50,Lucknow,Uttar Pradesh,2023-03-13,Regular,Instagram
6177,Pooja,Shah,Male,56,Mumbai,Maharashtra,2024-01-13,Premium,Instagram
6178,Kabir,Pandya,Male,27,Pune,Maharashtra,2023-05-14,Premium,Facebook
6179,Kabir,Shah,Male,24,Vadodara,Gujarat,2024-01-28,Budget,Organic Search
6180,Kabir,Verma,Male,50,Surat,Gujarat,2025-12-23,Budget,Referral
6181,Yash,Agarwal,Male,34,Nagpur,Maharashtra,2025-09-22,Regular,Instagram
6182,Neha,Pandya,Female,29,Pune,Maharashtra,2024-02-19,Regular,Email
6183,Sneha,Gupta,Male,34,Ahmedabad,Gujarat,2024-02-07,Premium,Facebook
6184,Kabir,Reddy,Female,33,Chennai,Tamil Nadu,2023-03-06,Budget,Instagram
6185,Ishaan,Thakkar,Female,31,Bengaluru,Karnataka,2025-05-15,Premium,Instagram
6186,Krish,Pandya,Female,20,Nagpur,Maharashtra,2024-02-05,Regular,Organic Search
6187,Kabir,Joshi,Female,47,Nagpur,Maharashtra,2023-10-17,Budget,Email
6188,Neha,Patel,Female,58,Surat,Gujarat,2025-01-28,Regular,Referral
6189,Tanya,Sharma,Male,52,Vadodara,Gujarat,2025-04-23,Budget,Google Ads
6190,Dev,Singh,Male,43,Mumbai,Maharashtra,2024-10-22,Budget,Google Ads
6191,Karan,Malhotra,Male,29,Kolkata,West Bengal,2023-12-23,Regular,Email
6192,Tanya,Sharma,Female,48,Bengaluru,Karnataka,2025-05-27,Regular,Referral
6193,Isha,Joshi,Male,34,Ahmedabad,Gujarat,2025-09-24,Regular,Google Ads
6194,Arjun,Malhotra,Male,54,Kolkata,West Bengal,2025-01-21,Regular,YouTube
6195,Raj,Soni,Female,25,Nagpur,Maharashtra,2025-01-18,Budget,Referral
6196,Arjun,Soni,Female,36,Lucknow,Uttar Pradesh,2023-12-31,Regular,YouTube
6197,Rohan,Malhotra,Male,43,Rajkot,Gujarat,2023-09-24,Premium,Referral
6198,Simran,Singh,Female,21,Chennai,Tamil Nadu,2024-02-10,Budget,YouTube
6199,Kavya,Kapoor,Female,32,Delhi,Delhi,2023-05-19,Regular,Organic Search
6200,Arjun,Singh,Female,31,Delhi,Delhi,2024-10-27,Budget,Google Ads
6201,Aanya,Trivedi,Male,47,Chennai,Tamil Nadu,2023-07-04,Budget,YouTube
6202,Rahul,Kapoor,Female,59,Mumbai,Maharashtra,2025-02-21,Regular,YouTube
6203,Neha,Patel,Female,41,Pune,Maharashtra,2025-05-20,Regular,Google Ads
6204,Neha,Agarwal,Female,60,Chennai,Tamil Nadu,2024-12-03,Premium,Email
6205,Sneha,Mishra,Female,51,Hyderabad,Telangana,2025-06-25,Regular,Referral
6206,Kavya,Gupta,Female,36,Surat,Gujarat,2023-07-20,Budget,Facebook
6207,Vivaan,Sharma,Male,20,Chennai,Tamil Nadu,2024-09-09,Regular,YouTube
6208,Sneha,Agarwal,Male,21,Nagpur,Maharashtra,2023-08-08,Regular,Referral
6209,Ishaan,Singh,Female,28,Mumbai,Maharashtra,2025-05-06,Regular,Google Ads
6210,Tanya,Gupta,Female,30,Chennai,Tamil Nadu,2025-10-08,Premium,Facebook
6211,Krish,Sharma,Male,35,Mumbai,Maharashtra,2025-11-18,Budget,Facebook
6212,Rohan,Agarwal,Male,36,Chennai,Tamil Nadu,2023-03-05,Premium,Referral
6213,Rahul,Gupta,Female,50,Indore,Madhya Pradesh,2025-07-25,Regular,Instagram
6214,Dev,Trivedi,Female,55,Nagpur,Maharashtra,2024-06-23,Regular,Facebook
6215,Kabir,Soni,Male,20,Kolkata,West Bengal,2024-05-24,Premium,YouTube
6216,Krish,Sharma,Female,52,Surat,Gujarat,2023-09-08,Premium,Email
6217,Neha,Kumar,Female,18,Kolkata,West Bengal,2023-02-08,Budget,Referral
6218,Aditya,Verma,Male,52,Pune,Maharashtra,2023-03-10,Regular,YouTube
6219,Yash,Sharma,Male,53,Chennai,Tamil Nadu,2023-10-04,Regular,Instagram
6220,Diya,Thakkar,Male,55,Rajkot,Gujarat,2023-06-26,Regular,Facebook
6221,Tanya,Soni,Male,56,Kolkata,West Bengal,2025-08-28,Regular,Referral
6222,Sneha,Reddy,Female,42,Bengaluru,Karnataka,2024-08-28,Regular,Instagram
6223,Isha,Sharma,Female,57,Mumbai,Maharashtra,2023-03-22,Budget,YouTube
6224,Aarav,Verma,Female,30,Chennai,Tamil Nadu,2023-12-07,Regular,YouTube
6225,Sneha,Sharma,Female,21,Lucknow,Uttar Pradesh,2024-02-25,Budget,YouTube
6226,Dev,Desai,Male,23,Ahmedabad,Gujarat,2023-08-16,Regular,Email
6227,Pooja,Gupta,Male,28,Vadodara,Gujarat,2024-04-17,Regular,YouTube
6228,Sneha,Mishra,Female,18,Mumbai,Maharashtra,2023-03-29,Regular,Organic Search
6229,Dev,Sharma,Female,25,Surat,Gujarat,2023-07-09,Regular,YouTube
6230,Priya,Verma,Female,51,Chennai,Tamil Nadu,2025-05-16,Budget,Facebook
6231,Neha,Trivedi,Male,57,Vadodara,Gujarat,2025-09-07,Premium,Referral
6232,Vivaan,Trivedi,Male,26,Vadodara,Gujarat,2025-09-07,Regular,Referral
6233,Aryan,Agarwal,Male,53,Surat,Gujarat,2023-05-16,Regular,Referral
6234,Kavya,Patel,Female,56,Lucknow,Uttar Pradesh,2023-02-09,VIP,Email
6235,Raj,Verma,Female,59,Ahmedabad,Gujarat,2023-09-13,Premium,Referral
6236,Pooja,Trivedi,Female,54,Chennai,Tamil Nadu,2025-08-04,Budget,Facebook
6237,Diya,Mishra,Male,59,Pune,Maharashtra,2024-06-22,Regular,Instagram
6238,Aanya,Pandya,Female,38,Indore,Madhya Pradesh,2025-05-07,Regular,Google Ads
6239,Meera,Singh,Male,37,Rajkot,Gujarat,2023-05-12,Budget,Organic Search
6240,Yash,Patel,Female,55,Delhi,Delhi,2025-05-17,Budget,Referral
6241,Kabir,Patel,Female,18,Rajkot,Gujarat,2025-01-10,Regular,Facebook
6242,Isha,Kapoor,Male,52,Mumbai,Maharashtra,2024-06-22,Regular,Referral
6243,Ananya,Agarwal,Male,45,Nagpur,Maharashtra,2023-10-09,Premium,Email
6244,Dev,Sharma,Female,24,Chennai,Tamil Nadu,2024-05-06,Budget,Facebook
6245,Ananya,Reddy,Male,60,Jaipur,Rajasthan,2023-10-07,Premium,Organic Search
6246,Ananya,Kapoor,Male,26,Jaipur,Rajasthan,2025-06-27,Premium,Organic Search
6247,Sneha,Parmar,Male,18,Nagpur,Maharashtra,2024-10-27,Regular,Google Ads
6248,Karan,Parmar,Male,53,Indore,Madhya Pradesh,2024-07-08,Budget,Facebook
6249,Raj,Pandya,Male,51,Surat,Gujarat,2024-04-15,Regular,Referral
6250,Isha,Mehta,Female,51,Surat,Gujarat,2024-02-16,Regular,Referral
6251,Aryan,Shah,Female,34,Kolkata,West Bengal,2024-05-27,Regular,Google Ads
6252,Kabir,Trivedi,Female,49,Mumbai,Maharashtra,2025-05-27,Regular,Email
6253,Riya,Sharma,Female,19,Ahmedabad,Gujarat,2024-11-20,Premium,Facebook
6254,Simran,Agarwal,Male,53,Kolkata,West Bengal,2025-08-06,Budget,Organic Search
6255,Nisha,Joshi,Female,42,Mumbai,Maharashtra,2023-03-01,Regular,Email
6256,Priya,Thakkar,Male,60,Bengaluru,Karnataka,2024-02-23,Premium,Email
6257,Aanya,Sharma,Female,43,Vadodara,Gujarat,2025-08-14,Regular,Instagram
6258,Raj,Kapoor,Female,43,Bengaluru,Karnataka,2025-04-04,Budget,Instagram
6259,Diya,Patel,Male,38,Mumbai,Maharashtra,2025-06-26,Budget,Facebook
6260,Aryan,Mehta,Female,35,Bengaluru,Karnataka,2025-01-02,Regular,Facebook
6261,Yash,Trivedi,Female,46,Chennai,Tamil Nadu,2024-01-26,Regular,Referral
6262,Yash,Agarwal,Female,41,Hyderabad,Telangana,2025-01-05,Budget,Referral
6263,Rahul,Verma,Female,45,Surat,Gujarat,2024-10-22,Budget,Email
6264,Meera,Pandya,Female,29,Hyderabad,Telangana,2023-01-27,Premium,Instagram
6265,Tanya,Malhotra,Female,28,Bengaluru,Karnataka,2024-09-14,Budget,Facebook
6266,Karan,Sharma,Female,44,Mumbai,Maharashtra,2025-06-02,Premium,Organic Search
6267,Pooja,Gupta,Male,40,Pune,Maharashtra,2023-05-07,Regular,Facebook
6268,Aditya,Desai,Female,50,Rajkot,Gujarat,2023-10-08,Premium,Organic Search
6269,Diya,Pandya,Female,33,Lucknow,Uttar Pradesh,2023-11-15,Budget,Facebook
6270,Aanya,Pandya,Female,45,Delhi,Delhi,2024-03-16,Premium,Instagram
6271,Diya,Kapoor,Female,45,Delhi,Delhi,2023-12-07,Budget,Facebook
6272,Sneha,Kapoor,Female,55,Bengaluru,Karnataka,2024-11-24,Budget,Email
6273,Karan,Kapoor,Female,23,Rajkot,Gujarat,2023-04-29,Budget,Facebook
6274,Arjun,Parmar,Male,59,Rajkot,Gujarat,2025-02-16,Budget,Organic Search
6275,Nisha,Parmar,Female,46,Pune,Maharashtra,2024-11-20,Regular,YouTube
6276,Pooja,Malhotra,Female,51,Rajkot,Gujarat,2024-12-13,Premium,Referral
6277,Kabir,Malhotra,Male,20,Mumbai,Maharashtra,2024-01-20,Budget,Google Ads
6278,Raj,Pandya,Male,23,Hyderabad,Telangana,2024-05-24,Regular,Email
6279,Raj,Kapoor,Female,55,Nagpur,Maharashtra,2023-03-27,Premium,Facebook
6280,Isha,Shah,Female,30,Hyderabad,Telangana,2023-12-27,Premium,YouTube
6281,Isha,Singh,Female,53,Kolkata,West Bengal,2025-10-02,Budget,Instagram
6282,Rohan,Soni,Male,32,Mumbai,Maharashtra,2025-03-02,Budget,Organic Search
6283,Rahul,Singh,Male,23,Kolkata,West Bengal,2023-12-25,Budget,Organic Search
6284,Meera,Singh,Female,50,Nagpur,Maharashtra,2024-12-27,Regular,Organic Search
6285,Raj,Patel,Female,58,Kolkata,West Bengal,2024-03-22,Regular,Email
6286,Pooja,Verma,Male,29,Bengaluru,Karnataka,2025-12-14,Regular,Email
6287,Tanya,Shah,Male,60,Chennai,Tamil Nadu,2023-11-01,Budget,Facebook
6288,Simran,Shah,Male,30,Nagpur,Maharashtra,2025-02-09,Regular,Instagram
6289,Krish,Parmar,Male,50,Lucknow,Uttar Pradesh,2024-06-17,Regular,Facebook
6290,Kavya,Sharma,Female,45,Chennai,Tamil Nadu,2023-02-04,Regular,YouTube
6291,Arjun,Gupta,Male,53,Nagpur,Maharashtra,2024-11-12,Budget,Google Ads
6292,Tanya,Agarwal,Male,22,Ahmedabad,Gujarat,2025-10-11,Regular,Referral
6293,Karan,Joshi,Female,42,Indore,Madhya Pradesh,2024-10-02,Regular,Referral
6294,Kabir,Patel,Male,34,Lucknow,Uttar Pradesh,2025-09-16,Premium,Instagram
6295,Pooja,Kumar,Female,54,Indore,Madhya Pradesh,2025-01-28,Premium,Google Ads
6296,Raj,Pandya,Male,36,Ahmedabad,Gujarat,2025-11-12,Premium,YouTube
6297,Nisha,Thakkar,Female,52,Kolkata,West Bengal,2023-10-11,Budget,Email
6298,Rahul,Mishra,Male,60,Rajkot,Gujarat,2023-04-23,Budget,YouTube
6299,Rahul,Kumar,Female,51,Ahmedabad,Gujarat,2024-01-08,Premium,Referral
6300,Neha,Soni,Female,23,Delhi,Delhi,2023-07-16,Premium,Google Ads
6301,Tanya,Thakkar,Male,36,Hyderabad,Telangana,2025-06-11,Premium,Instagram
6302,Priya,Trivedi,Female,18,Kolkata,West Bengal,2025-04-01,Regular,Facebook
6303,Aditya,Joshi,Female,24,Nagpur,Maharashtra,2023-01-10,Budget,Google Ads
6304,Tanya,Mishra,Male,51,Pune,Maharashtra,2024-02-02,Premium,Instagram
6305,Aditya,Soni,Female,36,Pune,Maharashtra,2023-06-01,Budget,Google Ads
6306,Raj,Shah,Female,50,Bengaluru,Karnataka,2023-07-10,Regular,Organic Search
6307,Kavya,Singh,Male,43,Indore,Madhya Pradesh,2023-10-04,Regular,Referral
6308,Vivaan,Verma,Male,58,Bengaluru,Karnataka,2024-05-07,Regular,Organic Search
6309,Diya,Verma,Female,59,Chennai,Tamil Nadu,2024-05-02,Regular,Email
6310,Kavya,Thakkar,Female,44,Hyderabad,Telangana,2023-10-03,Regular,Referral
6311,Rahul,Desai,Female,55,Kolkata,West Bengal,2023-07-09,Regular,Email
6312,Kabir,Reddy,Female,43,Nagpur,Maharashtra,2025-05-13,Regular,Facebook
6313,Sneha,Sharma,Female,52,Rajkot,Gujarat,2023-10-23,Budget,Email
6314,Kabir,Agarwal,Male,37,Indore,Madhya Pradesh,2023-12-07,Regular,YouTube
6315,Pooja,Gupta,Female,41,Hyderabad,Telangana,2024-08-15,Premium,Referral
6316,Rahul,Singh,Male,38,Rajkot,Gujarat,2025-06-01,Regular,Referral
6317,Krish,Singh,Male,43,Surat,Gujarat,2025-08-07,Regular,Organic Search
6318,Aditya,Singh,Male,37,Chennai,Tamil Nadu,2023-09-15,Regular,Referral
6319,Dev,Soni,Male,23,Surat,Gujarat,2025-09-03,Budget,Facebook
6320,Aditya,Agarwal,Female,20,Indore,Madhya Pradesh,2023-01-14,Regular,Organic Search
6321,Nisha,Shah,Female,27,Surat,Gujarat,2025-11-03,Budget,Referral
6322,Yash,Trivedi,Female,29,Pune,Maharashtra,2024-07-09,Regular,Google Ads
6323,Isha,Kapoor,Male,50,Hyderabad,Telangana,2025-10-04,Regular,Organic Search
6324,Nisha,Thakkar,Male,39,Ahmedabad,Gujarat,2023-07-29,Budget,Organic Search
6325,Rohan,Trivedi,Female,33,Delhi,Delhi,2025-11-29,Regular,Referral
6326,Riya,Kapoor,Male,34,Vadodara,Gujarat,2025-11-23,Premium,YouTube
6327,Pooja,Verma,Female,27,Kolkata,West Bengal,2025-01-16,Regular,Instagram
6328,Aryan,Gupta,Male,29,Delhi,Delhi,2025-05-04,VIP,Google Ads
6329,Priya,Verma,Male,36,Indore,Madhya Pradesh,2025-04-27,VIP,Referral
6330,Simran,Mishra,Male,57,Ahmedabad,Gujarat,2025-08-08,Premium,Referral
6331,Riya,Trivedi,Male,40,Delhi,Delhi,2024-10-01,Premium,Referral
6332,Karan,Thakkar,Male,57,Vadodara,Gujarat,2024-02-12,Regular,Email
6333,Kavya,Sharma,Male,27,Bengaluru,Karnataka,2025-03-26,Regular,Google Ads
6334,Arjun,Trivedi,Male,27,Kolkata,West Bengal,2023-06-25,VIP,Email
6335,Raj,Shah,Female,27,Jaipur,Rajasthan,2025-10-11,Regular,Organic Search
6336,Raj,Joshi,Female,56,Bengaluru,Karnataka,2025-04-27,Budget,YouTube
6337,Dev,Desai,Male,47,Lucknow,Uttar Pradesh,2023-11-14,Budget,Organic Search
6338,Aanya,Patel,Male,21,Vadodara,Gujarat,2024-02-14,Regular,Referral
6339,Isha,Agarwal,Female,18,Chennai,Tamil Nadu,2023-09-04,Regular,YouTube
6340,Riya,Joshi,Male,60,Ahmedabad,Gujarat,2023-06-26,Budget,YouTube
6341,Riya,Joshi,Female,36,Jaipur,Rajasthan,2025-03-21,Premium,Referral
6342,Raj,Reddy,Female,22,Rajkot,Gujarat,2023-09-21,Regular,Facebook
6343,Isha,Mehta,Female,47,Vadodara,Gujarat,2023-06-17,Regular,Organic Search
6344,Kavya,Agarwal,Female,43,Bengaluru,Karnataka,2025-11-14,Budget,Email
6345,Arjun,Desai,Female,57,Indore,Madhya Pradesh,2024-12-03,Budget,Google Ads
6346,Aarav,Malhotra,Male,51,Indore,Madhya Pradesh,2024-06-11,Budget,Referral
6347,Aarav,Malhotra,Male,19,Jaipur,Rajasthan,2023-01-28,Regular,Google Ads
6348,Ananya,Agarwal,Female,41,Indore,Madhya Pradesh,2024-10-25,Premium,Organic Search
6349,Raj,Soni,Male,31,Delhi,Delhi,2024-08-02,Regular,Google Ads
6350,Isha,Mishra,Female,58,Nagpur,Maharashtra,2023-02-06,Budget,Facebook
6351,Neha,Reddy,Male,59,Rajkot,Gujarat,2025-06-06,Premium,Facebook
6352,Simran,Singh,Male,30,Lucknow,Uttar Pradesh,2024-06-30,Budget,Email
6353,Kabir,Kapoor,Male,46,Nagpur,Maharashtra,2024-10-07,Budget,Facebook
6354,Aanya,Patel,Male,18,Pune,Maharashtra,2025-05-27,Premium,Referral
6355,Nisha,Mehta,Male,51,Ahmedabad,Gujarat,2024-11-03,Budget,YouTube
6356,Raj,Gupta,Male,21,Rajkot,Gujarat,2024-01-07,Regular,Organic Search
6357,Sneha,Kumar,Male,45,Delhi,Delhi,2025-01-05,Budget,Organic Search
6358,Krish,Kumar,Male,36,Pune,Maharashtra,2023-04-12,Budget,Google Ads
6359,Kabir,Singh,Female,18,Nagpur,Maharashtra,2024-04-09,Regular,YouTube
6360,Kabir,Kapoor,Female,53,Hyderabad,Telangana,2024-11-24,Budget,Facebook
6361,Nisha,Gupta,Male,60,Lucknow,Uttar Pradesh,2024-04-24,Budget,Google Ads
6362,Simran,Soni,Male,30,Kolkata,West Bengal,2025-06-28,Regular,Organic Search
6363,Ananya,Singh,Male,59,Ahmedabad,Gujarat,2023-08-04,Regular,Instagram
6364,Nisha,Gupta,Female,22,Nagpur,Maharashtra,2025-09-25,Premium,YouTube
6365,Raj,Joshi,Male,50,Delhi,Delhi,2024-11-30,Premium,Instagram
6366,Karan,Verma,Male,31,Ahmedabad,Gujarat,2024-08-22,Regular,Email
6367,Rohan,Kumar,Female,33,Pune,Maharashtra,2025-10-09,Budget,Organic Search
6368,Isha,Shah,Female,49,Kolkata,West Bengal,2023-11-30,Regular,Referral
6369,Tanya,Singh,Female,44,Bengaluru,Karnataka,2024-10-25,Regular,YouTube
6370,Pooja,Shah,Male,52,Lucknow,Uttar Pradesh,2025-02-17,Budget,Organic Search
6371,Diya,Sharma,Female,20,Rajkot,Gujarat,2025-09-28,Regular,Google Ads
6372,Sneha,Kapoor,Male,21,Jaipur,Rajasthan,2024-03-25,Premium,Organic Search
6373,Vivaan,Joshi,Female,24,Hyderabad,Telangana,2023-08-04,Regular,Google Ads
6374,Kavya,Trivedi,Male,30,Hyderabad,Telangana,2025-07-29,Regular,Referral
6375,Aanya,Desai,Male,58,Rajkot,Gujarat,2024-08-08,Budget,Instagram
6376,Isha,Agarwal,Male,20,Pune,Maharashtra,2024-11-02,Premium,Google Ads
6377,Karan,Kumar,Female,34,Lucknow,Uttar Pradesh,2025-10-13,Budget,Referral
6378,Raj,Singh,Male,27,Surat,Gujarat,2024-05-19,Premium,YouTube
6379,Aanya,Malhotra,Male,18,Pune,Maharashtra,2024-03-13,Budget,Facebook
6380,Krish,Sharma,Male,45,Rajkot,Gujarat,2024-04-14,Premium,Organic Search
6381,Aanya,Patel,Female,27,Chennai,Tamil Nadu,2023-01-06,Regular,Facebook
6382,Raj,Reddy,Male,24,Kolkata,West Bengal,2023-08-07,Regular,Referral
6383,Ishaan,Thakkar,Male,56,Chennai,Tamil Nadu,2024-07-29,Premium,Google Ads
6384,Priya,Reddy,Male,20,Ahmedabad,Gujarat,2024-05-27,Budget,Email
6385,Priya,Agarwal,Male,24,Ahmedabad,Gujarat,2025-05-18,Budget,YouTube
6386,Diya,Desai,Female,26,Surat,Gujarat,2025-09-01,Premium,Email
6387,Sneha,Mehta,Male,57,Hyderabad,Telangana,2025-02-07,Regular,Instagram
6388,Isha,Patel,Female,52,Delhi,Delhi,2025-09-03,Regular,Referral
6389,Kabir,Soni,Female,43,Lucknow,Uttar Pradesh,2024-11-16,Budget,Organic Search
6390,Meera,Joshi,Male,22,Vadodara,Gujarat,2024-09-12,Regular,Organic Search
6391,Riya,Kumar,Female,30,Jaipur,Rajasthan,2024-07-08,Budget,Google Ads
6392,Ananya,Mehta,Female,47,Rajkot,Gujarat,2024-07-03,Regular,Referral
6393,Aryan,Mehta,Female,57,Chennai,Tamil Nadu,2023-12-29,Regular,Organic Search
6394,Riya,Joshi,Male,56,Mumbai,Maharashtra,2024-08-16,Regular,Instagram
6395,Dev,Kumar,Female,27,Vadodara,Gujarat,2024-09-14,Budget,Organic Search
6396,Yash,Mehta,Female,59,Indore,Madhya Pradesh,2024-03-09,Regular,Organic Search
6397,Priya,Mishra,Male,40,Delhi,Delhi,2023-11-14,Regular,Email
6398,Sneha,Verma,Male,28,Kolkata,West Bengal,2024-06-18,Regular,Organic Search
6399,Riya,Soni,Female,29,Lucknow,Uttar Pradesh,2025-12-18,Regular,YouTube
6400,Aarav,Singh,Female,30,Indore,Madhya Pradesh,2025-02-16,Budget,Email
6401,Pooja,Patel,Female,57,Nagpur,Maharashtra,2023-05-20,Premium,Facebook
6402,Riya,Parmar,Male,33,Ahmedabad,Gujarat,2025-06-11,Regular,Organic Search
6403,Aryan,Pandya,Female,26,Nagpur,Maharashtra,2024-09-19,Regular,Email
6404,Kavya,Thakkar,Male,27,Pune,Maharashtra,2023-06-07,Budget,Email
6405,Ananya,Parmar,Female,46,Surat,Gujarat,2025-08-31,Regular,Organic Search
6406,Aarav,Soni,Female,26,Ahmedabad,Gujarat,2023-07-15,Budget,Email
6407,Yash,Gupta,Male,50,Vadodara,Gujarat,2024-12-24,Premium,Organic Search
6408,Aditya,Agarwal,Female,41,Jaipur,Rajasthan,2024-07-06,Regular,Email
6409,Ishaan,Desai,Male,52,Chennai,Tamil Nadu,2025-05-11,Budget,YouTube
6410,Vivaan,Parmar,Female,28,Pune,Maharashtra,2025-06-02,Budget,Google Ads
6411,Diya,Gupta,Male,56,Hyderabad,Telangana,2024-04-02,VIP,YouTube
6412,Aryan,Mishra,Male,30,Rajkot,Gujarat,2025-03-30,Premium,Referral
6413,Ananya,Gupta,Female,40,Nagpur,Maharashtra,2025-12-04,Budget,Instagram
6414,Yash,Desai,Male,42,Delhi,Delhi,2023-02-07,VIP,Facebook
6415,Aarav,Thakkar,Female,33,Delhi,Delhi,2024-11-06,Budget,Google Ads
6416,Raj,Kapoor,Male,38,Chennai,Tamil Nadu,2023-12-07,Regular,Organic Search
6417,Krish,Malhotra,Male,27,Chennai,Tamil Nadu,2023-10-29,Regular,Referral
6418,Pooja,Mehta,Male,58,Chennai,Tamil Nadu,2024-09-26,Premium,Organic Search
6419,Pooja,Joshi,Female,57,Mumbai,Maharashtra,2025-06-16,Regular,Organic Search
6420,Kabir,Pandya,Male,36,Mumbai,Maharashtra,2024-09-07,Regular,Referral
6421,Kabir,Kapoor,Male,52,Rajkot,Gujarat,2023-05-12,Regular,Facebook
6422,Nisha,Agarwal,Male,45,Vadodara,Gujarat,2025-08-02,Regular,Facebook
6423,Yash,Kapoor,Female,58,Pune,Maharashtra,2025-06-03,Budget,Google Ads
6424,Aarav,Gupta,Female,19,Bengaluru,Karnataka,2024-04-15,Regular,Referral
6425,Ishaan,Malhotra,Male,47,Nagpur,Maharashtra,2023-12-15,Regular,Referral
6426,Kabir,Sharma,Male,57,Chennai,Tamil Nadu,2023-02-12,Regular,Google Ads
6427,Dev,Kapoor,Female,57,Delhi,Delhi,2025-02-14,Regular,Referral
6428,Meera,Desai,Male,22,Pune,Maharashtra,2024-04-26,Regular,Instagram
6429,Ishaan,Malhotra,Male,55,Mumbai,Maharashtra,2023-03-19,Regular,YouTube
6430,Karan,Soni,Male,59,Ahmedabad,Gujarat,2025-11-25,Regular,Organic Search
6431,Ishaan,Verma,Male,32,Jaipur,Rajasthan,2025-03-26,Premium,Organic Search
6432,Isha,Patel,Male,53,Lucknow,Uttar Pradesh,2025-07-16,Premium,Google Ads
6433,Aarav,Verma,Male,20,Bengaluru,Karnataka,2024-10-08,Premium,Referral
6434,Simran,Shah,Female,41,Kolkata,West Bengal,2024-10-13,Budget,Instagram
6435,Priya,Trivedi,Male,58,Lucknow,Uttar Pradesh,2025-12-14,Budget,Email
6436,Priya,Thakkar,Male,58,Vadodara,Gujarat,2025-02-02,Premium,Google Ads
6437,Kabir,Joshi,Female,29,Chennai,Tamil Nadu,2023-10-06,Budget,YouTube
6438,Sneha,Soni,Female,25,Indore,Madhya Pradesh,2024-04-03,VIP,Email
6439,Neha,Agarwal,Female,31,Vadodara,Gujarat,2024-11-22,Premium,Email
6440,Rahul,Sharma,Female,35,Ahmedabad,Gujarat,2024-06-08,Regular,Email
6441,Kavya,Sharma,Male,37,Surat,Gujarat,2024-05-06,Regular,Organic Search
6442,Aanya,Pandya,Female,40,Rajkot,Gujarat,2023-03-15,Regular,Email
6443,Rahul,Pandya,Male,22,Chennai,Tamil Nadu,2025-03-29,Regular,Facebook
6444,Rohan,Patel,Female,18,Mumbai,Maharashtra,2023-06-04,Premium,YouTube
6445,Raj,Malhotra,Female,19,Delhi,Delhi,2024-06-02,Budget,Instagram
6446,Meera,Kapoor,Female,33,Indore,Madhya Pradesh,2024-01-10,Premium,Google Ads
6447,Kavya,Pandya,Male,22,Ahmedabad,Gujarat,2023-12-09,Regular,Instagram
6448,Kabir,Gupta,Female,39,Chennai,Tamil Nadu,2024-10-26,Budget,Organic Search
6449,Aryan,Kapoor,Female,18,Delhi,Delhi,2023-02-13,Regular,Facebook
6450,Isha,Joshi,Female,29,Hyderabad,Telangana,2024-07-01,Regular,Email
6451,Aditya,Kumar,Male,36,Nagpur,Maharashtra,2023-06-14,Budget,Referral
6452,Meera,Verma,Male,39,Vadodara,Gujarat,2025-01-15,Budget,Google Ads
6453,Ishaan,Joshi,Female,59,Lucknow,Uttar Pradesh,2024-03-11,Budget,YouTube
6454,Neha,Kumar,Male,34,Chennai,Tamil Nadu,2024-03-22,Premium,Google Ads
6455,Isha,Joshi,Female,30,Nagpur,Maharashtra,2025-10-27,Budget,Organic Search
6456,Priya,Trivedi,Male,56,Delhi,Delhi,2024-03-19,Regular,Google Ads
6457,Meera,Parmar,Female,45,Mumbai,Maharashtra,2024-04-23,Budget,Instagram
6458,Vivaan,Malhotra,Male,20,Jaipur,Rajasthan,2023-02-06,Regular,Referral
6459,Kabir,Thakkar,Female,22,Jaipur,Rajasthan,2023-04-08,Regular,Email
6460,Meera,Patel,Male,53,Nagpur,Maharashtra,2025-03-24,Premium,YouTube
6461,Karan,Trivedi,Male,32,Chennai,Tamil Nadu,2025-11-10,Regular,Google Ads
6462,Tanya,Reddy,Female,34,Indore,Madhya Pradesh,2024-04-12,Regular,Facebook
6463,Nisha,Trivedi,Female,46,Pune,Maharashtra,2023-12-20,Regular,Facebook
6464,Isha,Singh,Male,21,Bengaluru,Karnataka,2023-03-13,Regular,Organic Search
6465,Rahul,Pandya,Female,49,Nagpur,Maharashtra,2025-12-11,Budget,Referral
6466,Meera,Thakkar,Female,60,Bengaluru,Karnataka,2025-10-20,Regular,Email
6467,Neha,Pandya,Female,55,Ahmedabad,Gujarat,2025-09-16,Budget,Organic Search
6468,Rahul,Mishra,Female,21,Bengaluru,Karnataka,2024-04-04,Premium,Referral
6469,Tanya,Kapoor,Male,30,Nagpur,Maharashtra,2024-05-15,Regular,Google Ads
6470,Vivaan,Agarwal,Female,37,Chennai,Tamil Nadu,2024-12-17,Regular,Email
6471,Rahul,Pandya,Male,35,Indore,Madhya Pradesh,2024-01-02,Regular,Google Ads
6472,Sneha,Pandya,Male,59,Pune,Maharashtra,2025-11-25,Premium,YouTube
6473,Rohan,Agarwal,Female,54,Jaipur,Rajasthan,2024-08-29,Regular,Facebook
6474,Meera,Trivedi,Female,29,Bengaluru,Karnataka,2024-06-11,Regular,Organic Search
6475,Riya,Sharma,Male,42,Rajkot,Gujarat,2025-09-25,Budget,Referral
6476,Arjun,Reddy,Female,47,Delhi,Delhi,2025-01-18,Budget,Instagram
6477,Kavya,Patel,Female,32,Hyderabad,Telangana,2024-08-24,Budget,Referral
6478,Simran,Singh,Male,53,Bengaluru,Karnataka,2024-09-11,Budget,Email
6479,Isha,Joshi,Male,25,Rajkot,Gujarat,2023-09-12,Premium,YouTube
6480,Ishaan,Mehta,Male,45,Lucknow,Uttar Pradesh,2025-07-18,Premium,Facebook
6481,Arjun,Thakkar,Female,39,Mumbai,Maharashtra,2024-11-07,Budget,Organic Search
6482,Simran,Mishra,Female,55,Pune,Maharashtra,2025-04-15,Budget,YouTube
6483,Raj,Reddy,Male,33,Indore,Madhya Pradesh,2024-10-30,Regular,Referral
6484,Riya,Mehta,Male,22,Lucknow,Uttar Pradesh,2025-11-20,Regular,Organic Search
6485,Simran,Desai,Female,51,Bengaluru,Karnataka,2024-08-23,Premium,Referral
6486,Isha,Kapoor,Female,55,Nagpur,Maharashtra,2024-04-30,Regular,Instagram
6487,Aryan,Parmar,Female,28,Pune,Maharashtra,2023-09-16,Premium,Google Ads
6488,Arjun,Mishra,Male,19,Vadodara,Gujarat,2023-09-10,Budget,Google Ads
6489,Sneha,Thakkar,Female,42,Jaipur,Rajasthan,2024-05-08,Regular,YouTube
6490,Tanya,Pandya,Female,42,Bengaluru,Karnataka,2025-02-28,Premium,YouTube
6491,Krish,Mehta,Male,18,Hyderabad,Telangana,2023-12-02,Budget,Organic Search
6492,Meera,Soni,Female,48,Bengaluru,Karnataka,2023-02-22,Regular,Email
6493,Simran,Desai,Male,22,Ahmedabad,Gujarat,2024-11-17,Budget,Organic Search
6494,Tanya,Agarwal,Female,57,Nagpur,Maharashtra,2025-12-01,Regular,YouTube
6495,Aditya,Soni,Male,21,Mumbai,Maharashtra,2023-07-29,Budget,Organic Search
6496,Krish,Mehta,Male,22,Hyderabad,Telangana,2025-12-01,Premium,Google Ads
6497,Kabir,Reddy,Male,22,Kolkata,West Bengal,2025-10-09,Premium,Referral
6498,Neha,Thakkar,Female,33,Jaipur,Rajasthan,2024-11-12,Premium,Organic Search
6499,Nisha,Thakkar,Female,35,Bengaluru,Karnataka,2025-06-12,Regular,YouTube
6500,Tanya,Parmar,Female,60,Hyderabad,Telangana,2023-12-03,VIP,Facebook
6501,Aarav,Shah,Female,34,Delhi,Delhi,2024-12-16,Regular,Facebook
6502,Dev,Patel,Male,52,Vadodara,Gujarat,2025-04-28,Regular,Google Ads
6503,Aanya,Mishra,Female,35,Jaipur,Rajasthan,2024-11-05,Budget,YouTube
6504,Diya,Mishra,Female,21,Kolkata,West Bengal,2023-04-15,Regular,Organic Search
6505,Kabir,Patel,Male,48,Vadodara,Gujarat,2024-12-03,Regular,Referral
6506,Aarav,Thakkar,Male,48,Nagpur,Maharashtra,2023-01-06,Budget,YouTube
6507,Yash,Agarwal,Male,26,Ahmedabad,Gujarat,2025-03-10,Regular,YouTube
6508,Kabir,Reddy,Male,48,Lucknow,Uttar Pradesh,2025-12-02,VIP,Facebook
6509,Neha,Shah,Female,22,Mumbai,Maharashtra,2024-10-14,Regular,Google Ads
6510,Diya,Gupta,Male,53,Surat,Gujarat,2024-07-04,Regular,Email
6511,Aanya,Trivedi,Female,33,Indore,Madhya Pradesh,2025-07-30,Premium,Referral
6512,Arjun,Singh,Female,59,Jaipur,Rajasthan,2024-11-04,Budget,Facebook
6513,Rahul,Pandya,Male,58,Surat,Gujarat,2025-07-16,Premium,Google Ads
6514,Yash,Thakkar,Male,33,Delhi,Delhi,2023-11-20,Premium,Google Ads
6515,Nisha,Sharma,Male,37,Indore,Madhya Pradesh,2024-09-07,Regular,Email
6516,Aryan,Thakkar,Male,47,Delhi,Delhi,2025-01-26,Budget,Instagram
6517,Ananya,Malhotra,Male,43,Surat,Gujarat,2025-12-24,Budget,Email
6518,Diya,Gupta,Female,48,Jaipur,Rajasthan,2023-07-20,Regular,Email
6519,Neha,Singh,Male,32,Indore,Madhya Pradesh,2023-08-30,Regular,Google Ads
6520,Yash,Soni,Female,58,Delhi,Delhi,2025-10-27,Regular,Instagram
6521,Neha,Soni,Male,55,Nagpur,Maharashtra,2023-01-03,Regular,Instagram
6522,Sneha,Parmar,Female,55,Surat,Gujarat,2025-05-03,Regular,YouTube
6523,Krish,Desai,Female,60,Vadodara,Gujarat,2025-08-25,Regular,Email
6524,Raj,Parmar,Female,37,Rajkot,Gujarat,2025-08-22,VIP,Email
6525,Pooja,Joshi,Male,52,Pune,Maharashtra,2023-11-01,Regular,Instagram
6526,Vivaan,Gupta,Male,40,Hyderabad,Telangana,2023-11-10,Premium,Instagram
6527,Aditya,Reddy,Male,56,Delhi,Delhi,2024-04-22,Budget,Referral
6528,Simran,Verma,Female,42,Indore,Madhya Pradesh,2025-03-06,Regular,Organic Search
6529,Neha,Joshi,Female,39,Surat,Gujarat,2025-06-01,Regular,Instagram
6530,Kavya,Kumar,Male,25,Kolkata,West Bengal,2024-05-12,Premium,Google Ads
6531,Dev,Kumar,Male,26,Mumbai,Maharashtra,2023-03-12,Regular,Google Ads
6532,Aryan,Mishra,Female,32,Hyderabad,Telangana,2025-11-02,Budget,Google Ads
6533,Simran,Kapoor,Female,37,Mumbai,Maharashtra,2024-02-10,Regular,Organic Search
6534,Riya,Verma,Male,52,Jaipur,Rajasthan,2025-11-11,Budget,Referral
6535,Kabir,Pandya,Male,54,Hyderabad,Telangana,2025-06-13,Budget,Email
6536,Dev,Thakkar,Male,20,Jaipur,Rajasthan,2023-01-31,Regular,Referral
6537,Meera,Reddy,Female,51,Indore,Madhya Pradesh,2025-12-21,Premium,Referral
6538,Aditya,Reddy,Female,51,Bengaluru,Karnataka,2023-06-11,Budget,Instagram
6539,Neha,Pandya,Male,53,Vadodara,Gujarat,2024-07-17,Budget,Organic Search
6540,Rohan,Singh,Male,52,Delhi,Delhi,2023-06-07,Premium,Google Ads
6541,Aditya,Sharma,Male,26,Mumbai,Maharashtra,2023-01-13,Regular,YouTube
6542,Simran,Pandya,Male,47,Kolkata,West Bengal,2025-01-03,VIP,Instagram
6543,Nisha,Reddy,Male,43,Bengaluru,Karnataka,2025-01-22,Budget,Referral
6544,Diya,Kapoor,Female,29,Mumbai,Maharashtra,2023-11-05,Regular,Organic Search
6545,Isha,Malhotra,Male,41,Rajkot,Gujarat,2023-05-28,Budget,Instagram
6546,Ananya,Agarwal,Female,58,Jaipur,Rajasthan,2025-10-17,VIP,Referral
6547,Aditya,Patel,Female,36,Vadodara,Gujarat,2025-12-14,Premium,Organic Search
6548,Yash,Pandya,Female,33,Kolkata,West Bengal,2025-07-15,Premium,Instagram
6549,Aryan,Reddy,Female,43,Pune,Maharashtra,2024-07-24,Budget,Google Ads
6550,Priya,Agarwal,Female,40,Kolkata,West Bengal,2024-10-29,VIP,Facebook
6551,Yash,Mishra,Female,50,Pune,Maharashtra,2024-11-22,Premium,YouTube
6552,Simran,Soni,Female,59,Lucknow,Uttar Pradesh,2024-05-24,Regular,YouTube
6553,Ananya,Trivedi,Female,47,Chennai,Tamil Nadu,2024-08-08,Regular,Organic Search
6554,Vivaan,Pandya,Male,40,Pune,Maharashtra,2025-07-25,VIP,Facebook
6555,Sneha,Mehta,Male,27,Lucknow,Uttar Pradesh,2023-02-14,Regular,YouTube
6556,Aanya,Singh,Male,53,Pune,Maharashtra,2023-03-27,Budget,Organic Search
6557,Riya,Shah,Male,48,Lucknow,Uttar Pradesh,2023-09-21,Premium,Google Ads
6558,Yash,Desai,Male,60,Bengaluru,Karnataka,2025-10-04,Regular,Organic Search
6559,Sneha,Mehta,Female,39,Lucknow,Uttar Pradesh,2023-08-04,VIP,Instagram
6560,Arjun,Thakkar,Female,60,Indore,Madhya Pradesh,2023-08-19,Regular,Facebook
6561,Sneha,Parmar,Female,60,Indore,Madhya Pradesh,2024-10-15,Budget,Instagram
6562,Diya,Soni,Female,55,Pune,Maharashtra,2024-12-02,Regular,Referral
6563,Sneha,Mehta,Female,19,Chennai,Tamil Nadu,2024-12-07,Regular,YouTube
6564,Diya,Verma,Male,40,Delhi,Delhi,2024-05-27,Budget,Email
6565,Aarav,Verma,Male,52,Bengaluru,Karnataka,2023-11-01,Regular,YouTube
6566,Kavya,Sharma,Female,54,Kolkata,West Bengal,2023-12-17,Budget,YouTube
6567,Pooja,Patel,Male,49,Hyderabad,Telangana,2025-03-13,Regular,Facebook
6568,Vivaan,Desai,Male,60,Kolkata,West Bengal,2024-03-26,VIP,Instagram
6569,Aditya,Agarwal,Male,29,Rajkot,Gujarat,2025-07-21,Regular,Facebook
6570,Simran,Singh,Male,52,Mumbai,Maharashtra,2025-11-27,Regular,Google Ads
6571,Priya,Parmar,Male,58,Lucknow,Uttar Pradesh,2025-06-20,Regular,Instagram
6572,Pooja,Mishra,Female,20,Jaipur,Rajasthan,2025-01-31,Regular,Google Ads
6573,Riya,Singh,Male,51,Chennai,Tamil Nadu,2025-01-02,Regular,Google Ads
6574,Isha,Kapoor,Male,55,Nagpur,Maharashtra,2023-03-04,Premium,Organic Search
6575,Riya,Gupta,Female,41,Nagpur,Maharashtra,2024-05-19,Premium,Organic Search
6576,Kavya,Kumar,Female,55,Lucknow,Uttar Pradesh,2025-08-02,Regular,Facebook
6577,Priya,Pandya,Female,34,Pune,Maharashtra,2023-09-22,VIP,Organic Search
6578,Aarav,Kumar,Female,57,Rajkot,Gujarat,2024-06-18,Premium,YouTube
6579,Riya,Trivedi,Female,18,Nagpur,Maharashtra,2025-08-03,Budget,Referral
6580,Rahul,Patel,Female,25,Nagpur,Maharashtra,2024-05-09,Regular,Email
6581,Ananya,Mehta,Female,32,Chennai,Tamil Nadu,2025-06-21,Premium,Referral
6582,Simran,Kumar,Female,42,Mumbai,Maharashtra,2025-02-02,Premium,YouTube
6583,Simran,Pandya,Male,25,Rajkot,Gujarat,2025-05-04,Regular,YouTube
6584,Krish,Mehta,Female,49,Bengaluru,Karnataka,2023-11-27,Regular,Instagram
6585,Riya,Malhotra,Female,30,Chennai,Tamil Nadu,2025-06-22,Regular,Facebook
6586,Ananya,Kumar,Male,32,Mumbai,Maharashtra,2023-10-19,Budget,Instagram
6587,Krish,Kumar,Female,23,Kolkata,West Bengal,2024-03-01,Premium,Email
6588,Pooja,Soni,Female,50,Indore,Madhya Pradesh,2023-10-22,Premium,Facebook
6589,Priya,Kumar,Female,24,Surat,Gujarat,2025-04-12,Regular,Referral
6590,Neha,Thakkar,Female,50,Surat,Gujarat,2024-05-14,Budget,Referral
6591,Pooja,Shah,Male,46,Rajkot,Gujarat,2025-04-24,Premium,Referral
6592,Simran,Joshi,Male,55,Pune,Maharashtra,2024-10-14,Regular,YouTube
6593,Rohan,Singh,Female,54,Lucknow,Uttar Pradesh,2025-11-26,Budget,Google Ads
6594,Rahul,Singh,Male,49,Pune,Maharashtra,2024-09-25,Budget,Organic Search
6595,Isha,Kapoor,Male,20,Kolkata,West Bengal,2025-01-19,Budget,YouTube
6596,Ishaan,Patel,Male,37,Lucknow,Uttar Pradesh,2024-01-31,Regular,YouTube
6597,Diya,Parmar,Male,31,Lucknow,Uttar Pradesh,2025-11-11,Budget,Facebook
6598,Yash,Patel,Male,45,Vadodara,Gujarat,2024-05-09,Budget,YouTube
6599,Ananya,Pandya,Male,55,Ahmedabad,Gujarat,2025-07-14,Premium,Email
6600,Sneha,Mishra,Female,21,Hyderabad,Telangana,2025-08-07,VIP,Organic Search
6601,Arjun,Thakkar,Female,32,Mumbai,Maharashtra,2025-11-04,Budget,YouTube
6602,Nisha,Joshi,Male,34,Ahmedabad,Gujarat,2025-11-19,Budget,Google Ads
6603,Aanya,Soni,Male,54,Vadodara,Gujarat,2025-11-18,Regular,Facebook
6604,Priya,Patel,Male,41,Nagpur,Maharashtra,2023-06-09,Budget,Referral
6605,Tanya,Kumar,Female,55,Nagpur,Maharashtra,2024-10-31,Budget,Email
6606,Aditya,Pandya,Female,59,Lucknow,Uttar Pradesh,2024-09-11,Regular,Referral
6607,Kavya,Desai,Female,58,Chennai,Tamil Nadu,2024-09-18,Premium,Facebook
6608,Kabir,Singh,Female,53,Vadodara,Gujarat,2023-09-29,VIP,Google Ads
6609,Sneha,Trivedi,Female,58,Indore,Madhya Pradesh,2024-02-24,Premium,Instagram
6610,Aditya,Kumar,Female,25,Indore,Madhya Pradesh,2025-04-29,Regular,Email
6611,Kabir,Thakkar,Male,20,Bengaluru,Karnataka,2024-05-03,Regular,Google Ads
6612,Aanya,Trivedi,Female,47,Nagpur,Maharashtra,2023-06-25,Regular,Referral
6613,Dev,Parmar,Female,39,Ahmedabad,Gujarat,2025-03-06,Regular,Instagram
6614,Pooja,Kapoor,Female,50,Surat,Gujarat,2025-01-31,Regular,Referral
6615,Riya,Soni,Male,42,Rajkot,Gujarat,2024-04-11,Regular,Google Ads
6616,Isha,Parmar,Female,47,Rajkot,Gujarat,2024-03-15,Budget,Instagram
6617,Kabir,Kapoor,Male,54,Hyderabad,Telangana,2025-12-15,Budget,Instagram
6618,Sneha,Parmar,Male,20,Surat,Gujarat,2023-09-30,VIP,Facebook
6619,Ishaan,Desai,Female,21,Lucknow,Uttar Pradesh,2024-12-02,Regular,Organic Search
6620,Rohan,Gupta,Female,46,Vadodara,Gujarat,2025-11-10,Budget,YouTube
6621,Simran,Reddy,Female,49,Nagpur,Maharashtra,2023-06-14,Regular,YouTube
6622,Raj,Verma,Male,40,Lucknow,Uttar Pradesh,2025-06-01,Budget,Google Ads
6623,Priya,Parmar,Female,36,Hyderabad,Telangana,2025-09-18,Budget,Instagram
6624,Sneha,Joshi,Male,32,Vadodara,Gujarat,2025-08-13,Budget,YouTube
6625,Rohan,Desai,Male,33,Delhi,Delhi,2025-06-03,Regular,Google Ads
6626,Neha,Joshi,Female,40,Indore,Madhya Pradesh,2023-07-07,Budget,Google Ads
6627,Nisha,Thakkar,Female,57,Hyderabad,Telangana,2023-07-27,Regular,Email
6628,Raj,Verma,Female,54,Surat,Gujarat,2023-03-15,Budget,Facebook
6629,Rahul,Gupta,Male,18,Jaipur,Rajasthan,2024-11-04,Budget,Facebook
6630,Rohan,Malhotra,Female,36,Hyderabad,Telangana,2024-11-03,Premium,Referral
6631,Aryan,Parmar,Male,54,Ahmedabad,Gujarat,2024-05-04,Premium,Organic Search
6632,Nisha,Gupta,Female,52,Surat,Gujarat,2024-07-25,Regular,Instagram
6633,Diya,Sharma,Male,47,Hyderabad,Telangana,2025-11-15,Budget,YouTube
6634,Vivaan,Verma,Female,34,Kolkata,West Bengal,2025-05-23,Budget,Instagram
6635,Aarav,Malhotra,Female,56,Chennai,Tamil Nadu,2024-05-29,Premium,YouTube
6636,Kabir,Thakkar,Male,43,Indore,Madhya Pradesh,2023-10-07,Budget,YouTube
6637,Tanya,Malhotra,Male,30,Kolkata,West Bengal,2025-03-28,Premium,YouTube
6638,Meera,Joshi,Female,39,Rajkot,Gujarat,2025-07-27,Regular,Referral
6639,Ishaan,Thakkar,Male,40,Vadodara,Gujarat,2025-01-29,Regular,YouTube
6640,Tanya,Sharma,Male,60,Kolkata,West Bengal,2024-07-09,Regular,YouTube
6641,Yash,Desai,Male,50,Nagpur,Maharashtra,2025-11-22,Regular,Email
6642,Yash,Thakkar,Male,44,Jaipur,Rajasthan,2023-10-18,Budget,Email
6643,Karan,Trivedi,Female,52,Delhi,Delhi,2025-02-23,Regular,YouTube
6644,Simran,Singh,Male,29,Chennai,Tamil Nadu,2025-04-05,Premium,Referral
6645,Raj,Thakkar,Female,26,Hyderabad,Telangana,2025-12-02,Budget,Google Ads
6646,Nisha,Kumar,Female,51,Mumbai,Maharashtra,2025-08-28,Regular,Google Ads
6647,Kabir,Malhotra,Female,31,Pune,Maharashtra,2025-01-11,Regular,Facebook
6648,Kavya,Singh,Male,54,Delhi,Delhi,2023-03-24,Regular,YouTube
6649,Tanya,Kumar,Female,20,Rajkot,Gujarat,2024-10-03,Budget,Google Ads
6650,Simran,Mehta,Female,38,Pune,Maharashtra,2023-03-24,Premium,Facebook
6651,Aryan,Mehta,Female,24,Indore,Madhya Pradesh,2024-10-09,Regular,Organic Search
6652,Karan,Pandya,Female,50,Rajkot,Gujarat,2024-09-10,Premium,Google Ads
6653,Simran,Kumar,Female,52,Jaipur,Rajasthan,2023-05-31,Premium,Facebook
6654,Priya,Soni,Male,28,Indore,Madhya Pradesh,2025-08-01,Budget,Instagram
6655,Neha,Pandya,Female,49,Kolkata,West Bengal,2025-05-09,Budget,Google Ads
6656,Ananya,Malhotra,Male,39,Jaipur,Rajasthan,2023-11-15,Premium,YouTube
6657,Vivaan,Sharma,Female,59,Jaipur,Rajasthan,2025-11-26,Regular,Organic Search
6658,Sneha,Singh,Female,36,Rajkot,Gujarat,2023-04-25,Budget,YouTube
6659,Riya,Soni,Male,53,Kolkata,West Bengal,2024-12-05,Premium,Email
6660,Pooja,Singh,Male,54,Indore,Madhya Pradesh,2024-12-26,Regular,Instagram
6661,Yash,Mishra,Female,28,Kolkata,West Bengal,2025-06-05,Regular,Instagram
6662,Aarav,Malhotra,Female,58,Rajkot,Gujarat,2025-02-16,Regular,Google Ads
6663,Sneha,Pandya,Female,30,Rajkot,Gujarat,2025-03-20,Premium,Facebook
6664,Kavya,Parmar,Female,45,Hyderabad,Telangana,2023-06-03,Budget,Organic Search
6665,Kabir,Soni,Female,32,Hyderabad,Telangana,2023-09-10,Regular,Referral
6666,Rohan,Trivedi,Male,30,Indore,Madhya Pradesh,2024-05-16,Regular,Organic Search
6667,Ananya,Mehta,Female,60,Nagpur,Maharashtra,2024-03-23,Premium,Organic Search
6668,Aarav,Patel,Female,50,Hyderabad,Telangana,2025-07-18,Premium,Email
6669,Aarav,Parmar,Male,25,Surat,Gujarat,2025-04-04,Regular,Instagram
6670,Pooja,Shah,Male,49,Hyderabad,Telangana,2025-05-03,Regular,Instagram
6671,Dev,Malhotra,Female,54,Lucknow,Uttar Pradesh,2024-05-21,Regular,Referral
6672,Kavya,Shah,Male,21,Indore,Madhya Pradesh,2023-05-12,Regular,YouTube
6673,Dev,Desai,Male,35,Rajkot,Gujarat,2023-12-17,VIP,Referral
6674,Priya,Sharma,Male,40,Lucknow,Uttar Pradesh,2025-03-28,Regular,YouTube
6675,Ananya,Thakkar,Female,46,Nagpur,Maharashtra,2023-05-06,VIP,Facebook
6676,Isha,Reddy,Female,19,Vadodara,Gujarat,2025-04-14,Regular,Google Ads
6677,Kavya,Shah,Female,30,Jaipur,Rajasthan,2025-06-14,Budget,Facebook
6678,Rahul,Sharma,Male,33,Surat,Gujarat,2025-08-12,Premium,Google Ads
6679,Aditya,Thakkar,Female,25,Lucknow,Uttar Pradesh,2024-04-06,Budget,Email
6680,Raj,Mishra,Female,36,Nagpur,Maharashtra,2024-09-16,Regular,Referral
6681,Diya,Reddy,Male,49,Ahmedabad,Gujarat,2023-04-15,Regular,Instagram
6682,Kabir,Reddy,Female,20,Surat,Gujarat,2023-03-04,Premium,Organic Search
6683,Ananya,Mishra,Male,49,Hyderabad,Telangana,2025-08-20,Budget,Facebook
6684,Isha,Kapoor,Male,58,Kolkata,West Bengal,2025-01-20,Premium,Organic Search
6685,Isha,Reddy,Male,38,Nagpur,Maharashtra,2023-01-26,Premium,Google Ads
6686,Kavya,Soni,Male,42,Ahmedabad,Gujarat,2023-01-01,Budget,Referral
6687,Simran,Reddy,Female,34,Nagpur,Maharashtra,2023-04-04,Premium,Email
6688,Raj,Desai,Female,42,Rajkot,Gujarat,2025-06-01,Budget,Facebook
6689,Isha,Singh,Female,50,Rajkot,Gujarat,2024-03-27,Budget,Organic Search
6690,Rahul,Soni,Male,48,Hyderabad,Telangana,2025-11-01,VIP,Instagram
6691,Isha,Gupta,Female,53,Jaipur,Rajasthan,2023-10-25,Regular,Email
6692,Diya,Patel,Female,40,Hyderabad,Telangana,2023-09-11,Regular,YouTube
6693,Krish,Sharma,Male,42,Indore,Madhya Pradesh,2023-07-28,Regular,Instagram
6694,Raj,Gupta,Male,47,Mumbai,Maharashtra,2025-06-25,Budget,Organic Search
6695,Rahul,Reddy,Female,30,Ahmedabad,Gujarat,2023-10-11,Regular,YouTube
6696,Aditya,Joshi,Male,60,Bengaluru,Karnataka,2023-12-16,Budget,Email
6697,Krish,Shah,Female,46,Hyderabad,Telangana,2023-07-03,Budget,Email
6698,Krish,Malhotra,Male,33,Surat,Gujarat,2023-07-31,Premium,YouTube
6699,Ananya,Verma,Male,55,Surat,Gujarat,2023-06-16,VIP,Google Ads
6700,Kabir,Shah,Female,44,Jaipur,Rajasthan,2025-05-24,Regular,Referral
6701,Ananya,Pandya,Male,43,Pune,Maharashtra,2024-02-11,Budget,Email
6702,Kavya,Mishra,Male,28,Chennai,Tamil Nadu,2024-03-13,Regular,Facebook
6703,Nisha,Shah,Male,54,Hyderabad,Telangana,2024-02-09,Premium,Referral
6704,Raj,Joshi,Female,20,Hyderabad,Telangana,2023-10-02,Budget,Facebook
6705,Isha,Pandya,Female,43,Jaipur,Rajasthan,2024-07-15,Budget,Email
6706,Priya,Agarwal,Female,51,Pune,Maharashtra,2023-04-22,Premium,Referral
6707,Neha,Singh,Male,50,Mumbai,Maharashtra,2025-03-02,Regular,YouTube
6708,Aditya,Parmar,Male,32,Kolkata,West Bengal,2023-10-29,Budget,YouTube
6709,Tanya,Shah,Male,19,Nagpur,Maharashtra,2023-05-16,Budget,Instagram
6710,Rahul,Verma,Male,45,Rajkot,Gujarat,2023-11-29,Premium,YouTube
6711,Rohan,Joshi,Female,37,Indore,Madhya Pradesh,2025-10-23,Regular,Google Ads
6712,Kavya,Patel,Female,55,Delhi,Delhi,2023-03-18,Budget,Google Ads
6713,Simran,Trivedi,Male,33,Nagpur,Maharashtra,2023-07-04,Premium,Facebook
6714,Isha,Sharma,Female,21,Indore,Madhya Pradesh,2024-07-23,Premium,Email
6715,Sneha,Trivedi,Female,25,Nagpur,Maharashtra,2025-11-10,Budget,Facebook
6716,Pooja,Desai,Female,37,Jaipur,Rajasthan,2025-08-10,Regular,Email
6717,Vivaan,Malhotra,Male,43,Indore,Madhya Pradesh,2023-10-26,Budget,Facebook
6718,Simran,Joshi,Female,49,Pune,Maharashtra,2024-04-16,Regular,Email
6719,Ananya,Malhotra,Female,30,Indore,Madhya Pradesh,2024-02-14,Budget,Email
6720,Rohan,Pandya,Female,22,Ahmedabad,Gujarat,2024-11-17,Regular,Facebook
6721,Simran,Pandya,Female,59,Nagpur,Maharashtra,2023-06-14,Regular,Instagram
6722,Riya,Desai,Female,30,Bengaluru,Karnataka,2024-10-19,Regular,Google Ads
6723,Rahul,Patel,Male,58,Jaipur,Rajasthan,2023-06-13,Regular,YouTube
6724,Rahul,Trivedi,Female,28,Ahmedabad,Gujarat,2023-04-14,Budget,Organic Search
6725,Nisha,Parmar,Female,54,Kolkata,West Bengal,2024-08-18,VIP,Organic Search
6726,Aanya,Reddy,Male,49,Kolkata,West Bengal,2023-04-30,Budget,Google Ads
6727,Aanya,Thakkar,Female,59,Jaipur,Rajasthan,2023-09-16,Regular,YouTube
6728,Arjun,Patel,Male,35,Jaipur,Rajasthan,2023-12-30,Budget,Email
6729,Isha,Patel,Male,46,Lucknow,Uttar Pradesh,2024-01-04,Regular,Referral
6730,Pooja,Kapoor,Male,32,Hyderabad,Telangana,2025-08-15,Budget,Facebook
6731,Krish,Malhotra,Male,37,Lucknow,Uttar Pradesh,2024-01-29,Budget,Organic Search
6732,Krish,Soni,Female,53,Pune,Maharashtra,2024-06-13,Regular,Facebook
6733,Raj,Patel,Female,22,Vadodara,Gujarat,2023-05-15,Budget,YouTube
6734,Karan,Parmar,Male,57,Vadodara,Gujarat,2023-02-14,Regular,Facebook
6735,Yash,Thakkar,Female,54,Indore,Madhya Pradesh,2024-09-15,Budget,Facebook
6736,Sneha,Gupta,Male,50,Indore,Madhya Pradesh,2025-07-13,Budget,Facebook
6737,Ananya,Sharma,Female,35,Chennai,Tamil Nadu,2024-08-17,Regular,Google Ads
6738,Meera,Mishra,Female,36,Jaipur,Rajasthan,2025-02-04,Budget,Facebook
6739,Ishaan,Reddy,Male,49,Pune,Maharashtra,2023-10-20,Budget,Instagram
6740,Ananya,Mehta,Female,59,Vadodara,Gujarat,2024-06-19,Budget,YouTube
6741,Yash,Mishra,Male,39,Delhi,Delhi,2024-09-25,Budget,Google Ads
6742,Aditya,Malhotra,Female,58,Jaipur,Rajasthan,2024-04-10,Budget,Google Ads
6743,Isha,Kapoor,Female,18,Nagpur,Maharashtra,2023-02-18,Budget,Organic Search
6744,Aditya,Gupta,Female,42,Surat,Gujarat,2024-10-22,Budget,Email
6745,Meera,Mishra,Male,37,Lucknow,Uttar Pradesh,2024-04-03,Premium,Email
6746,Riya,Parmar,Male,52,Ahmedabad,Gujarat,2024-11-27,Budget,Organic Search
6747,Arjun,Verma,Male,23,Indore,Madhya Pradesh,2025-01-31,Premium,Facebook
6748,Aditya,Mehta,Female,23,Ahmedabad,Gujarat,2024-02-29,Premium,Google Ads
6749,Simran,Patel,Male,54,Surat,Gujarat,2025-01-24,Budget,Referral
6750,Diya,Thakkar,Male,20,Indore,Madhya Pradesh,2025-05-26,Budget,Organic Search
6751,Yash,Verma,Male,54,Rajkot,Gujarat,2024-10-22,Budget,Google Ads
6752,Kabir,Trivedi,Female,48,Vadodara,Gujarat,2023-03-09,Regular,Facebook
6753,Neha,Mishra,Female,52,Bengaluru,Karnataka,2024-05-23,Regular,Organic Search
6754,Isha,Sharma,Female,32,Mumbai,Maharashtra,2025-01-05,Regular,YouTube
6755,Karan,Gupta,Female,34,Chennai,Tamil Nadu,2023-07-29,Regular,Google Ads
6756,Ishaan,Reddy,Male,32,Mumbai,Maharashtra,2024-12-04,Budget,Email
6757,Aanya,Kapoor,Female,22,Nagpur,Maharashtra,2023-05-04,Premium,Facebook
6758,Aarav,Kapoor,Male,39,Chennai,Tamil Nadu,2025-03-06,Regular,Google Ads
6759,Aditya,Malhotra,Female,28,Kolkata,West Bengal,2023-10-19,VIP,Referral
6760,Arjun,Mehta,Male,45,Vadodara,Gujarat,2024-02-25,Regular,Referral
6761,Raj,Malhotra,Male,31,Rajkot,Gujarat,2025-03-22,Budget,Email
6762,Rahul,Thakkar,Female,56,Kolkata,West Bengal,2023-02-19,Premium,Instagram
6763,Simran,Soni,Male,20,Delhi,Delhi,2023-07-02,Regular,Google Ads
6764,Krish,Kapoor,Male,59,Jaipur,Rajasthan,2023-09-04,Regular,Organic Search
6765,Rohan,Verma,Male,28,Surat,Gujarat,2024-10-11,Regular,Referral
6766,Diya,Joshi,Male,47,Surat,Gujarat,2024-07-03,Premium,Facebook
6767,Ananya,Thakkar,Female,55,Surat,Gujarat,2024-07-14,Premium,Email
6768,Ananya,Parmar,Female,22,Hyderabad,Telangana,2023-03-13,Regular,Google Ads
6769,Arjun,Kapoor,Male,39,Bengaluru,Karnataka,2025-02-08,Budget,Email
6770,Kabir,Agarwal,Female,30,Kolkata,West Bengal,2024-07-09,Regular,Facebook
6771,Nisha,Soni,Male,38,Bengaluru,Karnataka,2024-05-18,VIP,Google Ads
6772,Diya,Desai,Male,54,Bengaluru,Karnataka,2024-09-19,Regular,Organic Search
6773,Tanya,Desai,Female,42,Rajkot,Gujarat,2024-10-22,VIP,Organic Search
6774,Diya,Mehta,Male,38,Kolkata,West Bengal,2024-05-22,Regular,Referral
6775,Arjun,Malhotra,Female,45,Bengaluru,Karnataka,2025-12-30,Premium,Facebook
6776,Raj,Mehta,Male,58,Ahmedabad,Gujarat,2023-06-10,Budget,YouTube
6777,Simran,Kumar,Female,21,Hyderabad,Telangana,2023-05-07,Regular,Google Ads
6778,Tanya,Mehta,Female,46,Vadodara,Gujarat,2024-05-04,Regular,Google Ads
6779,Raj,Singh,Male,52,Kolkata,West Bengal,2023-08-27,Regular,Organic Search
6780,Vivaan,Pandya,Female,40,Indore,Madhya Pradesh,2023-06-25,Budget,Organic Search
6781,Aditya,Shah,Male,24,Indore,Madhya Pradesh,2023-07-29,Premium,Referral
6782,Kavya,Agarwal,Female,26,Delhi,Delhi,2023-12-25,Premium,Email
6783,Kabir,Agarwal,Male,40,Mumbai,Maharashtra,2024-09-25,Premium,Google Ads
6784,Neha,Singh,Female,20,Hyderabad,Telangana,2025-11-22,Budget,YouTube
6785,Ananya,Shah,Female,26,Ahmedabad,Gujarat,2024-05-15,Budget,Email
6786,Ishaan,Parmar,Female,21,Rajkot,Gujarat,2023-11-08,Regular,Email
6787,Aryan,Mehta,Male,42,Pune,Maharashtra,2023-04-21,Premium,Instagram
6788,Karan,Joshi,Female,23,Hyderabad,Telangana,2024-06-03,Budget,Google Ads
6789,Raj,Reddy,Male,35,Kolkata,West Bengal,2025-11-18,Regular,Instagram
6790,Vivaan,Reddy,Female,24,Chennai,Tamil Nadu,2025-04-29,Regular,Referral
6791,Kabir,Mishra,Female,52,Hyderabad,Telangana,2025-07-21,Regular,YouTube
6792,Karan,Reddy,Male,48,Mumbai,Maharashtra,2024-02-12,Regular,Google Ads
6793,Neha,Agarwal,Female,55,Vadodara,Gujarat,2024-09-15,Regular,Instagram
6794,Yash,Mishra,Male,49,Kolkata,West Bengal,2024-12-19,Budget,Instagram
6795,Meera,Joshi,Male,52,Kolkata,West Bengal,2024-07-05,Budget,Organic Search
6796,Karan,Parmar,Male,45,Rajkot,Gujarat,2025-02-18,Premium,Email
6797,Dev,Malhotra,Male,22,Pune,Maharashtra,2023-11-16,Regular,Instagram
6798,Pooja,Reddy,Male,47,Delhi,Delhi,2025-12-05,VIP,Instagram
6799,Diya,Thakkar,Female,39,Vadodara,Gujarat,2024-10-28,Budget,Referral
6800,Aditya,Thakkar,Male,34,Rajkot,Gujarat,2024-09-19,Regular,Google Ads
6801,Dev,Kumar,Female,27,Kolkata,West Bengal,2025-11-26,Regular,Organic Search
6802,Rahul,Desai,Male,24,Pune,Maharashtra,2023-03-17,VIP,Organic Search
6803,Aanya,Gupta,Male,21,Delhi,Delhi,2024-09-01,VIP,Google Ads
6804,Aanya,Shah,Female,59,Jaipur,Rajasthan,2024-04-23,Budget,Email
6805,Rohan,Reddy,Female,44,Jaipur,Rajasthan,2024-08-10,Budget,Organic Search
6806,Priya,Kapoor,Male,24,Vadodara,Gujarat,2024-08-15,Regular,Google Ads
6807,Karan,Desai,Male,40,Nagpur,Maharashtra,2023-12-30,Premium,YouTube
6808,Tanya,Shah,Female,28,Chennai,Tamil Nadu,2023-11-05,Regular,Email
6809,Vivaan,Patel,Female,25,Lucknow,Uttar Pradesh,2025-12-22,Premium,YouTube
6810,Ishaan,Kumar,Male,25,Kolkata,West Bengal,2023-09-24,Budget,Google Ads
6811,Raj,Mehta,Male,54,Lucknow,Uttar Pradesh,2023-02-02,Regular,Google Ads
6812,Sneha,Singh,Male,22,Pune,Maharashtra,2023-02-09,Regular,Email
6813,Rohan,Desai,Female,24,Pune,Maharashtra,2024-11-16,Budget,Organic Search
6814,Rahul,Desai,Male,39,Pune,Maharashtra,2023-09-17,Premium,Instagram
6815,Neha,Soni,Female,53,Nagpur,Maharashtra,2025-01-05,Premium,Facebook
6816,Simran,Patel,Female,19,Mumbai,Maharashtra,2023-09-24,Premium,Facebook
6817,Krish,Singh,Male,41,Delhi,Delhi,2024-10-28,Budget,Google Ads
6818,Yash,Desai,Male,19,Kolkata,West Bengal,2024-09-30,Regular,YouTube
6819,Arjun,Trivedi,Female,29,Indore,Madhya Pradesh,2025-10-25,Regular,Email
6820,Sneha,Kapoor,Male,59,Lucknow,Uttar Pradesh,2025-10-17,Budget,Instagram
6821,Rahul,Joshi,Male,43,Nagpur,Maharashtra,2024-03-21,VIP,Referral
6822,Dev,Trivedi,Female,55,Hyderabad,Telangana,2023-10-15,Budget,Google Ads
6823,Aanya,Patel,Male,23,Jaipur,Rajasthan,2025-12-17,Premium,YouTube
6824,Ananya,Gupta,Female,40,Chennai,Tamil Nadu,2025-12-31,Regular,Google Ads
6825,Kabir,Reddy,Female,19,Indore,Madhya Pradesh,2025-03-04,Regular,Referral
6826,Simran,Thakkar,Male,43,Nagpur,Maharashtra,2025-02-13,Budget,Facebook
6827,Aryan,Sharma,Female,31,Hyderabad,Telangana,2023-10-04,Budget,Google Ads
6828,Rohan,Gupta,Female,35,Nagpur,Maharashtra,2025-08-20,Regular,YouTube
6829,Dev,Agarwal,Male,55,Rajkot,Gujarat,2025-01-05,Regular,Facebook
6830,Riya,Soni,Female,49,Indore,Madhya Pradesh,2025-01-05,Premium,Referral
6831,Rahul,Kumar,Male,31,Bengaluru,Karnataka,2023-04-24,Budget,Referral
6832,Diya,Reddy,Female,47,Chennai,Tamil Nadu,2025-02-10,Budget,Organic Search
6833,Neha,Malhotra,Female,30,Bengaluru,Karnataka,2023-06-06,Regular,Google Ads
6834,Nisha,Pandya,Female,57,Chennai,Tamil Nadu,2025-10-09,Premium,Facebook
6835,Aditya,Thakkar,Female,48,Pune,Maharashtra,2023-09-12,Budget,Referral
6836,Dev,Agarwal,Female,54,Mumbai,Maharashtra,2025-11-20,Budget,Email
6837,Ishaan,Malhotra,Female,55,Chennai,Tamil Nadu,2023-04-18,Budget,Organic Search
6838,Ishaan,Joshi,Female,39,Kolkata,West Bengal,2023-10-09,Budget,YouTube
6839,Isha,Kumar,Male,45,Surat,Gujarat,2024-09-12,Budget,YouTube
6840,Arjun,Malhotra,Female,36,Rajkot,Gujarat,2024-01-25,Regular,Email
6841,Arjun,Pandya,Male,60,Mumbai,Maharashtra,2024-06-12,Premium,Referral
6842,Isha,Mishra,Female,33,Hyderabad,Telangana,2025-05-27,Budget,Referral
6843,Aryan,Parmar,Female,22,Bengaluru,Karnataka,2024-03-29,Premium,YouTube
6844,Meera,Trivedi,Male,19,Pune,Maharashtra,2024-05-23,Regular,YouTube
6845,Rohan,Parmar,Male,27,Ahmedabad,Gujarat,2023-04-06,Premium,Google Ads
6846,Kavya,Agarwal,Male,36,Hyderabad,Telangana,2023-07-21,Premium,Instagram
6847,Neha,Malhotra,Female,37,Vadodara,Gujarat,2025-11-26,Premium,Google Ads
6848,Rahul,Kapoor,Male,46,Vadodara,Gujarat,2023-04-01,Regular,Email
6849,Aditya,Reddy,Female,42,Rajkot,Gujarat,2023-08-21,Premium,Email
6850,Kavya,Mehta,Female,34,Indore,Madhya Pradesh,2024-10-20,Regular,Instagram
6851,Aarav,Singh,Male,30,Nagpur,Maharashtra,2025-10-07,Budget,Google Ads
6852,Riya,Verma,Female,33,Kolkata,West Bengal,2025-03-19,Premium,Google Ads
6853,Kavya,Desai,Male,52,Mumbai,Maharashtra,2025-06-30,Regular,Google Ads
6854,Diya,Kapoor,Male,53,Ahmedabad,Gujarat,2023-09-10,Budget,Facebook
6855,Sneha,Trivedi,Male,56,Jaipur,Rajasthan,2024-12-24,Premium,Organic Search
6856,Ishaan,Thakkar,Male,20,Nagpur,Maharashtra,2024-03-16,Regular,Referral
6857,Raj,Agarwal,Female,26,Mumbai,Maharashtra,2025-09-22,Budget,Facebook
6858,Nisha,Malhotra,Female,57,Kolkata,West Bengal,2023-03-05,Regular,Google Ads
6859,Dev,Malhotra,Male,46,Nagpur,Maharashtra,2023-01-05,Regular,Facebook
6860,Aditya,Shah,Male,22,Pune,Maharashtra,2023-03-13,Regular,Google Ads
6861,Aryan,Reddy,Female,20,Mumbai,Maharashtra,2024-09-08,Budget,Email
6862,Tanya,Singh,Female,27,Pune,Maharashtra,2023-11-26,VIP,Google Ads
6863,Yash,Kapoor,Male,48,Jaipur,Rajasthan,2023-12-15,VIP,Facebook
6864,Sneha,Singh,Female,28,Hyderabad,Telangana,2023-12-31,Budget,Instagram
6865,Krish,Singh,Female,34,Delhi,Delhi,2025-03-01,Regular,Email
6866,Aarav,Soni,Female,57,Vadodara,Gujarat,2024-02-20,Budget,YouTube
6867,Aanya,Kumar,Female,58,Kolkata,West Bengal,2024-09-16,Premium,Instagram
6868,Isha,Agarwal,Male,25,Indore,Madhya Pradesh,2024-05-21,Premium,Instagram
6869,Nisha,Gupta,Female,19,Ahmedabad,Gujarat,2024-06-06,Regular,Referral
6870,Aryan,Malhotra,Male,21,Jaipur,Rajasthan,2024-12-06,Premium,YouTube
6871,Aryan,Kapoor,Male,33,Jaipur,Rajasthan,2023-09-07,Regular,Email
6872,Sneha,Thakkar,Male,58,Bengaluru,Karnataka,2025-06-19,Regular,Referral
6873,Dev,Gupta,Female,58,Lucknow,Uttar Pradesh,2023-09-06,Regular,Organic Search
6874,Meera,Parmar,Female,38,Kolkata,West Bengal,2025-05-03,Budget,Organic Search
6875,Ananya,Sharma,Male,22,Rajkot,Gujarat,2024-03-23,Budget,Organic Search
6876,Rohan,Verma,Female,52,Indore,Madhya Pradesh,2023-03-24,Regular,YouTube
6877,Ananya,Verma,Male,31,Indore,Madhya Pradesh,2023-12-05,Budget,Email
6878,Riya,Thakkar,Male,32,Rajkot,Gujarat,2023-04-05,Budget,Email
6879,Sneha,Malhotra,Female,23,Delhi,Delhi,2025-06-30,Budget,Referral
6880,Pooja,Agarwal,Female,33,Lucknow,Uttar Pradesh,2023-09-16,Regular,Organic Search
6881,Tanya,Gupta,Female,40,Hyderabad,Telangana,2023-05-02,VIP,Email
6882,Vivaan,Reddy,Male,48,Surat,Gujarat,2024-06-18,Premium,Instagram
6883,Raj,Agarwal,Male,59,Surat,Gujarat,2025-08-10,Regular,Email
6884,Neha,Parmar,Female,29,Kolkata,West Bengal,2025-06-23,Premium,Referral
6885,Diya,Joshi,Male,58,Rajkot,Gujarat,2025-08-04,Regular,YouTube
6886,Ananya,Verma,Male,36,Jaipur,Rajasthan,2023-04-02,Budget,Instagram
6887,Pooja,Shah,Male,29,Kolkata,West Bengal,2025-11-13,Regular,Email
6888,Dev,Desai,Female,30,Jaipur,Rajasthan,2023-02-21,Budget,Facebook
6889,Krish,Malhotra,Female,19,Bengaluru,Karnataka,2024-12-11,Regular,Facebook
6890,Dev,Parmar,Female,37,Surat,Gujarat,2023-10-21,Budget,Email
6891,Pooja,Kumar,Male,48,Ahmedabad,Gujarat,2023-10-27,Premium,Facebook
6892,Krish,Joshi,Female,26,Chennai,Tamil Nadu,2023-12-11,Budget,Google Ads
6893,Simran,Pandya,Male,38,Rajkot,Gujarat,2023-07-13,Budget,Organic Search
6894,Sneha,Malhotra,Male,25,Vadodara,Gujarat,2024-03-11,VIP,Referral
6895,Aryan,Pandya,Male,56,Surat,Gujarat,2024-01-20,Budget,Instagram
6896,Pooja,Soni,Female,54,Bengaluru,Karnataka,2025-05-04,Regular,Google Ads
6897,Krish,Mishra,Male,46,Ahmedabad,Gujarat,2025-01-20,Budget,Instagram
6898,Aditya,Joshi,Female,36,Delhi,Delhi,2023-11-16,Budget,YouTube
6899,Riya,Shah,Male,52,Chennai,Tamil Nadu,2023-08-27,Regular,Facebook
6900,Diya,Pandya,Female,55,Rajkot,Gujarat,2024-01-27,Regular,Facebook
6901,Vivaan,Kapoor,Female,43,Delhi,Delhi,2024-10-09,Budget,Referral
6902,Dev,Joshi,Female,28,Ahmedabad,Gujarat,2023-01-13,Premium,Facebook
6903,Aditya,Desai,Female,53,Chennai,Tamil Nadu,2024-06-24,Regular,Email
6904,Ishaan,Agarwal,Female,52,Kolkata,West Bengal,2024-11-20,Regular,Instagram
6905,Ishaan,Reddy,Female,21,Nagpur,Maharashtra,2023-09-14,Budget,Email
6906,Priya,Soni,Female,20,Pune,Maharashtra,2023-04-18,Premium,Facebook
6907,Priya,Pandya,Female,29,Hyderabad,Telangana,2023-07-02,Regular,Organic Search
6908,Kavya,Patel,Male,49,Indore,Madhya Pradesh,2024-01-02,Budget,YouTube
6909,Raj,Mishra,Male,43,Delhi,Delhi,2025-10-16,Regular,Facebook
6910,Karan,Trivedi,Male,60,Indore,Madhya Pradesh,2025-04-10,Budget,Organic Search
6911,Sneha,Trivedi,Male,60,Pune,Maharashtra,2025-05-11,Budget,Organic Search
6912,Isha,Agarwal,Male,30,Delhi,Delhi,2025-05-23,Budget,Referral
6913,Vivaan,Pandya,Female,55,Lucknow,Uttar Pradesh,2023-06-22,VIP,Email
6914,Yash,Verma,Female,46,Mumbai,Maharashtra,2025-01-29,Premium,Facebook
6915,Pooja,Mehta,Female,36,Indore,Madhya Pradesh,2025-02-09,Premium,Organic Search
6916,Dev,Trivedi,Female,52,Chennai,Tamil Nadu,2024-03-27,Budget,Google Ads
6917,Aanya,Pandya,Female,58,Surat,Gujarat,2024-04-15,Budget,Google Ads
6918,Kavya,Desai,Male,44,Rajkot,Gujarat,2023-11-17,Budget,Email
6919,Nisha,Verma,Male,48,Chennai,Tamil Nadu,2024-03-16,Regular,Google Ads
6920,Ishaan,Mishra,Female,20,Vadodara,Gujarat,2024-02-03,Budget,Instagram
6921,Diya,Verma,Male,52,Kolkata,West Bengal,2023-07-07,Budget,Organic Search
6922,Isha,Thakkar,Male,41,Vadodara,Gujarat,2025-06-03,Budget,Referral
6923,Meera,Desai,Female,24,Ahmedabad,Gujarat,2025-04-29,Premium,Instagram
6924,Aanya,Malhotra,Female,52,Mumbai,Maharashtra,2025-01-12,Regular,Referral
6925,Aditya,Singh,Male,38,Mumbai,Maharashtra,2025-05-11,Budget,Organic Search
6926,Priya,Trivedi,Male,18,Vadodara,Gujarat,2024-05-29,Premium,Referral
6927,Nisha,Shah,Female,23,Delhi,Delhi,2023-06-30,Premium,Email
6928,Simran,Sharma,Male,56,Chennai,Tamil Nadu,2024-02-14,Budget,Google Ads
6929,Diya,Mishra,Female,51,Chennai,Tamil Nadu,2024-05-30,Budget,Instagram
6930,Rahul,Mehta,Male,35,Chennai,Tamil Nadu,2025-06-30,Premium,Google Ads
6931,Pooja,Thakkar,Male,42,Ahmedabad,Gujarat,2025-05-09,Regular,Facebook
6932,Yash,Malhotra,Female,32,Mumbai,Maharashtra,2025-12-31,Premium,Referral
6933,Ishaan,Joshi,Male,49,Kolkata,West Bengal,2023-07-01,Budget,Google Ads
6934,Ananya,Kumar,Female,59,Jaipur,Rajasthan,2023-04-14,Regular,Google Ads
6935,Ananya,Pandya,Male,35,Surat,Gujarat,2023-10-14,Budget,Email
6936,Diya,Mehta,Male,48,Lucknow,Uttar Pradesh,2023-03-28,Regular,Organic Search
6937,Dev,Desai,Female,46,Chennai,Tamil Nadu,2024-01-21,VIP,Facebook
6938,Yash,Mehta,Male,32,Lucknow,Uttar Pradesh,2024-08-25,Regular,Organic Search
6939,Tanya,Joshi,Female,40,Ahmedabad,Gujarat,2024-11-29,Budget,Instagram
6940,Raj,Gupta,Female,55,Nagpur,Maharashtra,2024-03-18,Regular,Referral
6941,Arjun,Thakkar,Male,58,Nagpur,Maharashtra,2024-08-07,Premium,Referral
6942,Karan,Mishra,Female,28,Vadodara,Gujarat,2023-09-11,Premium,Referral
6943,Kavya,Desai,Female,32,Bengaluru,Karnataka,2025-08-09,Budget,Instagram
6944,Vivaan,Kumar,Female,40,Surat,Gujarat,2023-12-21,VIP,Referral
6945,Simran,Kapoor,Male,20,Kolkata,West Bengal,2024-02-14,Regular,Google Ads
6946,Nisha,Desai,Female,36,Indore,Madhya Pradesh,2024-03-04,Budget,YouTube
6947,Nisha,Desai,Female,18,Lucknow,Uttar Pradesh,2024-04-19,Regular,YouTube
6948,Nisha,Trivedi,Male,41,Pune,Maharashtra,2024-08-10,Regular,Referral
6949,Ananya,Kumar,Female,28,Ahmedabad,Gujarat,2025-09-03,Premium,Instagram
6950,Kabir,Malhotra,Female,47,Chennai,Tamil Nadu,2025-07-05,Regular,Google Ads
6951,Karan,Gupta,Female,28,Hyderabad,Telangana,2023-12-08,Premium,Google Ads
6952,Ananya,Trivedi,Male,56,Jaipur,Rajasthan,2024-04-18,Premium,Organic Search
6953,Sneha,Sharma,Male,18,Bengaluru,Karnataka,2024-02-01,Regular,Organic Search
6954,Krish,Sharma,Male,29,Bengaluru,Karnataka,2025-12-04,Budget,Facebook
6955,Kabir,Shah,Male,21,Kolkata,West Bengal,2024-11-21,VIP,Email
6956,Tanya,Verma,Male,42,Indore,Madhya Pradesh,2025-01-03,Regular,YouTube
6957,Yash,Joshi,Male,25,Indore,Madhya Pradesh,2025-11-06,Premium,Referral
6958,Raj,Thakkar,Female,32,Bengaluru,Karnataka,2023-08-07,Budget,Google Ads
6959,Ishaan,Verma,Male,60,Delhi,Delhi,2024-08-18,VIP,Instagram
6960,Isha,Trivedi,Male,47,Chennai,Tamil Nadu,2023-07-10,Premium,YouTube
6961,Isha,Thakkar,Male,57,Lucknow,Uttar Pradesh,2024-10-05,Premium,Email
6962,Neha,Reddy,Male,49,Pune,Maharashtra,2023-04-04,Budget,Google Ads
6963,Arjun,Malhotra,Female,52,Jaipur,Rajasthan,2023-12-06,Regular,YouTube
6964,Priya,Parmar,Female,38,Pune,Maharashtra,2025-03-18,Budget,Google Ads
6965,Kabir,Reddy,Male,48,Jaipur,Rajasthan,2023-12-26,Budget,Referral
6966,Rohan,Mishra,Female,53,Hyderabad,Telangana,2023-04-22,Budget,Email
6967,Simran,Kapoor,Male,44,Hyderabad,Telangana,2023-10-30,VIP,Facebook
6968,Diya,Joshi,Female,25,Rajkot,Gujarat,2023-02-20,Regular,YouTube
6969,Arjun,Agarwal,Male,40,Nagpur,Maharashtra,2025-03-16,Regular,Email
6970,Tanya,Sharma,Male,40,Hyderabad,Telangana,2024-12-01,VIP,Facebook
6971,Kavya,Malhotra,Male,59,Chennai,Tamil Nadu,2024-10-22,Regular,Facebook
6972,Ananya,Mishra,Male,50,Vadodara,Gujarat,2023-02-05,Premium,Email
6973,Yash,Agarwal,Female,30,Rajkot,Gujarat,2024-09-14,Premium,Instagram
6974,Rohan,Reddy,Male,56,Bengaluru,Karnataka,2024-11-13,Premium,Organic Search
6975,Sneha,Sharma,Female,52,Bengaluru,Karnataka,2025-04-28,Budget,Email
6976,Diya,Agarwal,Female,33,Jaipur,Rajasthan,2025-08-17,VIP,Google Ads
6977,Krish,Mishra,Female,29,Nagpur,Maharashtra,2023-02-14,Regular,Instagram
6978,Dev,Mehta,Male,48,Vadodara,Gujarat,2025-05-22,Regular,Facebook
6979,Karan,Malhotra,Female,22,Chennai,Tamil Nadu,2025-08-09,Premium,Organic Search
6980,Raj,Mehta,Female,57,Rajkot,Gujarat,2024-10-15,Budget,Organic Search
6981,Riya,Sharma,Female,42,Surat,Gujarat,2023-01-15,Regular,Organic Search
6982,Tanya,Pandya,Male,38,Hyderabad,Telangana,2024-10-01,Regular,YouTube
6983,Rohan,Kapoor,Female,20,Ahmedabad,Gujarat,2023-06-16,Budget,Facebook
6984,Aditya,Pandya,Male,27,Chennai,Tamil Nadu,2023-03-04,Budget,YouTube
6985,Ananya,Thakkar,Female,40,Hyderabad,Telangana,2023-07-22,Premium,Organic Search
6986,Arjun,Kapoor,Female,34,Vadodara,Gujarat,2023-10-05,Budget,YouTube
6987,Ananya,Soni,Male,59,Bengaluru,Karnataka,2025-06-13,Premium,Email
6988,Krish,Desai,Male,52,Lucknow,Uttar Pradesh,2024-02-07,Regular,Email
6989,Riya,Verma,Female,42,Kolkata,West Bengal,2023-12-13,Regular,Facebook
6990,Meera,Sharma,Male,19,Chennai,Tamil Nadu,2025-02-25,Premium,Email
6991,Raj,Soni,Female,44,Kolkata,West Bengal,2025-09-02,Regular,Facebook
6992,Dev,Pandya,Female,26,Jaipur,Rajasthan,2025-04-13,Regular,Organic Search
6993,Priya,Pandya,Male,21,Ahmedabad,Gujarat,2023-07-12,Budget,Organic Search
6994,Rohan,Malhotra,Male,43,Delhi,Delhi,2025-06-17,Regular,Email
6995,Nisha,Soni,Male,49,Mumbai,Maharashtra,2023-06-01,Regular,Email
6996,Sneha,Thakkar,Female,46,Delhi,Delhi,2024-01-21,Budget,Organic Search
6997,Riya,Patel,Female,39,Rajkot,Gujarat,2025-09-15,Regular,YouTube
6998,Riya,Verma,Female,30,Rajkot,Gujarat,2023-06-21,Regular,Instagram
6999,Pooja,Kumar,Male,40,Mumbai,Maharashtra,2023-12-03,Premium,Email
7000,Rahul,Pandya,Male,48,Rajkot,Gujarat,2025-06-10,Regular,Referral
7001,Arjun,Mishra,Male,58,Hyderabad,Telangana,2024-08-27,Premium,Referral
7002,Vivaan,Gupta,Female,53,Jaipur,Rajasthan,2024-05-03,Regular,Referral
7003,Kavya,Gupta,Male,57,Mumbai,Maharashtra,2024-10-27,Premium,Email
7004,Diya,Trivedi,Male,48,Bengaluru,Karnataka,2023-04-16,Regular,Facebook
7005,Aanya,Sharma,Female,32,Pune,Maharashtra,2025-05-19,Regular,YouTube
7006,Rohan,Gupta,Male,31,Pune,Maharashtra,2023-12-18,Regular,Referral
7007,Kavya,Shah,Male,52,Nagpur,Maharashtra,2025-04-27,Regular,Organic Search
7008,Arjun,Patel,Female,41,Indore,Madhya Pradesh,2023-02-17,Premium,YouTube
7009,Raj,Parmar,Female,47,Ahmedabad,Gujarat,2023-01-31,Budget,Instagram
7010,Meera,Kapoor,Female,47,Lucknow,Uttar Pradesh,2024-04-19,Budget,Instagram
7011,Sneha,Parmar,Female,44,Hyderabad,Telangana,2024-04-21,Premium,Instagram
7012,Vivaan,Patel,Female,57,Indore,Madhya Pradesh,2023-08-07,Regular,Organic Search
7013,Raj,Verma,Female,31,Pune,Maharashtra,2023-09-02,Budget,Email
7014,Ishaan,Pandya,Male,28,Lucknow,Uttar Pradesh,2024-03-18,Regular,Facebook
7015,Kavya,Thakkar,Male,43,Hyderabad,Telangana,2024-05-15,Regular,Referral
7016,Arjun,Kapoor,Female,38,Indore,Madhya Pradesh,2025-06-16,Regular,Google Ads
7017,Kavya,Soni,Female,26,Bengaluru,Karnataka,2025-02-07,Premium,Referral
7018,Riya,Singh,Male,18,Lucknow,Uttar Pradesh,2023-09-12,Regular,Referral
7019,Riya,Trivedi,Female,23,Rajkot,Gujarat,2023-03-11,Regular,Facebook
7020,Ananya,Verma,Female,18,Hyderabad,Telangana,2024-03-30,Premium,Organic Search
7021,Arjun,Kapoor,Male,39,Jaipur,Rajasthan,2024-07-31,Premium,YouTube
7022,Aryan,Verma,Male,30,Ahmedabad,Gujarat,2025-10-22,Budget,Instagram
7023,Karan,Joshi,Female,55,Nagpur,Maharashtra,2024-05-09,Regular,Google Ads
7024,Meera,Agarwal,Female,58,Hyderabad,Telangana,2023-11-21,Regular,YouTube
7025,Meera,Verma,Male,57,Ahmedabad,Gujarat,2025-02-19,Premium,Instagram
7026,Rahul,Singh,Female,48,Vadodara,Gujarat,2024-02-07,Premium,Referral
7027,Rahul,Verma,Male,32,Chennai,Tamil Nadu,2025-04-30,Regular,Google Ads
7028,Riya,Gupta,Male,19,Bengaluru,Karnataka,2023-05-09,VIP,Facebook
7029,Ananya,Pandya,Female,48,Hyderabad,Telangana,2023-05-26,Regular,Referral
7030,Ananya,Mehta,Male,43,Chennai,Tamil Nadu,2024-05-15,Premium,YouTube
7031,Pooja,Trivedi,Male,19,Lucknow,Uttar Pradesh,2023-01-08,Premium,Email
7032,Riya,Soni,Male,28,Rajkot,Gujarat,2023-08-08,Premium,Referral
7033,Aryan,Malhotra,Female,50,Pune,Maharashtra,2024-12-25,VIP,Google Ads
7034,Arjun,Trivedi,Female,35,Jaipur,Rajasthan,2023-04-12,Regular,Google Ads
7035,Aanya,Verma,Female,38,Kolkata,West Bengal,2025-02-12,Budget,Referral
7036,Aanya,Patel,Male,48,Nagpur,Maharashtra,2023-01-02,Regular,Referral
7037,Rohan,Trivedi,Male,43,Delhi,Delhi,2024-11-25,Premium,Facebook
7038,Riya,Pandya,Female,47,Ahmedabad,Gujarat,2025-02-09,Premium,Facebook
7039,Sneha,Joshi,Male,56,Rajkot,Gujarat,2025-04-13,Regular,YouTube
7040,Ishaan,Gupta,Male,38,Indore,Madhya Pradesh,2025-01-09,Budget,Email
7041,Rohan,Gupta,Female,33,Surat,Gujarat,2023-07-19,Regular,Instagram
7042,Kavya,Patel,Male,24,Kolkata,West Bengal,2023-01-26,Regular,Referral
7043,Simran,Patel,Male,39,Bengaluru,Karnataka,2025-08-01,Budget,Google Ads
7044,Arjun,Thakkar,Male,24,Chennai,Tamil Nadu,2023-04-12,Premium,Organic Search
7045,Yash,Mehta,Male,19,Bengaluru,Karnataka,2025-08-20,Budget,Google Ads
7046,Vivaan,Trivedi,Male,54,Chennai,Tamil Nadu,2025-05-06,Regular,YouTube
7047,Raj,Kapoor,Male,31,Indore,Madhya Pradesh,2024-01-07,Budget,Instagram
7048,Dev,Kapoor,Female,25,Ahmedabad,Gujarat,2023-07-16,Premium,Organic Search
7049,Aryan,Kapoor,Female,46,Ahmedabad,Gujarat,2024-05-24,Regular,Instagram
7050,Dev,Desai,Male,24,Mumbai,Maharashtra,2025-10-11,Regular,Referral
7051,Karan,Mehta,Female,55,Pune,Maharashtra,2025-11-19,Regular,Instagram
7052,Arjun,Shah,Female,39,Nagpur,Maharashtra,2025-07-11,Budget,YouTube
7053,Meera,Agarwal,Female,34,Rajkot,Gujarat,2023-10-26,VIP,Organic Search
7054,Dev,Parmar,Male,33,Indore,Madhya Pradesh,2023-01-21,Premium,Google Ads
7055,Aditya,Shah,Female,50,Surat,Gujarat,2025-11-30,Premium,Facebook
7056,Pooja,Trivedi,Male,56,Hyderabad,Telangana,2025-08-21,Budget,Google Ads
7057,Priya,Pandya,Female,52,Mumbai,Maharashtra,2025-08-24,Budget,Facebook
7058,Meera,Verma,Female,55,Ahmedabad,Gujarat,2024-04-03,Regular,Facebook
7059,Priya,Patel,Male,49,Jaipur,Rajasthan,2024-05-28,Budget,YouTube
7060,Vivaan,Pandya,Female,20,Lucknow,Uttar Pradesh,2025-12-03,Premium,Referral
7061,Nisha,Agarwal,Male,20,Nagpur,Maharashtra,2023-02-10,Regular,Instagram
7062,Riya,Singh,Female,25,Chennai,Tamil Nadu,2025-04-17,Regular,Referral
7063,Dev,Verma,Female,48,Kolkata,West Bengal,2023-09-20,Budget,YouTube
7064,Vivaan,Reddy,Female,26,Indore,Madhya Pradesh,2024-11-15,VIP,Referral
7065,Vivaan,Agarwal,Female,22,Hyderabad,Telangana,2025-10-29,VIP,Referral
7066,Tanya,Reddy,Male,45,Lucknow,Uttar Pradesh,2025-12-12,Budget,Facebook
7067,Neha,Kumar,Male,32,Jaipur,Rajasthan,2025-10-19,Regular,Google Ads
7068,Isha,Soni,Female,44,Kolkata,West Bengal,2023-05-08,Regular,Organic Search
7069,Diya,Thakkar,Male,59,Bengaluru,Karnataka,2024-06-14,Budget,Facebook
7070,Diya,Shah,Female,48,Pune,Maharashtra,2024-10-05,Premium,Organic Search
7071,Krish,Mehta,Male,57,Mumbai,Maharashtra,2024-06-08,Regular,YouTube
7072,Karan,Reddy,Male,35,Ahmedabad,Gujarat,2025-01-26,VIP,Organic Search
7073,Priya,Gupta,Male,55,Indore,Madhya Pradesh,2025-08-23,Premium,Referral
7074,Ishaan,Joshi,Female,21,Hyderabad,Telangana,2025-06-12,Premium,Referral
7075,Neha,Shah,Male,38,Delhi,Delhi,2025-01-28,Regular,Organic Search
7076,Aarav,Singh,Male,59,Rajkot,Gujarat,2023-08-20,Premium,Organic Search
7077,Ishaan,Trivedi,Female,40,Bengaluru,Karnataka,2025-07-21,Regular,Google Ads
7078,Sneha,Parmar,Female,39,Indore,Madhya Pradesh,2023-03-29,Budget,Instagram
7079,Priya,Malhotra,Female,18,Ahmedabad,Gujarat,2025-02-04,Regular,YouTube
7080,Arjun,Thakkar,Male,42,Hyderabad,Telangana,2024-09-28,Regular,Referral
7081,Karan,Verma,Male,58,Kolkata,West Bengal,2023-07-20,VIP,Organic Search
7082,Simran,Malhotra,Male,45,Indore,Madhya Pradesh,2025-09-12,Regular,Referral
7083,Ananya,Sharma,Male,54,Surat,Gujarat,2023-12-27,Budget,Email
7084,Aanya,Malhotra,Male,28,Bengaluru,Karnataka,2023-05-12,Budget,Referral
7085,Yash,Verma,Male,39,Surat,Gujarat,2023-06-26,Premium,Facebook
7086,Isha,Singh,Female,42,Nagpur,Maharashtra,2025-12-11,VIP,Instagram
7087,Aarav,Pandya,Male,38,Kolkata,West Bengal,2023-01-22,Regular,Instagram
7088,Ishaan,Parmar,Male,53,Rajkot,Gujarat,2024-10-14,Budget,Referral
7089,Tanya,Malhotra,Male,37,Surat,Gujarat,2025-02-21,Budget,Google Ads
7090,Aarav,Kumar,Female,33,Delhi,Delhi,2023-06-17,Regular,YouTube
7091,Ananya,Mehta,Male,45,Nagpur,Maharashtra,2025-11-27,VIP,Referral
7092,Tanya,Malhotra,Female,46,Lucknow,Uttar Pradesh,2025-05-22,Premium,Referral
7093,Priya,Mehta,Male,43,Nagpur,Maharashtra,2025-07-28,Premium,Facebook
7094,Dev,Malhotra,Female,57,Rajkot,Gujarat,2024-09-23,Regular,Referral
7095,Karan,Desai,Female,19,Indore,Madhya Pradesh,2025-04-13,Premium,Email
7096,Vivaan,Shah,Female,27,Chennai,Tamil Nadu,2024-12-22,Regular,Facebook
7097,Dev,Kapoor,Male,30,Delhi,Delhi,2024-03-15,Budget,Referral
7098,Neha,Agarwal,Female,32,Nagpur,Maharashtra,2023-08-31,Premium,Referral
7099,Arjun,Shah,Male,26,Hyderabad,Telangana,2024-08-23,Budget,Organic Search
7100,Yash,Trivedi,Female,44,Bengaluru,Karnataka,2025-01-31,Regular,YouTube
7101,Meera,Verma,Male,25,Hyderabad,Telangana,2024-06-26,Regular,Instagram
7102,Simran,Pandya,Female,23,Chennai,Tamil Nadu,2023-10-04,Budget,Email
7103,Ishaan,Agarwal,Female,53,Kolkata,West Bengal,2024-07-03,Budget,Google Ads
7104,Kabir,Desai,Male,41,Indore,Madhya Pradesh,2024-02-07,Regular,YouTube
7105,Aanya,Singh,Female,20,Hyderabad,Telangana,2024-10-11,Premium,Facebook
7106,Ishaan,Singh,Male,43,Bengaluru,Karnataka,2025-09-23,Budget,YouTube
7107,Ishaan,Joshi,Female,53,Jaipur,Rajasthan,2023-03-17,Regular,Google Ads
7108,Raj,Reddy,Female,38,Chennai,Tamil Nadu,2023-12-05,Regular,Facebook
7109,Aditya,Soni,Male,30,Jaipur,Rajasthan,2025-02-03,Budget,Email
7110,Yash,Trivedi,Male,28,Nagpur,Maharashtra,2023-02-07,Budget,Organic Search
7111,Aditya,Kapoor,Male,25,Delhi,Delhi,2023-11-14,Regular,Facebook
7112,Dev,Kapoor,Female,31,Pune,Maharashtra,2024-10-01,Budget,Facebook
7113,Nisha,Mehta,Male,50,Ahmedabad,Gujarat,2024-10-31,Regular,Organic Search
7114,Isha,Reddy,Male,19,Rajkot,Gujarat,2023-11-25,VIP,Google Ads
7115,Kavya,Soni,Female,18,Vadodara,Gujarat,2024-04-20,Budget,Facebook
7116,Vivaan,Pandya,Male,28,Kolkata,West Bengal,2024-06-21,Premium,YouTube
7117,Isha,Reddy,Male,23,Ahmedabad,Gujarat,2023-12-09,Regular,Instagram
7118,Diya,Patel,Female,49,Ahmedabad,Gujarat,2023-05-20,Regular,Google Ads
7119,Vivaan,Patel,Female,32,Indore,Madhya Pradesh,2023-03-14,Premium,Google Ads
7120,Tanya,Trivedi,Female,29,Chennai,Tamil Nadu,2024-03-03,Regular,Google Ads
7121,Kavya,Singh,Female,54,Indore,Madhya Pradesh,2025-09-09,Budget,YouTube
7122,Riya,Pandya,Female,46,Rajkot,Gujarat,2024-08-22,Budget,YouTube
7123,Rahul,Thakkar,Male,39,Indore,Madhya Pradesh,2023-04-07,Premium,YouTube
7124,Tanya,Shah,Female,31,Kolkata,West Bengal,2024-04-22,Budget,Referral
7125,Pooja,Parmar,Female,36,Delhi,Delhi,2025-10-18,Regular,YouTube
7126,Dev,Parmar,Female,22,Mumbai,Maharashtra,2024-05-05,Regular,Organic Search
7127,Tanya,Patel,Male,52,Chennai,Tamil Nadu,2024-02-10,Regular,Facebook
7128,Dev,Thakkar,Male,42,Surat,Gujarat,2024-12-15,Premium,Google Ads
7129,Kabir,Reddy,Male,55,Pune,Maharashtra,2024-03-22,Regular,Referral
7130,Aarav,Singh,Male,26,Nagpur,Maharashtra,2024-11-29,Regular,Google Ads
7131,Raj,Mishra,Female,24,Ahmedabad,Gujarat,2025-11-09,Regular,Email
7132,Neha,Soni,Female,35,Mumbai,Maharashtra,2024-08-07,Budget,Instagram
7133,Aryan,Malhotra,Female,19,Delhi,Delhi,2024-03-02,Regular,Facebook
7134,Kavya,Mehta,Male,27,Hyderabad,Telangana,2025-08-11,Premium,Instagram
7135,Dev,Soni,Female,19,Indore,Madhya Pradesh,2025-04-29,Regular,Facebook
7136,Ananya,Mishra,Male,25,Ahmedabad,Gujarat,2024-08-16,VIP,Facebook
7137,Rohan,Verma,Male,24,Nagpur,Maharashtra,2023-12-22,Budget,Facebook
7138,Kavya,Sharma,Male,52,Kolkata,West Bengal,2023-01-27,VIP,Google Ads
7139,Diya,Verma,Female,40,Mumbai,Maharashtra,2025-12-06,Regular,Instagram
7140,Raj,Pandya,Female,25,Pune,Maharashtra,2024-03-31,Premium,Instagram
7141,Kavya,Gupta,Female,38,Kolkata,West Bengal,2023-04-22,Regular,YouTube
7142,Pooja,Desai,Female,50,Lucknow,Uttar Pradesh,2025-01-16,Regular,Instagram
7143,Riya,Parmar,Male,18,Pune,Maharashtra,2024-01-10,Premium,YouTube
7144,Aanya,Malhotra,Female,29,Lucknow,Uttar Pradesh,2025-04-24,Premium,Email
7145,Ishaan,Joshi,Male,28,Indore,Madhya Pradesh,2023-05-06,Regular,YouTube
7146,Nisha,Joshi,Male,47,Kolkata,West Bengal,2025-10-27,Regular,Referral
7147,Aryan,Sharma,Male,21,Indore,Madhya Pradesh,2024-07-15,Regular,Facebook
7148,Diya,Gupta,Male,51,Hyderabad,Telangana,2024-07-31,Premium,Google Ads
7149,Vivaan,Sharma,Male,40,Chennai,Tamil Nadu,2023-12-28,Regular,Referral
7150,Simran,Gupta,Male,49,Kolkata,West Bengal,2024-11-09,Regular,Facebook
7151,Pooja,Soni,Male,20,Delhi,Delhi,2025-09-09,Premium,Organic Search
7152,Vivaan,Singh,Female,45,Lucknow,Uttar Pradesh,2025-02-02,Regular,Email
7153,Yash,Parmar,Female,21,Vadodara,Gujarat,2025-02-13,Regular,Referral
7154,Kabir,Desai,Male,29,Indore,Madhya Pradesh,2025-03-10,Budget,Google Ads
7155,Aryan,Kapoor,Female,41,Pune,Maharashtra,2023-10-02,Regular,Email
7156,Yash,Gupta,Female,50,Surat,Gujarat,2024-01-31,Regular,Referral
7157,Simran,Shah,Female,20,Chennai,Tamil Nadu,2025-06-24,Budget,Facebook
7158,Aryan,Trivedi,Female,21,Jaipur,Rajasthan,2024-05-06,Regular,Google Ads
7159,Dev,Mishra,Male,47,Indore,Madhya Pradesh,2024-01-12,Regular,Email
7160,Pooja,Sharma,Female,23,Hyderabad,Telangana,2024-10-20,Regular,Referral
7161,Vivaan,Gupta,Male,47,Surat,Gujarat,2024-06-24,Regular,YouTube
7162,Diya,Kumar,Male,25,Ahmedabad,Gujarat,2025-04-18,Regular,Instagram
7163,Riya,Mehta,Female,35,Rajkot,Gujarat,2023-11-16,Budget,Facebook
7164,Karan,Reddy,Female,33,Kolkata,West Bengal,2023-08-13,Budget,YouTube
7165,Tanya,Mehta,Male,23,Hyderabad,Telangana,2024-03-31,Regular,Email
7166,Vivaan,Malhotra,Male,41,Ahmedabad,Gujarat,2024-10-12,Budget,Email
7167,Aarav,Singh,Female,45,Bengaluru,Karnataka,2024-02-21,Regular,Referral
7168,Meera,Shah,Female,49,Hyderabad,Telangana,2025-03-14,VIP,Referral
7169,Tanya,Kapoor,Male,42,Lucknow,Uttar Pradesh,2025-02-17,Regular,Google Ads
7170,Arjun,Soni,Female,45,Nagpur,Maharashtra,2025-03-08,Budget,YouTube
7171,Neha,Desai,Male,38,Surat,Gujarat,2024-08-31,Budget,Email
7172,Kavya,Patel,Male,25,Ahmedabad,Gujarat,2025-03-03,Budget,Google Ads
7173,Nisha,Verma,Male,53,Surat,Gujarat,2025-10-11,Budget,Instagram
7174,Vivaan,Shah,Male,26,Pune,Maharashtra,2025-12-16,Regular,Instagram
7175,Pooja,Parmar,Female,57,Delhi,Delhi,2024-08-20,Budget,Google Ads
7176,Krish,Parmar,Male,38,Chennai,Tamil Nadu,2025-08-30,Premium,YouTube
7177,Vivaan,Joshi,Male,18,Lucknow,Uttar Pradesh,2023-01-06,Premium,Google Ads
7178,Ananya,Soni,Female,21,Kolkata,West Bengal,2023-11-06,Regular,Referral
7179,Yash,Gupta,Female,27,Delhi,Delhi,2025-02-23,Budget,Google Ads
7180,Rohan,Mishra,Male,43,Surat,Gujarat,2025-05-05,Premium,YouTube
7181,Tanya,Pandya,Female,57,Delhi,Delhi,2025-06-23,Budget,Instagram
7182,Riya,Trivedi,Female,20,Indore,Madhya Pradesh,2025-10-22,Budget,Email
7183,Karan,Shah,Male,26,Rajkot,Gujarat,2025-02-12,Regular,Instagram
7184,Neha,Malhotra,Female,49,Delhi,Delhi,2025-01-23,Regular,Referral
7185,Priya,Patel,Female,20,Indore,Madhya Pradesh,2025-04-02,Regular,YouTube
7186,Dev,Agarwal,Female,21,Rajkot,Gujarat,2023-02-27,Budget,Organic Search
7187,Krish,Soni,Female,23,Hyderabad,Telangana,2024-06-01,Budget,Facebook
7188,Krish,Joshi,Female,26,Hyderabad,Telangana,2023-01-30,Premium,YouTube
7189,Rohan,Thakkar,Male,43,Nagpur,Maharashtra,2023-05-31,Regular,Instagram
7190,Aanya,Joshi,Female,19,Delhi,Delhi,2024-07-01,Budget,Instagram
7191,Neha,Patel,Male,19,Hyderabad,Telangana,2023-04-20,Regular,Organic Search
7192,Krish,Sharma,Male,38,Jaipur,Rajasthan,2023-08-29,Budget,YouTube
7193,Vivaan,Mehta,Female,39,Rajkot,Gujarat,2025-11-19,Regular,YouTube
7194,Simran,Trivedi,Female,20,Kolkata,West Bengal,2024-04-10,Budget,YouTube
7195,Yash,Mehta,Female,52,Rajkot,Gujarat,2024-04-09,Regular,Instagram
7196,Kavya,Mishra,Female,55,Lucknow,Uttar Pradesh,2023-08-25,Regular,Organic Search
7197,Neha,Sharma,Female,50,Lucknow,Uttar Pradesh,2024-01-09,Premium,Referral
7198,Rahul,Mehta,Female,32,Chennai,Tamil Nadu,2024-08-22,Budget,Google Ads
7199,Arjun,Malhotra,Female,28,Chennai,Tamil Nadu,2024-05-30,Regular,Facebook
7200,Raj,Pandya,Female,27,Kolkata,West Bengal,2023-09-09,VIP,Google Ads
7201,Arjun,Singh,Female,53,Chennai,Tamil Nadu,2024-07-16,Regular,Referral
7202,Kavya,Sharma,Female,31,Lucknow,Uttar Pradesh,2024-06-19,VIP,Instagram
7203,Krish,Gupta,Female,19,Delhi,Delhi,2025-12-05,Premium,Google Ads
7204,Diya,Joshi,Female,54,Kolkata,West Bengal,2024-09-19,Regular,YouTube
7205,Arjun,Soni,Male,46,Kolkata,West Bengal,2024-08-29,Budget,Email
7206,Neha,Verma,Female,52,Lucknow,Uttar Pradesh,2024-03-10,Premium,YouTube
7207,Pooja,Kapoor,Male,37,Ahmedabad,Gujarat,2024-09-02,Regular,Facebook
7208,Aarav,Parmar,Male,38,Surat,Gujarat,2023-10-03,Regular,YouTube
7209,Raj,Soni,Female,51,Pune,Maharashtra,2025-04-27,Regular,Email
7210,Arjun,Kapoor,Male,60,Indore,Madhya Pradesh,2025-06-22,Regular,Instagram
7211,Riya,Reddy,Female,50,Pune,Maharashtra,2024-10-28,Regular,Google Ads
7212,Aanya,Patel,Female,36,Ahmedabad,Gujarat,2025-02-20,Regular,YouTube
7213,Rahul,Mishra,Male,25,Hyderabad,Telangana,2025-04-12,Budget,Referral
7214,Aditya,Shah,Female,48,Indore,Madhya Pradesh,2024-05-18,Premium,Google Ads
7215,Sneha,Soni,Male,28,Hyderabad,Telangana,2023-10-03,Premium,Facebook
7216,Raj,Sharma,Male,25,Indore,Madhya Pradesh,2023-11-22,Regular,Organic Search
7217,Nisha,Gupta,Female,42,Vadodara,Gujarat,2024-07-10,Budget,Referral
7218,Diya,Trivedi,Male,37,Bengaluru,Karnataka,2024-05-27,Budget,Referral
7219,Nisha,Mishra,Male,55,Hyderabad,Telangana,2023-10-22,Budget,Google Ads
7220,Rohan,Singh,Female,24,Indore,Madhya Pradesh,2024-01-10,Budget,Facebook
7221,Arjun,Agarwal,Male,30,Hyderabad,Telangana,2023-02-25,Regular,Facebook
7222,Priya,Desai,Female,56,Ahmedabad,Gujarat,2025-06-30,Budget,Referral
7223,Kabir,Agarwal,Female,60,Pune,Maharashtra,2023-01-20,Budget,YouTube
7224,Meera,Kumar,Female,27,Mumbai,Maharashtra,2025-05-01,Regular,Referral
7225,Krish,Soni,Female,25,Nagpur,Maharashtra,2024-08-13,VIP,Referral
7226,Karan,Mehta,Male,59,Indore,Madhya Pradesh,2025-07-09,Budget,Referral
7227,Krish,Gupta,Female,60,Chennai,Tamil Nadu,2024-01-01,Regular,Email
7228,Rahul,Malhotra,Male,37,Lucknow,Uttar Pradesh,2023-01-01,VIP,Google Ads
7229,Yash,Mishra,Male,34,Jaipur,Rajasthan,2025-07-01,Premium,Facebook
7230,Diya,Singh,Female,28,Nagpur,Maharashtra,2025-04-27,Regular,Facebook
7231,Isha,Soni,Female,33,Jaipur,Rajasthan,2024-12-25,Regular,Facebook
7232,Raj,Mishra,Female,54,Indore,Madhya Pradesh,2025-01-29,Budget,Instagram
7233,Sneha,Trivedi,Male,59,Nagpur,Maharashtra,2023-08-15,Budget,Referral
7234,Krish,Sharma,Female,49,Rajkot,Gujarat,2025-11-13,Regular,Google Ads
7235,Karan,Desai,Male,43,Jaipur,Rajasthan,2024-12-02,Regular,Google Ads
7236,Krish,Mishra,Female,54,Rajkot,Gujarat,2023-11-04,Regular,Facebook
7237,Ananya,Trivedi,Female,26,Chennai,Tamil Nadu,2025-08-19,Budget,Google Ads
7238,Yash,Malhotra,Male,52,Chennai,Tamil Nadu,2024-07-22,Regular,Google Ads
7239,Isha,Parmar,Male,20,Ahmedabad,Gujarat,2024-09-12,Budget,Instagram
7240,Aryan,Malhotra,Female,48,Rajkot,Gujarat,2024-10-14,Regular,Facebook
7241,Kavya,Kapoor,Female,59,Rajkot,Gujarat,2025-03-07,Regular,Google Ads
7242,Ananya,Kumar,Female,24,Hyderabad,Telangana,2024-04-24,Regular,Email
7243,Yash,Parmar,Male,19,Indore,Madhya Pradesh,2025-06-20,Budget,Facebook
7244,Vivaan,Mehta,Female,42,Nagpur,Maharashtra,2025-06-15,Budget,Google Ads
7245,Rohan,Patel,Female,57,Pune,Maharashtra,2025-07-08,Budget,Instagram
7246,Raj,Soni,Male,29,Kolkata,West Bengal,2024-08-08,Regular,Referral
7247,Nisha,Singh,Female,47,Kolkata,West Bengal,2023-09-19,Budget,Email
7248,Riya,Mishra,Male,47,Rajkot,Gujarat,2024-02-08,Regular,YouTube
7249,Sneha,Soni,Male,46,Bengaluru,Karnataka,2024-11-25,Budget,YouTube
7250,Kabir,Pandya,Female,58,Ahmedabad,Gujarat,2025-02-24,Regular,Referral
7251,Nisha,Agarwal,Female,28,Hyderabad,Telangana,2023-10-04,Regular,Email
7252,Krish,Kumar,Male,40,Surat,Gujarat,2024-11-07,Regular,YouTube
7253,Ananya,Singh,Male,34,Nagpur,Maharashtra,2023-08-05,Budget,Organic Search
7254,Ishaan,Gupta,Female,30,Ahmedabad,Gujarat,2023-07-09,Regular,Email
7255,Aarav,Reddy,Male,50,Pune,Maharashtra,2025-11-07,Regular,Organic Search
7256,Priya,Thakkar,Male,18,Pune,Maharashtra,2025-01-13,Budget,Referral
7257,Aditya,Shah,Female,57,Delhi,Delhi,2023-08-31,Budget,Organic Search
7258,Isha,Pandya,Male,30,Pune,Maharashtra,2023-02-22,Regular,Referral
7259,Tanya,Kapoor,Male,55,Hyderabad,Telangana,2024-07-15,VIP,Google Ads
7260,Meera,Shah,Male,20,Pune,Maharashtra,2025-02-10,Budget,YouTube
7261,Krish,Trivedi,Male,33,Ahmedabad,Gujarat,2023-11-15,Regular,YouTube
7262,Kavya,Kumar,Male,59,Nagpur,Maharashtra,2024-12-07,Premium,Email
7263,Sneha,Soni,Male,24,Vadodara,Gujarat,2023-09-05,Regular,Google Ads
7264,Kabir,Malhotra,Female,20,Vadodara,Gujarat,2023-06-26,Regular,Google Ads
7265,Raj,Parmar,Female,31,Chennai,Tamil Nadu,2023-01-13,Regular,Facebook
7266,Nisha,Malhotra,Female,33,Nagpur,Maharashtra,2023-10-16,Budget,Facebook
7267,Riya,Kapoor,Female,21,Delhi,Delhi,2024-03-06,Regular,Google Ads
7268,Aditya,Shah,Male,48,Chennai,Tamil Nadu,2024-07-29,Budget,Referral
7269,Rohan,Gupta,Female,30,Pune,Maharashtra,2023-02-03,Budget,Referral
7270,Aryan,Sharma,Male,44,Lucknow,Uttar Pradesh,2024-10-02,Budget,Referral
7271,Rahul,Kumar,Female,18,Vadodara,Gujarat,2023-05-13,Regular,Email
7272,Pooja,Patel,Male,42,Nagpur,Maharashtra,2025-06-15,VIP,Instagram
7273,Kavya,Patel,Female,54,Delhi,Delhi,2025-09-08,Regular,Instagram
7274,Vivaan,Desai,Male,28,Lucknow,Uttar Pradesh,2024-02-05,Budget,Facebook
7275,Raj,Thakkar,Female,26,Rajkot,Gujarat,2024-08-28,Regular,YouTube
7276,Rohan,Soni,Female,24,Hyderabad,Telangana,2024-09-02,Regular,Instagram
7277,Tanya,Kapoor,Female,31,Ahmedabad,Gujarat,2025-12-19,Regular,YouTube
7278,Nisha,Mehta,Female,47,Hyderabad,Telangana,2024-10-02,Regular,YouTube
7279,Pooja,Sharma,Female,41,Lucknow,Uttar Pradesh,2023-05-12,Premium,Organic Search
7280,Kabir,Sharma,Male,20,Lucknow,Uttar Pradesh,2024-01-28,Budget,Referral
7281,Sneha,Parmar,Female,56,Lucknow,Uttar Pradesh,2025-03-23,Budget,Referral
7282,Aarav,Joshi,Male,44,Bengaluru,Karnataka,2025-07-16,Regular,Referral
7283,Riya,Trivedi,Female,18,Bengaluru,Karnataka,2024-08-03,Regular,Google Ads
7284,Yash,Parmar,Female,55,Pune,Maharashtra,2023-01-14,Premium,Instagram
7285,Sneha,Mishra,Female,43,Lucknow,Uttar Pradesh,2024-03-10,Premium,Instagram
7286,Ishaan,Agarwal,Male,23,Jaipur,Rajasthan,2024-04-18,Premium,YouTube
7287,Karan,Agarwal,Female,59,Ahmedabad,Gujarat,2023-05-31,Budget,YouTube
7288,Ananya,Patel,Female,29,Delhi,Delhi,2024-04-14,Regular,Referral
7289,Kavya,Pandya,Male,55,Nagpur,Maharashtra,2024-02-15,Regular,Google Ads
7290,Neha,Shah,Male,52,Rajkot,Gujarat,2023-12-11,Premium,Referral
7291,Ishaan,Pandya,Male,27,Bengaluru,Karnataka,2025-03-14,Budget,Email
7292,Kavya,Verma,Male,26,Mumbai,Maharashtra,2024-06-27,Budget,Instagram
7293,Simran,Kumar,Female,40,Jaipur,Rajasthan,2023-07-13,Premium,Referral
7294,Diya,Malhotra,Male,47,Rajkot,Gujarat,2025-07-26,Regular,Referral
7295,Aditya,Agarwal,Male,39,Nagpur,Maharashtra,2024-09-20,Premium,Instagram
7296,Riya,Trivedi,Female,26,Chennai,Tamil Nadu,2024-03-05,Budget,Google Ads
7297,Krish,Trivedi,Male,36,Ahmedabad,Gujarat,2023-08-05,Premium,Google Ads
7298,Aditya,Reddy,Male,25,Jaipur,Rajasthan,2025-10-17,Regular,Organic Search
7299,Aarav,Singh,Male,21,Hyderabad,Telangana,2025-08-27,Regular,Email
7300,Simran,Soni,Female,22,Mumbai,Maharashtra,2024-04-29,Regular,YouTube
7301,Priya,Desai,Male,36,Ahmedabad,Gujarat,2024-08-23,Premium,Instagram
7302,Ananya,Verma,Male,35,Hyderabad,Telangana,2023-12-26,Regular,YouTube
7303,Aarav,Mishra,Male,46,Chennai,Tamil Nadu,2024-10-30,Budget,Instagram
7304,Isha,Patel,Female,36,Surat,Gujarat,2024-02-25,Regular,Organic Search
7305,Vivaan,Thakkar,Female,23,Nagpur,Maharashtra,2024-08-03,Regular,Google Ads
7306,Riya,Singh,Male,22,Hyderabad,Telangana,2025-02-20,Budget,Referral
7307,Rahul,Parmar,Female,60,Chennai,Tamil Nadu,2024-05-31,Budget,Organic Search
7308,Kabir,Reddy,Male,22,Hyderabad,Telangana,2023-08-31,Regular,Google Ads
7309,Diya,Pandya,Female,25,Kolkata,West Bengal,2024-09-21,Budget,Organic Search
7310,Meera,Sharma,Female,44,Mumbai,Maharashtra,2025-10-13,Budget,Google Ads
7311,Aarav,Soni,Male,54,Jaipur,Rajasthan,2023-06-21,Premium,Organic Search
7312,Aditya,Parmar,Male,60,Jaipur,Rajasthan,2024-10-16,Budget,Email
7313,Tanya,Sharma,Male,55,Rajkot,Gujarat,2025-02-07,Regular,Organic Search
7314,Aditya,Singh,Female,54,Jaipur,Rajasthan,2024-04-04,Regular,Instagram
7315,Rohan,Malhotra,Male,35,Chennai,Tamil Nadu,2024-06-15,Regular,Organic Search
7316,Nisha,Reddy,Female,43,Jaipur,Rajasthan,2023-10-18,Regular,Google Ads
7317,Yash,Shah,Female,59,Ahmedabad,Gujarat,2024-10-20,Premium,Referral
7318,Yash,Soni,Male,33,Delhi,Delhi,2025-05-01,Regular,Organic Search
7319,Riya,Pandya,Female,39,Mumbai,Maharashtra,2024-07-07,Regular,Email
7320,Raj,Agarwal,Female,40,Rajkot,Gujarat,2024-03-03,Regular,YouTube
7321,Riya,Joshi,Male,20,Nagpur,Maharashtra,2024-04-15,Regular,Email
7322,Aryan,Thakkar,Female,20,Nagpur,Maharashtra,2025-05-15,Budget,Email
7323,Karan,Parmar,Female,29,Ahmedabad,Gujarat,2024-05-27,Premium,Facebook
7324,Arjun,Desai,Male,40,Pune,Maharashtra,2023-11-20,Budget,YouTube
7325,Meera,Trivedi,Male,28,Ahmedabad,Gujarat,2023-09-12,Regular,Facebook
7326,Kavya,Sharma,Male,59,Delhi,Delhi,2024-12-21,Premium,Referral
7327,Meera,Sharma,Female,46,Hyderabad,Telangana,2024-08-12,Premium,Organic Search
7328,Rahul,Gupta,Female,23,Hyderabad,Telangana,2023-02-20,Budget,Instagram
7329,Nisha,Mishra,Female,33,Delhi,Delhi,2025-03-10,Regular,Email
7330,Raj,Soni,Male,51,Bengaluru,Karnataka,2023-04-10,Budget,Email
7331,Ishaan,Kapoor,Female,54,Chennai,Tamil Nadu,2024-04-08,Premium,Organic Search
7332,Raj,Agarwal,Female,28,Hyderabad,Telangana,2024-05-13,Regular,Email
7333,Raj,Gupta,Female,28,Lucknow,Uttar Pradesh,2025-07-03,Budget,Email
7334,Tanya,Malhotra,Male,42,Rajkot,Gujarat,2023-08-25,Regular,Facebook
7335,Pooja,Joshi,Male,36,Indore,Madhya Pradesh,2024-04-16,Regular,Instagram
7336,Kavya,Pandya,Male,49,Indore,Madhya Pradesh,2023-06-06,Budget,Facebook
7337,Tanya,Soni,Female,25,Mumbai,Maharashtra,2023-10-25,Regular,Email
7338,Riya,Verma,Female,29,Jaipur,Rajasthan,2025-11-03,Budget,Instagram
7339,Ananya,Malhotra,Male,58,Indore,Madhya Pradesh,2023-04-26,VIP,YouTube
7340,Priya,Gupta,Male,52,Hyderabad,Telangana,2023-05-19,Regular,Facebook
7341,Raj,Thakkar,Female,23,Mumbai,Maharashtra,2023-03-16,Regular,Organic Search
7342,Kavya,Desai,Male,38,Chennai,Tamil Nadu,2025-03-25,Premium,Google Ads
7343,Ishaan,Parmar,Female,43,Rajkot,Gujarat,2025-11-13,Regular,YouTube
7344,Meera,Kumar,Male,18,Rajkot,Gujarat,2024-02-10,Regular,YouTube
7345,Kabir,Singh,Male,34,Surat,Gujarat,2025-08-08,Budget,Email
7346,Riya,Mehta,Male,52,Surat,Gujarat,2024-07-20,Premium,Email
7347,Kabir,Shah,Female,44,Bengaluru,Karnataka,2023-11-22,Premium,YouTube
7348,Dev,Reddy,Male,19,Ahmedabad,Gujarat,2023-11-25,Budget,Organic Search
7349,Simran,Malhotra,Female,53,Surat,Gujarat,2023-03-30,Regular,Organic Search
7350,Diya,Malhotra,Male,18,Jaipur,Rajasthan,2023-01-15,Premium,Facebook
7351,Meera,Kapoor,Male,27,Indore,Madhya Pradesh,2024-09-25,Regular,Instagram
7352,Simran,Sharma,Female,48,Lucknow,Uttar Pradesh,2023-06-27,Regular,Facebook
7353,Sneha,Trivedi,Female,54,Rajkot,Gujarat,2023-09-26,Regular,Facebook
7354,Ishaan,Thakkar,Male,22,Surat,Gujarat,2023-12-05,Premium,YouTube
7355,Raj,Sharma,Female,58,Kolkata,West Bengal,2024-01-27,Premium,Facebook
7356,Tanya,Mehta,Male,30,Pune,Maharashtra,2023-05-21,Premium,Organic Search
7357,Aryan,Mehta,Female,41,Delhi,Delhi,2023-06-18,Premium,Instagram
7358,Riya,Pandya,Female,44,Bengaluru,Karnataka,2025-11-06,Premium,Organic Search
7359,Neha,Soni,Male,18,Delhi,Delhi,2023-01-05,Budget,YouTube
7360,Meera,Kapoor,Male,37,Surat,Gujarat,2024-09-10,Budget,Facebook
7361,Diya,Mehta,Female,25,Kolkata,West Bengal,2025-02-07,Premium,Email
7362,Karan,Sharma,Female,20,Lucknow,Uttar Pradesh,2024-11-10,Budget,Referral
7363,Meera,Sharma,Male,49,Pune,Maharashtra,2024-04-07,Premium,Facebook
7364,Yash,Joshi,Female,42,Lucknow,Uttar Pradesh,2024-01-17,Premium,Referral
7365,Ananya,Mehta,Female,42,Rajkot,Gujarat,2024-04-26,Regular,Organic Search
7366,Sneha,Pandya,Female,31,Kolkata,West Bengal,2024-09-16,Regular,Referral
7367,Krish,Malhotra,Female,60,Ahmedabad,Gujarat,2024-04-20,Budget,Referral
7368,Ishaan,Soni,Male,44,Nagpur,Maharashtra,2024-04-09,Budget,YouTube
7369,Simran,Kapoor,Male,49,Jaipur,Rajasthan,2024-05-08,Regular,YouTube
7370,Dev,Parmar,Female,44,Rajkot,Gujarat,2024-06-18,Budget,Referral
7371,Nisha,Verma,Female,21,Surat,Gujarat,2024-09-22,Premium,Email
7372,Ishaan,Mishra,Male,56,Delhi,Delhi,2023-10-09,Budget,YouTube
7373,Rahul,Verma,Female,28,Ahmedabad,Gujarat,2025-04-10,Premium,Organic Search
7374,Vivaan,Malhotra,Female,20,Delhi,Delhi,2024-03-05,Budget,Referral
7375,Ishaan,Trivedi,Female,42,Lucknow,Uttar Pradesh,2024-08-03,Regular,Referral
7376,Meera,Joshi,Female,41,Mumbai,Maharashtra,2025-05-07,Regular,Google Ads
7377,Rahul,Soni,Female,26,Chennai,Tamil Nadu,2023-09-10,Budget,Organic Search
7378,Krish,Parmar,Male,25,Surat,Gujarat,2024-07-16,Regular,YouTube
7379,Riya,Kumar,Female,56,Bengaluru,Karnataka,2025-12-02,Premium,Facebook
7380,Rahul,Pandya,Female,48,Chennai,Tamil Nadu,2024-06-20,Budget,Instagram
7381,Isha,Singh,Female,34,Delhi,Delhi,2025-06-16,Budget,Facebook
7382,Dev,Trivedi,Male,60,Indore,Madhya Pradesh,2023-09-27,Regular,YouTube
7383,Tanya,Malhotra,Female,48,Hyderabad,Telangana,2024-09-07,Premium,Referral
7384,Aarav,Desai,Female,21,Chennai,Tamil Nadu,2025-07-24,Budget,Organic Search
7385,Aditya,Agarwal,Male,21,Chennai,Tamil Nadu,2023-10-22,Budget,Google Ads
7386,Kabir,Malhotra,Male,54,Nagpur,Maharashtra,2025-06-01,Budget,Facebook
7387,Kabir,Verma,Male,25,Indore,Madhya Pradesh,2024-04-16,Budget,Instagram
7388,Nisha,Gupta,Male,59,Pune,Maharashtra,2025-03-27,Budget,Referral
7389,Riya,Kumar,Female,23,Hyderabad,Telangana,2023-02-14,Regular,Facebook
7390,Kavya,Patel,Female,26,Delhi,Delhi,2025-03-09,Regular,Email
7391,Ananya,Mishra,Female,59,Vadodara,Gujarat,2025-05-29,Regular,Google Ads
7392,Neha,Parmar,Male,25,Bengaluru,Karnataka,2024-11-08,Budget,YouTube
7393,Karan,Gupta,Female,49,Rajkot,Gujarat,2023-07-26,Regular,Organic Search
7394,Ishaan,Joshi,Male,32,Hyderabad,Telangana,2025-07-24,Budget,Facebook
7395,Karan,Thakkar,Male,35,Delhi,Delhi,2024-03-17,Budget,Facebook
7396,Arjun,Mehta,Female,40,Nagpur,Maharashtra,2025-12-24,Regular,Organic Search
7397,Pooja,Mehta,Male,22,Chennai,Tamil Nadu,2023-09-24,Budget,Facebook
7398,Yash,Desai,Male,44,Delhi,Delhi,2024-02-03,Premium,Facebook
7399,Simran,Singh,Female,50,Nagpur,Maharashtra,2023-08-12,Budget,Instagram
7400,Rahul,Joshi,Female,19,Jaipur,Rajasthan,2024-10-26,Premium,Email
7401,Krish,Mehta,Male,59,Bengaluru,Karnataka,2025-07-23,Regular,Referral
7402,Yash,Sharma,Female,55,Mumbai,Maharashtra,2023-08-14,Regular,Email
7403,Ishaan,Pandya,Female,45,Hyderabad,Telangana,2023-07-19,Regular,Google Ads
7404,Meera,Verma,Male,41,Indore,Madhya Pradesh,2024-05-18,Budget,Google Ads
7405,Priya,Shah,Male,38,Jaipur,Rajasthan,2023-01-11,Budget,Instagram
7406,Rohan,Parmar,Female,48,Lucknow,Uttar Pradesh,2025-06-27,Regular,Organic Search
7407,Krish,Sharma,Female,28,Surat,Gujarat,2025-04-16,Regular,Organic Search
7408,Priya,Kapoor,Male,45,Surat,Gujarat,2025-09-05,Regular,Email
7409,Neha,Mishra,Female,57,Mumbai,Maharashtra,2023-10-04,Regular,Google Ads
7410,Diya,Singh,Male,21,Nagpur,Maharashtra,2025-10-23,Budget,YouTube
7411,Pooja,Pandya,Male,60,Bengaluru,Karnataka,2025-07-17,VIP,Email
7412,Raj,Shah,Female,59,Pune,Maharashtra,2025-02-28,Budget,Facebook
7413,Pooja,Parmar,Female,33,Jaipur,Rajasthan,2023-01-05,Budget,Email
7414,Kavya,Agarwal,Female,29,Chennai,Tamil Nadu,2024-06-04,Premium,YouTube
7415,Kavya,Agarwal,Female,39,Pune,Maharashtra,2023-10-07,Budget,Facebook
7416,Pooja,Pandya,Female,52,Hyderabad,Telangana,2025-08-29,VIP,Email
7417,Riya,Verma,Male,60,Jaipur,Rajasthan,2023-11-13,Budget,Facebook
7418,Kavya,Singh,Female,33,Nagpur,Maharashtra,2023-05-07,Budget,Facebook
7419,Arjun,Agarwal,Male,41,Bengaluru,Karnataka,2023-10-31,Budget,Instagram
7420,Ishaan,Kumar,Female,52,Indore,Madhya Pradesh,2025-01-18,Regular,YouTube
7421,Isha,Desai,Male,45,Lucknow,Uttar Pradesh,2024-12-31,Regular,Instagram
7422,Karan,Shah,Female,59,Mumbai,Maharashtra,2024-05-04,Budget,Email
7423,Krish,Reddy,Female,46,Pune,Maharashtra,2024-03-12,Budget,Organic Search
7424,Simran,Desai,Male,38,Indore,Madhya Pradesh,2025-11-27,Budget,Referral
7425,Ishaan,Mishra,Female,42,Chennai,Tamil Nadu,2024-04-27,Budget,Organic Search
7426,Tanya,Trivedi,Female,56,Nagpur,Maharashtra,2025-09-18,Premium,Organic Search
7427,Kavya,Shah,Male,48,Vadodara,Gujarat,2023-11-11,Regular,Facebook
7428,Aryan,Verma,Male,32,Bengaluru,Karnataka,2025-07-27,Premium,Email
7429,Sneha,Verma,Male,59,Vadodara,Gujarat,2023-01-17,Budget,Email
7430,Raj,Kumar,Female,52,Ahmedabad,Gujarat,2025-07-28,Budget,Referral
7431,Sneha,Kapoor,Male,55,Kolkata,West Bengal,2025-09-06,Regular,Instagram
7432,Aanya,Singh,Male,39,Pune,Maharashtra,2024-03-22,Premium,Email
7433,Tanya,Malhotra,Female,22,Surat,Gujarat,2023-10-06,Premium,YouTube
7434,Ishaan,Sharma,Female,30,Nagpur,Maharashtra,2024-03-27,Regular,Facebook
7435,Ananya,Sharma,Female,49,Mumbai,Maharashtra,2024-10-27,Budget,Google Ads
7436,Pooja,Singh,Female,20,Delhi,Delhi,2024-08-28,Budget,Referral
7437,Simran,Parmar,Female,32,Vadodara,Gujarat,2023-01-29,Regular,YouTube
7438,Pooja,Pandya,Female,44,Indore,Madhya Pradesh,2025-10-30,Budget,Organic Search
7439,Kavya,Singh,Male,44,Surat,Gujarat,2025-03-12,Premium,Google Ads
7440,Meera,Thakkar,Male,47,Vadodara,Gujarat,2023-04-11,Regular,Referral
7441,Aarav,Kapoor,Female,23,Surat,Gujarat,2024-10-14,Premium,Google Ads
7442,Arjun,Mishra,Male,42,Pune,Maharashtra,2023-03-28,Regular,Instagram
7443,Krish,Malhotra,Male,45,Rajkot,Gujarat,2024-04-14,Premium,Google Ads
7444,Krish,Agarwal,Male,39,Bengaluru,Karnataka,2024-10-01,Budget,Facebook
7445,Aditya,Patel,Male,21,Jaipur,Rajasthan,2023-04-29,Regular,Instagram
7446,Tanya,Parmar,Female,32,Jaipur,Rajasthan,2025-02-26,Budget,YouTube
7447,Isha,Pandya,Female,43,Kolkata,West Bengal,2024-01-12,Regular,YouTube
7448,Aditya,Trivedi,Male,35,Mumbai,Maharashtra,2024-03-03,Regular,YouTube
7449,Diya,Singh,Female,26,Nagpur,Maharashtra,2024-12-20,Premium,Referral
7450,Krish,Gupta,Male,21,Pune,Maharashtra,2023-11-10,Regular,Organic Search
7451,Riya,Malhotra,Male,22,Indore,Madhya Pradesh,2023-08-31,Regular,Email
7452,Raj,Reddy,Female,23,Kolkata,West Bengal,2025-09-11,Budget,Organic Search
7453,Ananya,Gupta,Male,29,Kolkata,West Bengal,2024-09-18,Premium,Instagram
7454,Krish,Kapoor,Female,48,Chennai,Tamil Nadu,2023-01-16,Budget,Instagram
7455,Neha,Mishra,Female,26,Bengaluru,Karnataka,2024-05-30,Premium,Instagram
7456,Pooja,Desai,Female,24,Delhi,Delhi,2023-09-23,Regular,Facebook
7457,Meera,Thakkar,Female,46,Kolkata,West Bengal,2024-07-13,Premium,Instagram
7458,Rahul,Parmar,Female,31,Kolkata,West Bengal,2025-01-04,Regular,Facebook
7459,Dev,Soni,Female,37,Lucknow,Uttar Pradesh,2024-12-16,Regular,Referral
7460,Nisha,Trivedi,Female,49,Surat,Gujarat,2023-01-20,Regular,YouTube
7461,Ananya,Thakkar,Female,39,Pune,Maharashtra,2025-04-07,Regular,Email
7462,Priya,Mehta,Female,53,Delhi,Delhi,2023-01-11,Budget,Google Ads
7463,Kavya,Kapoor,Male,35,Pune,Maharashtra,2025-11-09,Regular,Organic Search
7464,Riya,Trivedi,Female,57,Bengaluru,Karnataka,2023-10-06,Budget,Organic Search
7465,Simran,Mishra,Male,42,Kolkata,West Bengal,2025-06-13,Regular,Email
7466,Rahul,Gupta,Female,48,Mumbai,Maharashtra,2023-11-29,Budget,Email
7467,Sneha,Shah,Male,52,Rajkot,Gujarat,2025-02-16,Budget,Referral
7468,Pooja,Trivedi,Female,43,Kolkata,West Bengal,2025-01-13,Premium,Organic Search
7469,Dev,Agarwal,Female,21,Surat,Gujarat,2023-02-07,Premium,Email
7470,Karan,Pandya,Female,59,Hyderabad,Telangana,2025-08-31,Regular,Google Ads
7471,Kavya,Patel,Male,37,Bengaluru,Karnataka,2023-02-01,Premium,Facebook
7472,Isha,Kapoor,Male,51,Rajkot,Gujarat,2025-12-13,Budget,YouTube
7473,Aanya,Trivedi,Female,29,Indore,Madhya Pradesh,2025-01-06,Budget,Referral
7474,Isha,Mehta,Male,33,Indore,Madhya Pradesh,2024-09-10,Budget,Google Ads
7475,Aryan,Patel,Female,59,Indore,Madhya Pradesh,2025-09-11,Regular,Organic Search
7476,Dev,Verma,Male,22,Delhi,Delhi,2025-06-28,Regular,YouTube
7477,Dev,Patel,Male,52,Surat,Gujarat,2023-02-14,Regular,Facebook
7478,Pooja,Patel,Male,44,Lucknow,Uttar Pradesh,2024-09-21,Budget,YouTube
7479,Karan,Gupta,Female,18,Pune,Maharashtra,2023-10-21,Budget,Facebook
7480,Diya,Soni,Male,51,Hyderabad,Telangana,2023-12-10,Regular,Organic Search
7481,Aanya,Desai,Male,60,Ahmedabad,Gujarat,2025-09-27,Budget,Google Ads
7482,Rahul,Reddy,Female,49,Ahmedabad,Gujarat,2025-06-10,Regular,Google Ads
7483,Nisha,Gupta,Female,56,Rajkot,Gujarat,2024-02-27,Budget,Organic Search
7484,Riya,Sharma,Male,50,Surat,Gujarat,2023-06-16,VIP,Organic Search
7485,Aarav,Reddy,Male,48,Delhi,Delhi,2023-09-26,Regular,YouTube
7486,Aarav,Joshi,Female,30,Mumbai,Maharashtra,2025-07-18,Premium,Referral
7487,Yash,Agarwal,Female,19,Vadodara,Gujarat,2025-12-17,Regular,YouTube
7488,Priya,Joshi,Female,47,Ahmedabad,Gujarat,2025-05-29,Budget,Email
7489,Tanya,Reddy,Female,27,Rajkot,Gujarat,2023-02-28,Budget,Email
7490,Vivaan,Soni,Female,40,Nagpur,Maharashtra,2024-03-25,Regular,YouTube
7491,Arjun,Gupta,Male,50,Kolkata,West Bengal,2023-08-05,VIP,Email
7492,Isha,Sharma,Female,56,Vadodara,Gujarat,2023-09-01,Budget,Organic Search
7493,Arjun,Thakkar,Female,46,Lucknow,Uttar Pradesh,2023-04-13,Budget,YouTube
7494,Ishaan,Soni,Male,47,Ahmedabad,Gujarat,2024-05-31,Regular,Instagram
7495,Kavya,Kumar,Female,51,Surat,Gujarat,2023-09-21,Regular,Email
7496,Simran,Reddy,Female,56,Indore,Madhya Pradesh,2023-08-29,Premium,Organic Search
7497,Arjun,Mehta,Female,34,Kolkata,West Bengal,2025-05-10,Regular,YouTube
7498,Aarav,Trivedi,Male,39,Pune,Maharashtra,2025-01-03,Budget,Instagram
7499,Karan,Sharma,Female,22,Lucknow,Uttar Pradesh,2025-07-19,Premium,Organic Search
7500,Aanya,Singh,Female,28,Bengaluru,Karnataka,2024-03-30,Regular,Email
7501,Aryan,Malhotra,Female,39,Kolkata,West Bengal,2025-09-12,Regular,Google Ads
7502,Aditya,Patel,Female,49,Nagpur,Maharashtra,2024-06-27,Regular,YouTube
7503,Kabir,Mishra,Male,41,Kolkata,West Bengal,2025-05-14,Budget,Google Ads
7504,Neha,Parmar,Male,28,Rajkot,Gujarat,2024-01-09,Budget,Referral
7505,Meera,Pandya,Female,28,Indore,Madhya Pradesh,2025-11-13,Budget,Email
7506,Arjun,Shah,Female,34,Kolkata,West Bengal,2024-01-09,VIP,Referral
7507,Aanya,Patel,Female,49,Delhi,Delhi,2025-08-18,Premium,Instagram
7508,Riya,Patel,Female,36,Vadodara,Gujarat,2024-10-01,Budget,YouTube
7509,Nisha,Parmar,Female,44,Kolkata,West Bengal,2023-04-22,Regular,Instagram
7510,Ishaan,Mehta,Female,49,Lucknow,Uttar Pradesh,2024-05-07,Regular,Organic Search
7511,Nisha,Trivedi,Female,42,Ahmedabad,Gujarat,2023-10-21,Budget,Google Ads
7512,Krish,Kapoor,Male,45,Lucknow,Uttar Pradesh,2024-02-26,Regular,YouTube
7513,Pooja,Patel,Female,57,Bengaluru,Karnataka,2023-05-29,Regular,Referral
7514,Aanya,Agarwal,Male,44,Pune,Maharashtra,2023-05-31,Budget,Google Ads
7515,Tanya,Kumar,Male,31,Hyderabad,Telangana,2023-06-17,Premium,Google Ads
7516,Tanya,Mishra,Female,59,Pune,Maharashtra,2023-03-11,Regular,Instagram
7517,Diya,Shah,Male,56,Pune,Maharashtra,2024-03-01,Budget,Referral
7518,Aditya,Patel,Male,19,Pune,Maharashtra,2024-06-08,Premium,Email
7519,Ananya,Patel,Male,34,Jaipur,Rajasthan,2023-07-31,Budget,Referral
7520,Nisha,Joshi,Female,18,Surat,Gujarat,2023-04-12,Premium,Google Ads
7521,Nisha,Parmar,Male,49,Surat,Gujarat,2023-11-29,Regular,Organic Search
7522,Arjun,Reddy,Male,36,Delhi,Delhi,2023-07-24,Regular,Google Ads
7523,Rohan,Mehta,Female,31,Mumbai,Maharashtra,2023-08-17,Premium,Facebook
7524,Isha,Soni,Female,48,Surat,Gujarat,2025-08-11,Budget,Instagram
7525,Karan,Singh,Male,35,Mumbai,Maharashtra,2024-04-04,Regular,Google Ads
7526,Diya,Soni,Female,31,Nagpur,Maharashtra,2024-07-08,Regular,Referral
7527,Krish,Pandya,Female,31,Kolkata,West Bengal,2025-06-08,Regular,Facebook
7528,Simran,Singh,Male,41,Pune,Maharashtra,2024-09-27,Budget,Organic Search
7529,Diya,Shah,Male,22,Nagpur,Maharashtra,2025-11-09,VIP,Instagram
7530,Karan,Desai,Male,33,Pune,Maharashtra,2025-07-19,Regular,YouTube
7531,Aryan,Kumar,Female,22,Hyderabad,Telangana,2023-11-07,Budget,Email
7532,Arjun,Patel,Male,30,Jaipur,Rajasthan,2025-04-21,Regular,Instagram
7533,Kavya,Sharma,Male,33,Chennai,Tamil Nadu,2024-11-10,Regular,Google Ads
7534,Ishaan,Soni,Female,32,Pune,Maharashtra,2025-09-22,Premium,Facebook
7535,Vivaan,Pandya,Female,48,Pune,Maharashtra,2023-03-20,Regular,Organic Search
7536,Yash,Thakkar,Female,22,Surat,Gujarat,2023-09-03,Budget,Facebook
7537,Yash,Parmar,Female,38,Jaipur,Rajasthan,2025-02-21,Budget,YouTube
7538,Arjun,Mishra,Male,47,Jaipur,Rajasthan,2024-04-16,VIP,Facebook
7539,Aanya,Pandya,Male,40,Mumbai,Maharashtra,2023-11-18,Regular,Google Ads
7540,Simran,Soni,Male,55,Chennai,Tamil Nadu,2023-05-21,Budget,Instagram
7541,Priya,Mishra,Female,46,Surat,Gujarat,2023-11-09,Regular,YouTube
7542,Karan,Thakkar,Male,30,Ahmedabad,Gujarat,2023-04-09,Budget,Email
7543,Aarav,Trivedi,Female,49,Bengaluru,Karnataka,2024-05-08,Budget,Organic Search
7544,Simran,Shah,Female,59,Mumbai,Maharashtra,2023-04-20,Regular,Email
7545,Simran,Desai,Female,44,Surat,Gujarat,2024-04-28,Budget,Google Ads
7546,Sneha,Thakkar,Male,51,Jaipur,Rajasthan,2023-05-10,Regular,YouTube
7547,Simran,Soni,Female,50,Nagpur,Maharashtra,2025-04-19,Regular,YouTube
7548,Raj,Shah,Male,21,Vadodara,Gujarat,2024-05-20,Regular,Google Ads
7549,Rahul,Verma,Male,35,Hyderabad,Telangana,2025-02-07,Regular,Referral
7550,Rahul,Trivedi,Male,23,Bengaluru,Karnataka,2023-07-29,Regular,YouTube
7551,Yash,Malhotra,Female,45,Delhi,Delhi,2023-12-27,Budget,Organic Search
7552,Kabir,Pandya,Male,44,Bengaluru,Karnataka,2023-06-03,Regular,Facebook
7553,Neha,Sharma,Male,43,Mumbai,Maharashtra,2024-06-16,Budget,Facebook
7554,Kavya,Agarwal,Female,37,Pune,Maharashtra,2023-11-06,Regular,Google Ads
7555,Meera,Sharma,Male,30,Jaipur,Rajasthan,2024-04-18,Regular,Google Ads
7556,Rohan,Trivedi,Female,45,Hyderabad,Telangana,2025-01-05,Regular,Facebook
7557,Aanya,Parmar,Male,51,Mumbai,Maharashtra,2024-09-27,Regular,Instagram
7558,Rohan,Reddy,Female,40,Hyderabad,Telangana,2025-05-25,Regular,Google Ads
7559,Pooja,Mishra,Female,27,Jaipur,Rajasthan,2023-10-27,Budget,Facebook
7560,Dev,Parmar,Female,47,Indore,Madhya Pradesh,2023-12-07,Regular,Instagram
7561,Aarav,Shah,Female,39,Bengaluru,Karnataka,2025-10-24,VIP,Instagram
7562,Dev,Shah,Female,22,Ahmedabad,Gujarat,2024-09-26,Budget,Referral
7563,Rohan,Sharma,Male,26,Mumbai,Maharashtra,2024-07-07,Budget,Facebook
7564,Yash,Gupta,Male,60,Pune,Maharashtra,2024-02-24,Budget,Organic Search
7565,Kavya,Shah,Male,21,Surat,Gujarat,2025-01-06,Regular,Organic Search
7566,Nisha,Agarwal,Male,59,Chennai,Tamil Nadu,2024-01-24,Regular,Referral
7567,Karan,Pandya,Female,18,Kolkata,West Bengal,2023-01-11,Premium,Facebook
7568,Aryan,Malhotra,Female,51,Delhi,Delhi,2024-08-30,Regular,YouTube
7569,Kavya,Desai,Male,58,Jaipur,Rajasthan,2023-10-05,Budget,Instagram
7570,Priya,Patel,Female,43,Mumbai,Maharashtra,2025-10-14,VIP,Email
7571,Yash,Gupta,Male,35,Bengaluru,Karnataka,2023-08-19,Budget,YouTube
7572,Sneha,Parmar,Female,33,Bengaluru,Karnataka,2023-05-18,Budget,YouTube
7573,Aarav,Mishra,Female,40,Nagpur,Maharashtra,2025-09-23,Budget,Instagram
7574,Ishaan,Kumar,Male,53,Hyderabad,Telangana,2024-06-14,Budget,Organic Search
7575,Priya,Mishra,Male,43,Surat,Gujarat,2024-08-29,Premium,Instagram
7576,Ananya,Kumar,Female,19,Hyderabad,Telangana,2025-11-06,Regular,Instagram
7577,Vivaan,Thakkar,Male,22,Delhi,Delhi,2025-03-02,Regular,Google Ads
7578,Riya,Verma,Male,46,Jaipur,Rajasthan,2023-03-22,Premium,Facebook
7579,Karan,Sharma,Male,21,Rajkot,Gujarat,2024-11-27,Budget,Organic Search
7580,Priya,Agarwal,Male,52,Pune,Maharashtra,2023-08-01,Regular,Referral
7581,Yash,Mehta,Female,39,Nagpur,Maharashtra,2023-07-25,Regular,Facebook
7582,Kavya,Trivedi,Female,25,Indore,Madhya Pradesh,2025-06-18,Premium,Facebook
7583,Aanya,Pandya,Female,38,Mumbai,Maharashtra,2025-01-17,Budget,Instagram
7584,Aditya,Malhotra,Female,25,Hyderabad,Telangana,2025-05-26,Regular,YouTube
7585,Karan,Trivedi,Male,22,Delhi,Delhi,2024-08-04,Premium,Instagram
7586,Ishaan,Kumar,Male,38,Kolkata,West Bengal,2024-01-30,Budget,Instagram
7587,Aanya,Joshi,Male,44,Nagpur,Maharashtra,2023-12-03,Budget,YouTube
7588,Yash,Agarwal,Female,55,Lucknow,Uttar Pradesh,2025-03-09,Regular,Email
7589,Rahul,Malhotra,Female,22,Delhi,Delhi,2025-02-19,Regular,Referral
7590,Rohan,Singh,Female,38,Pune,Maharashtra,2023-10-06,Regular,Google Ads
7591,Simran,Kapoor,Female,25,Nagpur,Maharashtra,2023-09-06,Premium,Email
7592,Aarav,Patel,Male,39,Bengaluru,Karnataka,2025-04-12,Regular,Instagram
7593,Yash,Agarwal,Male,35,Bengaluru,Karnataka,2025-11-19,Regular,Facebook
7594,Nisha,Thakkar,Male,21,Mumbai,Maharashtra,2025-06-30,Budget,Facebook
7595,Simran,Verma,Female,21,Kolkata,West Bengal,2025-07-27,Premium,YouTube
7596,Ishaan,Malhotra,Female,54,Delhi,Delhi,2024-06-07,Regular,Instagram
7597,Arjun,Singh,Female,32,Bengaluru,Karnataka,2024-04-04,Budget,Organic Search
7598,Nisha,Joshi,Female,55,Hyderabad,Telangana,2024-01-30,Regular,YouTube
7599,Aanya,Soni,Female,44,Nagpur,Maharashtra,2024-02-17,Premium,YouTube
7600,Arjun,Agarwal,Female,38,Jaipur,Rajasthan,2023-04-27,Regular,Google Ads
7601,Isha,Reddy,Male,21,Nagpur,Maharashtra,2023-04-19,Regular,YouTube
7602,Vivaan,Mishra,Female,28,Indore,Madhya Pradesh,2023-08-24,Regular,Instagram
7603,Neha,Gupta,Female,36,Vadodara,Gujarat,2025-04-05,Budget,Google Ads
7604,Kavya,Trivedi,Female,36,Bengaluru,Karnataka,2025-10-06,Regular,Facebook
7605,Vivaan,Soni,Male,44,Delhi,Delhi,2025-06-27,Premium,Google Ads
7606,Yash,Reddy,Male,57,Pune,Maharashtra,2024-01-31,Regular,Instagram
7607,Rahul,Joshi,Female,59,Jaipur,Rajasthan,2025-09-03,Regular,Referral
7608,Dev,Reddy,Male,45,Ahmedabad,Gujarat,2023-01-01,Budget,Email
7609,Pooja,Shah,Male,22,Pune,Maharashtra,2023-01-08,Budget,Google Ads
7610,Sneha,Soni,Male,42,Rajkot,Gujarat,2023-05-24,Budget,Referral
7611,Pooja,Agarwal,Female,20,Bengaluru,Karnataka,2023-10-02,Budget,Email
7612,Priya,Reddy,Male,43,Pune,Maharashtra,2023-10-14,Regular,Google Ads
7613,Sneha,Gupta,Male,27,Chennai,Tamil Nadu,2024-05-04,Regular,Google Ads
7614,Nisha,Mishra,Male,41,Chennai,Tamil Nadu,2024-09-24,Budget,YouTube
7615,Diya,Trivedi,Female,46,Chennai,Tamil Nadu,2024-12-29,VIP,Organic Search
7616,Krish,Trivedi,Male,24,Ahmedabad,Gujarat,2023-01-31,Regular,Organic Search
7617,Karan,Parmar,Female,40,Jaipur,Rajasthan,2025-08-21,Premium,Organic Search
7618,Tanya,Kapoor,Male,44,Nagpur,Maharashtra,2023-09-01,Budget,Email
7619,Tanya,Thakkar,Female,59,Chennai,Tamil Nadu,2023-05-20,Budget,Referral
7620,Meera,Sharma,Female,26,Nagpur,Maharashtra,2024-02-05,Regular,Email
7621,Sneha,Mehta,Female,20,Bengaluru,Karnataka,2024-12-25,Budget,Google Ads
7622,Isha,Shah,Female,30,Bengaluru,Karnataka,2025-09-08,Budget,Instagram
7623,Aryan,Reddy,Female,23,Mumbai,Maharashtra,2023-06-13,Budget,Instagram
7624,Simran,Malhotra,Male,55,Hyderabad,Telangana,2023-04-14,Budget,Email
7625,Raj,Kumar,Male,38,Lucknow,Uttar Pradesh,2023-03-04,Regular,YouTube
7626,Kavya,Singh,Male,36,Vadodara,Gujarat,2023-01-15,Regular,YouTube
7627,Rohan,Patel,Female,42,Surat,Gujarat,2023-06-28,Regular,Instagram
7628,Sneha,Parmar,Female,56,Delhi,Delhi,2024-03-16,Budget,YouTube
7629,Rohan,Trivedi,Female,21,Nagpur,Maharashtra,2024-06-08,Premium,Google Ads
7630,Dev,Trivedi,Male,39,Ahmedabad,Gujarat,2024-12-27,Budget,Organic Search
7631,Priya,Verma,Female,22,Pune,Maharashtra,2023-11-07,Regular,Google Ads
7632,Nisha,Kapoor,Female,18,Hyderabad,Telangana,2025-01-07,Premium,Email
7633,Dev,Parmar,Female,34,Rajkot,Gujarat,2023-05-10,Budget,Referral
7634,Nisha,Desai,Female,26,Pune,Maharashtra,2025-08-25,Budget,Organic Search
7635,Karan,Thakkar,Male,26,Pune,Maharashtra,2025-07-15,VIP,Facebook
7636,Simran,Parmar,Female,41,Vadodara,Gujarat,2025-11-14,Budget,Instagram
7637,Ananya,Mehta,Female,27,Surat,Gujarat,2025-10-08,Budget,Organic Search
7638,Karan,Soni,Female,37,Lucknow,Uttar Pradesh,2024-03-24,Regular,Instagram
7639,Nisha,Desai,Female,34,Indore,Madhya Pradesh,2023-06-09,Budget,Facebook
7640,Ananya,Sharma,Male,30,Rajkot,Gujarat,2024-11-18,VIP,YouTube
7641,Aditya,Kapoor,Female,46,Indore,Madhya Pradesh,2025-04-27,Budget,Organic Search
7642,Meera,Reddy,Male,53,Lucknow,Uttar Pradesh,2024-05-04,Regular,Google Ads
7643,Dev,Agarwal,Male,40,Kolkata,West Bengal,2023-10-07,Regular,Google Ads
7644,Tanya,Soni,Female,44,Indore,Madhya Pradesh,2023-03-22,Regular,Instagram
7645,Ananya,Verma,Female,35,Indore,Madhya Pradesh,2023-06-19,Regular,Organic Search
7646,Aditya,Patel,Male,35,Nagpur,Maharashtra,2024-01-15,VIP,Instagram
7647,Rahul,Mishra,Female,26,Surat,Gujarat,2025-05-09,Premium,YouTube
7648,Yash,Verma,Female,20,Ahmedabad,Gujarat,2023-04-21,Regular,Organic Search
7649,Ananya,Soni,Male,24,Kolkata,West Bengal,2023-06-13,Regular,YouTube
7650,Rahul,Agarwal,Male,32,Lucknow,Uttar Pradesh,2024-02-19,Budget,Organic Search
7651,Raj,Parmar,Male,47,Rajkot,Gujarat,2024-10-01,Regular,Instagram
7652,Meera,Agarwal,Male,26,Chennai,Tamil Nadu,2023-06-04,Budget,YouTube
7653,Aditya,Soni,Male,58,Nagpur,Maharashtra,2023-07-13,Regular,Facebook
7654,Kabir,Desai,Male,44,Ahmedabad,Gujarat,2024-11-15,Budget,Google Ads
7655,Kabir,Parmar,Female,53,Indore,Madhya Pradesh,2025-04-04,Regular,Instagram
7656,Sneha,Agarwal,Female,35,Jaipur,Rajasthan,2023-01-21,Regular,Facebook
7657,Simran,Mishra,Female,48,Vadodara,Gujarat,2025-04-02,Premium,Facebook
7658,Riya,Joshi,Female,34,Bengaluru,Karnataka,2025-10-19,Regular,Organic Search
7659,Ananya,Malhotra,Female,23,Lucknow,Uttar Pradesh,2023-04-19,Premium,Referral
7660,Arjun,Verma,Female,56,Chennai,Tamil Nadu,2024-02-03,Regular,Email
7661,Meera,Sharma,Female,42,Delhi,Delhi,2025-07-18,VIP,Instagram
7662,Priya,Kapoor,Female,59,Kolkata,West Bengal,2025-05-21,Regular,Organic Search
7663,Aditya,Sharma,Female,59,Bengaluru,Karnataka,2023-05-09,Regular,Email
7664,Raj,Sharma,Male,55,Indore,Madhya Pradesh,2023-10-07,Budget,Facebook
7665,Kabir,Pandya,Male,55,Mumbai,Maharashtra,2024-03-02,Regular,Instagram
7666,Sneha,Singh,Female,48,Mumbai,Maharashtra,2025-11-16,Budget,Email
7667,Diya,Pandya,Female,46,Kolkata,West Bengal,2025-06-23,Budget,Google Ads
7668,Raj,Kapoor,Male,57,Indore,Madhya Pradesh,2023-12-10,Regular,Instagram
7669,Aditya,Singh,Male,26,Kolkata,West Bengal,2024-08-26,Budget,Email
7670,Diya,Sharma,Male,18,Ahmedabad,Gujarat,2023-07-15,Regular,YouTube
7671,Aryan,Sharma,Female,33,Hyderabad,Telangana,2025-06-11,Budget,Instagram
7672,Tanya,Sharma,Male,55,Jaipur,Rajasthan,2025-01-02,Budget,Referral
7673,Krish,Joshi,Male,40,Jaipur,Rajasthan,2023-06-05,Budget,Organic Search
7674,Raj,Shah,Male,25,Mumbai,Maharashtra,2024-03-15,Regular,YouTube
7675,Priya,Kapoor,Female,29,Kolkata,West Bengal,2023-04-11,Budget,Instagram
7676,Pooja,Pandya,Male,27,Kolkata,West Bengal,2025-01-17,Regular,Email
7677,Karan,Mishra,Female,33,Bengaluru,Karnataka,2024-05-14,Budget,Email
7678,Ananya,Verma,Male,60,Indore,Madhya Pradesh,2025-12-28,Premium,Referral
7679,Karan,Verma,Male,41,Bengaluru,Karnataka,2024-01-21,VIP,Instagram
7680,Rahul,Singh,Female,56,Pune,Maharashtra,2023-05-18,Regular,Facebook
7681,Vivaan,Trivedi,Male,25,Rajkot,Gujarat,2023-09-05,Budget,Email
7682,Aryan,Desai,Male,28,Surat,Gujarat,2023-04-13,Budget,Referral
7683,Kavya,Malhotra,Male,58,Chennai,Tamil Nadu,2024-05-24,Premium,Instagram
7684,Neha,Malhotra,Female,43,Ahmedabad,Gujarat,2024-12-27,Regular,Instagram
7685,Isha,Agarwal,Female,24,Rajkot,Gujarat,2023-03-28,Regular,Organic Search
7686,Rohan,Verma,Female,32,Jaipur,Rajasthan,2025-05-29,Premium,Google Ads
7687,Yash,Thakkar,Male,32,Delhi,Delhi,2025-07-19,Premium,YouTube
7688,Aarav,Soni,Female,20,Rajkot,Gujarat,2025-10-03,Premium,Google Ads
7689,Dev,Malhotra,Male,33,Bengaluru,Karnataka,2025-10-10,Premium,YouTube
7690,Ishaan,Mehta,Male,32,Chennai,Tamil Nadu,2023-09-15,Premium,YouTube
7691,Diya,Desai,Male,42,Pune,Maharashtra,2023-09-30,Premium,Organic Search
7692,Krish,Verma,Male,50,Pune,Maharashtra,2025-05-12,Regular,Google Ads
7693,Kabir,Agarwal,Male,31,Ahmedabad,Gujarat,2025-04-27,VIP,Referral
7694,Neha,Malhotra,Male,41,Mumbai,Maharashtra,2025-11-13,Regular,Facebook
7695,Isha,Mishra,Male,28,Pune,Maharashtra,2025-04-04,Regular,Instagram
7696,Pooja,Soni,Male,20,Mumbai,Maharashtra,2024-08-17,Regular,Email
7697,Aanya,Malhotra,Female,26,Ahmedabad,Gujarat,2024-02-04,Regular,Instagram
7698,Yash,Pandya,Female,23,Surat,Gujarat,2023-12-19,Regular,Referral
7699,Pooja,Mishra,Male,48,Delhi,Delhi,2025-03-14,Premium,Referral
7700,Isha,Verma,Female,33,Rajkot,Gujarat,2023-01-10,Budget,Google Ads
7701,Tanya,Kapoor,Female,28,Ahmedabad,Gujarat,2025-12-02,Premium,Facebook
7702,Simran,Kumar,Female,34,Surat,Gujarat,2025-12-10,Regular,Email
7703,Krish,Desai,Male,20,Kolkata,West Bengal,2024-12-19,Budget,Email
7704,Diya,Shah,Female,36,Kolkata,West Bengal,2023-04-17,Premium,Referral
7705,Krish,Patel,Male,41,Kolkata,West Bengal,2025-02-09,Budget,Facebook
7706,Aryan,Mishra,Female,59,Chennai,Tamil Nadu,2024-05-04,Premium,Organic Search
7707,Arjun,Shah,Female,25,Chennai,Tamil Nadu,2024-11-05,Budget,Email
7708,Pooja,Parmar,Female,53,Mumbai,Maharashtra,2024-04-19,Premium,Organic Search
7709,Sneha,Patel,Male,57,Jaipur,Rajasthan,2024-08-03,Budget,Email
7710,Ishaan,Soni,Male,19,Chennai,Tamil Nadu,2025-04-26,Budget,Facebook
7711,Rahul,Agarwal,Male,40,Pune,Maharashtra,2024-04-04,Premium,Google Ads
7712,Ananya,Mehta,Male,57,Bengaluru,Karnataka,2024-02-29,Budget,Organic Search
7713,Rohan,Trivedi,Male,47,Kolkata,West Bengal,2023-11-25,Premium,Google Ads
7714,Ishaan,Joshi,Male,42,Pune,Maharashtra,2025-02-05,Premium,Referral
7715,Pooja,Verma,Male,24,Hyderabad,Telangana,2024-05-20,Budget,Organic Search
7716,Aanya,Reddy,Male,45,Bengaluru,Karnataka,2024-09-19,Regular,Email
7717,Raj,Reddy,Male,58,Mumbai,Maharashtra,2024-04-22,Budget,Google Ads
7718,Ishaan,Shah,Female,34,Vadodara,Gujarat,2023-01-14,Regular,Google Ads
7719,Krish,Shah,Female,49,Chennai,Tamil Nadu,2025-06-08,Regular,Email
7720,Tanya,Malhotra,Male,18,Vadodara,Gujarat,2024-12-27,Regular,Email
7721,Aanya,Trivedi,Female,44,Mumbai,Maharashtra,2025-10-07,VIP,Referral
7722,Nisha,Patel,Female,53,Rajkot,Gujarat,2025-01-15,Budget,Referral
7723,Tanya,Trivedi,Male,24,Vadodara,Gujarat,2023-06-29,Regular,Organic Search
7724,Pooja,Soni,Male,20,Chennai,Tamil Nadu,2024-07-19,Regular,Google Ads
7725,Tanya,Gupta,Female,47,Chennai,Tamil Nadu,2023-11-01,Budget,Referral
7726,Meera,Reddy,Male,18,Ahmedabad,Gujarat,2024-04-19,Regular,YouTube
7727,Neha,Parmar,Female,51,Lucknow,Uttar Pradesh,2025-06-17,Regular,Facebook
7728,Nisha,Mishra,Male,55,Surat,Gujarat,2024-06-07,Premium,Google Ads
7729,Ananya,Parmar,Female,60,Surat,Gujarat,2024-02-25,Regular,Organic Search
7730,Aryan,Sharma,Male,53,Vadodara,Gujarat,2024-02-15,Regular,Google Ads
7731,Kabir,Kapoor,Female,50,Delhi,Delhi,2024-11-11,Regular,YouTube
7732,Riya,Gupta,Female,60,Delhi,Delhi,2024-09-07,Premium,Instagram
7733,Tanya,Shah,Female,33,Lucknow,Uttar Pradesh,2024-06-06,Premium,Organic Search
7734,Aarav,Shah,Female,55,Lucknow,Uttar Pradesh,2023-11-25,Budget,Referral
7735,Arjun,Soni,Male,28,Nagpur,Maharashtra,2023-09-29,Regular,Instagram
7736,Krish,Parmar,Female,25,Rajkot,Gujarat,2023-01-14,Regular,Referral
7737,Pooja,Shah,Male,18,Hyderabad,Telangana,2023-06-24,Regular,Facebook
7738,Vivaan,Singh,Female,31,Rajkot,Gujarat,2023-06-07,Regular,Email
7739,Diya,Patel,Male,47,Delhi,Delhi,2024-09-13,Premium,Google Ads
7740,Aditya,Malhotra,Female,38,Vadodara,Gujarat,2023-08-22,Budget,YouTube
7741,Simran,Mehta,Male,38,Nagpur,Maharashtra,2023-05-21,Budget,Organic Search
7742,Kabir,Gupta,Female,51,Jaipur,Rajasthan,2023-04-29,Budget,Email
7743,Rahul,Trivedi,Female,55,Pune,Maharashtra,2024-01-17,Budget,Email
7744,Diya,Mishra,Male,43,Hyderabad,Telangana,2024-11-19,Budget,Instagram
7745,Neha,Mehta,Female,58,Hyderabad,Telangana,2023-02-18,Premium,Google Ads
7746,Diya,Parmar,Female,31,Kolkata,West Bengal,2023-05-29,VIP,Facebook
7747,Karan,Parmar,Female,57,Surat,Gujarat,2023-06-06,Regular,YouTube
7748,Raj,Kumar,Female,52,Rajkot,Gujarat,2024-08-26,Regular,Google Ads
7749,Raj,Sharma,Male,59,Delhi,Delhi,2023-06-01,Premium,Email
7750,Rohan,Kumar,Female,35,Jaipur,Rajasthan,2024-01-11,Budget,Email
7751,Pooja,Kumar,Male,37,Chennai,Tamil Nadu,2024-11-12,Budget,Facebook
7752,Riya,Singh,Male,26,Rajkot,Gujarat,2024-08-18,Regular,Instagram
7753,Kavya,Joshi,Male,58,Lucknow,Uttar Pradesh,2025-12-07,Regular,Facebook
7754,Aanya,Mishra,Male,50,Hyderabad,Telangana,2024-08-11,Premium,Organic Search
7755,Ananya,Reddy,Female,21,Rajkot,Gujarat,2025-10-19,Premium,Facebook
7756,Aanya,Singh,Female,21,Ahmedabad,Gujarat,2025-02-14,Regular,Google Ads
7757,Vivaan,Sharma,Male,33,Bengaluru,Karnataka,2024-09-23,Regular,Referral
7758,Dev,Thakkar,Female,43,Pune,Maharashtra,2023-09-19,Budget,Instagram
7759,Sneha,Thakkar,Female,23,Vadodara,Gujarat,2025-04-21,Regular,Email
7760,Raj,Thakkar,Male,54,Mumbai,Maharashtra,2025-12-11,Premium,Instagram
7761,Aanya,Reddy,Male,39,Ahmedabad,Gujarat,2024-05-03,Regular,Google Ads
7762,Ananya,Soni,Male,59,Mumbai,Maharashtra,2023-09-08,Budget,Google Ads
7763,Yash,Malhotra,Female,56,Kolkata,West Bengal,2023-11-10,Regular,Referral
7764,Ananya,Joshi,Male,24,Surat,Gujarat,2025-12-15,Regular,Organic Search
7765,Raj,Kapoor,Male,59,Hyderabad,Telangana,2025-01-22,Regular,Facebook
7766,Aanya,Reddy,Female,47,Surat,Gujarat,2025-10-03,Regular,Organic Search
7767,Ananya,Kumar,Female,27,Mumbai,Maharashtra,2023-06-13,Premium,Referral
7768,Pooja,Joshi,Female,32,Jaipur,Rajasthan,2025-09-01,Regular,Google Ads
7769,Sneha,Agarwal,Female,23,Kolkata,West Bengal,2023-05-13,Regular,Organic Search
7770,Ishaan,Pandya,Female,41,Bengaluru,Karnataka,2023-03-22,Premium,Instagram
7771,Meera,Reddy,Female,19,Rajkot,Gujarat,2023-12-16,Premium,Facebook
7772,Aditya,Joshi,Female,57,Surat,Gujarat,2023-05-14,Budget,Organic Search
7773,Karan,Agarwal,Female,32,Indore,Madhya Pradesh,2025-09-01,Regular,Facebook
7774,Priya,Reddy,Male,38,Chennai,Tamil Nadu,2025-12-11,Regular,Facebook
7775,Simran,Patel,Female,35,Delhi,Delhi,2024-05-08,Budget,Instagram
7776,Krish,Desai,Male,22,Hyderabad,Telangana,2023-07-21,Premium,Facebook
7777,Krish,Parmar,Female,42,Delhi,Delhi,2024-12-10,Budget,YouTube
7778,Kavya,Mishra,Female,53,Surat,Gujarat,2024-09-09,Premium,YouTube
7779,Raj,Singh,Male,27,Lucknow,Uttar Pradesh,2025-01-25,Budget,Instagram
7780,Yash,Trivedi,Female,40,Nagpur,Maharashtra,2025-08-30,Regular,Email
7781,Neha,Kapoor,Male,41,Delhi,Delhi,2025-11-03,Budget,Referral
7782,Aryan,Malhotra,Female,27,Lucknow,Uttar Pradesh,2023-06-14,Regular,Email
7783,Aarav,Verma,Male,23,Vadodara,Gujarat,2024-07-14,Budget,Facebook
7784,Meera,Pandya,Male,30,Rajkot,Gujarat,2024-08-04,Budget,Instagram
7785,Ishaan,Mehta,Female,38,Jaipur,Rajasthan,2023-04-29,VIP,Facebook
7786,Sneha,Trivedi,Male,49,Hyderabad,Telangana,2024-11-23,Budget,Facebook
7787,Kavya,Sharma,Male,60,Nagpur,Maharashtra,2023-12-01,Regular,YouTube
7788,Sneha,Mishra,Female,32,Kolkata,West Bengal,2024-09-28,Regular,Organic Search
7789,Neha,Agarwal,Female,19,Bengaluru,Karnataka,2023-08-19,Budget,Google Ads
7790,Kavya,Joshi,Male,32,Bengaluru,Karnataka,2023-11-07,Budget,Instagram
7791,Meera,Parmar,Female,34,Kolkata,West Bengal,2023-01-03,Budget,Google Ads
7792,Aanya,Singh,Male,37,Chennai,Tamil Nadu,2024-11-15,Regular,YouTube
7793,Yash,Mishra,Male,23,Pune,Maharashtra,2023-03-22,Premium,Google Ads
7794,Sneha,Singh,Male,32,Mumbai,Maharashtra,2024-01-23,Premium,Referral
7795,Tanya,Kapoor,Female,34,Hyderabad,Telangana,2025-04-06,VIP,YouTube
7796,Tanya,Reddy,Female,43,Ahmedabad,Gujarat,2023-08-07,Regular,Referral
7797,Tanya,Shah,Male,39,Chennai,Tamil Nadu,2024-10-13,VIP,Email
7798,Nisha,Soni,Male,26,Nagpur,Maharashtra,2023-03-04,Regular,YouTube
7799,Aarav,Soni,Male,29,Jaipur,Rajasthan,2024-03-15,Regular,Instagram
7800,Meera,Sharma,Female,39,Pune,Maharashtra,2025-11-16,Regular,Email
7801,Tanya,Gupta,Male,40,Pune,Maharashtra,2024-12-08,Budget,Facebook
7802,Nisha,Verma,Female,54,Vadodara,Gujarat,2023-07-29,Premium,Instagram
7803,Riya,Mishra,Male,31,Chennai,Tamil Nadu,2025-11-11,Budget,Instagram
7804,Isha,Kapoor,Male,41,Pune,Maharashtra,2025-11-08,Regular,Referral
7805,Rohan,Reddy,Male,25,Surat,Gujarat,2024-05-23,Regular,Organic Search
7806,Simran,Verma,Male,43,Vadodara,Gujarat,2024-11-04,Budget,Instagram
7807,Aditya,Pandya,Female,49,Vadodara,Gujarat,2024-10-12,Budget,Google Ads
7808,Vivaan,Agarwal,Female,45,Bengaluru,Karnataka,2025-06-06,Regular,Google Ads
7809,Aditya,Kumar,Female,49,Ahmedabad,Gujarat,2023-02-06,VIP,Facebook
7810,Kabir,Agarwal,Female,39,Hyderabad,Telangana,2024-02-11,Regular,Google Ads
7811,Diya,Kapoor,Female,26,Indore,Madhya Pradesh,2024-02-28,Regular,Instagram
7812,Rahul,Mehta,Male,20,Jaipur,Rajasthan,2024-11-13,Budget,Referral
7813,Raj,Patel,Female,42,Bengaluru,Karnataka,2023-12-04,Regular,YouTube
7814,Sneha,Mehta,Female,56,Surat,Gujarat,2025-07-07,Budget,Facebook
7815,Tanya,Parmar,Female,29,Rajkot,Gujarat,2025-02-05,Premium,Facebook
7816,Kavya,Joshi,Female,46,Bengaluru,Karnataka,2024-10-13,Budget,Instagram
7817,Kavya,Singh,Male,20,Pune,Maharashtra,2025-08-05,Regular,Email
7818,Diya,Soni,Male,58,Nagpur,Maharashtra,2025-12-17,Regular,Organic Search
7819,Tanya,Patel,Male,40,Nagpur,Maharashtra,2024-01-11,Regular,Organic Search
7820,Diya,Reddy,Female,40,Hyderabad,Telangana,2024-02-11,Regular,Google Ads
7821,Aditya,Joshi,Male,35,Nagpur,Maharashtra,2023-02-25,Premium,Email
7822,Tanya,Joshi,Male,28,Delhi,Delhi,2024-04-19,Budget,Instagram
7823,Raj,Shah,Female,53,Jaipur,Rajasthan,2023-01-17,Regular,Email
7824,Krish,Parmar,Female,43,Ahmedabad,Gujarat,2024-03-08,Regular,Instagram
7825,Kabir,Reddy,Female,25,Rajkot,Gujarat,2023-08-25,Regular,Google Ads
7826,Yash,Reddy,Male,45,Hyderabad,Telangana,2023-11-03,Budget,Organic Search
7827,Sneha,Agarwal,Female,35,Hyderabad,Telangana,2024-03-08,Budget,Google Ads
7828,Sneha,Trivedi,Male,30,Kolkata,West Bengal,2023-01-24,Premium,Facebook
7829,Kavya,Singh,Male,53,Pune,Maharashtra,2025-10-10,Regular,Email
7830,Priya,Trivedi,Male,59,Jaipur,Rajasthan,2024-11-11,Budget,Organic Search
7831,Simran,Trivedi,Male,57,Jaipur,Rajasthan,2025-08-09,Budget,Email
7832,Kabir,Pandya,Male,29,Vadodara,Gujarat,2024-02-19,Budget,Email
7833,Priya,Patel,Female,39,Mumbai,Maharashtra,2025-01-22,Budget,Organic Search
7834,Pooja,Parmar,Male,19,Pune,Maharashtra,2024-02-20,Regular,Email
7835,Aryan,Thakkar,Male,57,Vadodara,Gujarat,2025-05-25,Regular,Referral
7836,Aarav,Kumar,Male,45,Chennai,Tamil Nadu,2025-03-20,Premium,YouTube
7837,Rahul,Trivedi,Male,30,Mumbai,Maharashtra,2025-06-08,Premium,Facebook
7838,Sneha,Reddy,Male,50,Chennai,Tamil Nadu,2024-11-07,Regular,Facebook
7839,Meera,Patel,Female,20,Jaipur,Rajasthan,2024-02-04,Premium,YouTube
7840,Sneha,Desai,Male,51,Kolkata,West Bengal,2025-05-02,Regular,Referral
7841,Ishaan,Gupta,Male,40,Surat,Gujarat,2023-05-21,Regular,Email
7842,Ishaan,Joshi,Male,49,Jaipur,Rajasthan,2024-01-13,Budget,YouTube
7843,Sneha,Soni,Male,37,Indore,Madhya Pradesh,2024-03-25,Budget,Referral
7844,Raj,Gupta,Female,45,Bengaluru,Karnataka,2025-06-06,Budget,Email
7845,Ishaan,Verma,Male,25,Kolkata,West Bengal,2025-04-29,Budget,YouTube
7846,Aanya,Soni,Male,20,Jaipur,Rajasthan,2023-04-02,Premium,Facebook
7847,Sneha,Verma,Male,47,Surat,Gujarat,2024-04-29,Budget,YouTube
7848,Ananya,Desai,Male,42,Vadodara,Gujarat,2024-02-25,Budget,Referral
7849,Aarav,Mehta,Female,47,Mumbai,Maharashtra,2024-12-16,Premium,Instagram
7850,Priya,Joshi,Female,46,Surat,Gujarat,2024-07-05,Regular,Email
7851,Pooja,Gupta,Female,47,Delhi,Delhi,2025-06-22,Regular,YouTube
7852,Karan,Sharma,Male,51,Ahmedabad,Gujarat,2025-12-13,Budget,Email
7853,Sneha,Parmar,Female,42,Ahmedabad,Gujarat,2024-08-23,Premium,Google Ads
7854,Nisha,Sharma,Female,34,Surat,Gujarat,2023-07-04,Budget,Organic Search
7855,Raj,Joshi,Female,41,Nagpur,Maharashtra,2025-08-22,Regular,Email
7856,Yash,Kumar,Female,55,Hyderabad,Telangana,2025-05-01,Regular,Organic Search
7857,Aanya,Malhotra,Female,45,Ahmedabad,Gujarat,2023-07-10,Regular,YouTube
7858,Neha,Patel,Male,50,Pune,Maharashtra,2023-07-18,Premium,Email
7859,Meera,Mishra,Female,53,Indore,Madhya Pradesh,2023-12-10,Budget,Referral
7860,Ananya,Agarwal,Female,24,Indore,Madhya Pradesh,2023-06-23,Premium,Organic Search
7861,Kabir,Sharma,Female,40,Hyderabad,Telangana,2023-08-05,Regular,Instagram
7862,Meera,Verma,Male,43,Jaipur,Rajasthan,2023-06-23,Regular,Instagram
7863,Dev,Desai,Male,31,Hyderabad,Telangana,2023-03-19,VIP,YouTube
7864,Karan,Sharma,Female,59,Indore,Madhya Pradesh,2024-07-29,Regular,YouTube
7865,Aanya,Pandya,Male,45,Bengaluru,Karnataka,2025-04-20,Premium,Email
7866,Diya,Soni,Male,41,Ahmedabad,Gujarat,2024-03-12,Budget,Facebook
7867,Riya,Sharma,Female,24,Hyderabad,Telangana,2023-07-18,Premium,Instagram
7868,Nisha,Mehta,Male,53,Chennai,Tamil Nadu,2024-08-24,Premium,Instagram
7869,Rahul,Joshi,Female,56,Pune,Maharashtra,2025-10-27,VIP,Google Ads
7870,Nisha,Shah,Female,32,Hyderabad,Telangana,2025-09-30,Premium,Google Ads
7871,Aryan,Malhotra,Female,20,Surat,Gujarat,2024-09-25,Budget,Facebook
7872,Priya,Mehta,Male,19,Kolkata,West Bengal,2024-09-19,Regular,Instagram
7873,Raj,Verma,Female,24,Ahmedabad,Gujarat,2024-06-08,Premium,YouTube
7874,Pooja,Gupta,Female,33,Kolkata,West Bengal,2025-08-20,Regular,Instagram
7875,Priya,Malhotra,Male,38,Vadodara,Gujarat,2025-11-09,Regular,Organic Search
7876,Simran,Singh,Female,26,Lucknow,Uttar Pradesh,2023-09-11,Budget,YouTube
7877,Kabir,Patel,Male,29,Rajkot,Gujarat,2024-08-20,Regular,Organic Search
7878,Diya,Soni,Male,46,Mumbai,Maharashtra,2024-07-26,Regular,Organic Search
7879,Raj,Joshi,Female,41,Mumbai,Maharashtra,2025-06-11,Premium,YouTube
7880,Raj,Thakkar,Male,50,Kolkata,West Bengal,2023-08-03,Regular,Facebook
7881,Isha,Mishra,Female,31,Mumbai,Maharashtra,2025-06-02,Budget,Instagram
7882,Sneha,Kumar,Male,60,Kolkata,West Bengal,2024-08-24,Regular,Email
7883,Riya,Shah,Male,35,Pune,Maharashtra,2024-07-21,Premium,Organic Search
7884,Rohan,Malhotra,Male,22,Jaipur,Rajasthan,2024-08-28,Regular,Instagram
7885,Kavya,Pandya,Male,32,Jaipur,Rajasthan,2024-07-05,Premium,Organic Search
7886,Priya,Agarwal,Female,24,Indore,Madhya Pradesh,2023-12-03,Regular,Instagram
7887,Tanya,Gupta,Female,42,Kolkata,West Bengal,2023-11-15,Premium,Organic Search
7888,Isha,Shah,Male,31,Indore,Madhya Pradesh,2024-04-10,Premium,Referral
7889,Tanya,Kumar,Female,57,Jaipur,Rajasthan,2024-12-29,VIP,Google Ads
7890,Aryan,Gupta,Female,53,Chennai,Tamil Nadu,2025-06-18,Premium,Facebook
7891,Vivaan,Kumar,Female,52,Kolkata,West Bengal,2023-12-17,Regular,Email
7892,Pooja,Mishra,Female,41,Hyderabad,Telangana,2025-12-21,Premium,Email
7893,Simran,Patel,Female,32,Nagpur,Maharashtra,2025-08-07,Regular,Email
7894,Aanya,Kapoor,Female,28,Jaipur,Rajasthan,2023-07-09,Budget,YouTube
7895,Aryan,Desai,Female,41,Mumbai,Maharashtra,2025-12-19,Budget,Organic Search
7896,Rahul,Verma,Male,28,Delhi,Delhi,2024-11-17,Regular,Facebook
7897,Ishaan,Pandya,Female,34,Mumbai,Maharashtra,2023-03-14,Premium,Google Ads
7898,Pooja,Agarwal,Male,23,Nagpur,Maharashtra,2024-02-20,Regular,YouTube
7899,Rahul,Reddy,Male,38,Hyderabad,Telangana,2023-06-28,Regular,Email
7900,Rahul,Kumar,Male,25,Delhi,Delhi,2025-12-26,Budget,YouTube
7901,Raj,Desai,Female,32,Rajkot,Gujarat,2023-03-18,Regular,YouTube
7902,Ishaan,Mehta,Female,49,Ahmedabad,Gujarat,2023-09-05,Budget,Organic Search
7903,Krish,Kapoor,Male,27,Bengaluru,Karnataka,2024-12-07,Regular,Organic Search
7904,Vivaan,Patel,Male,45,Pune,Maharashtra,2025-09-14,VIP,Referral
7905,Kabir,Kumar,Female,32,Vadodara,Gujarat,2023-03-09,Premium,Email
7906,Aditya,Mehta,Female,29,Rajkot,Gujarat,2025-04-29,Regular,Email
7907,Sneha,Pandya,Female,60,Bengaluru,Karnataka,2024-08-10,Regular,Google Ads
7908,Priya,Shah,Male,35,Hyderabad,Telangana,2025-04-22,Regular,Facebook
7909,Aditya,Shah,Male,54,Delhi,Delhi,2025-02-19,Budget,Instagram
7910,Aarav,Reddy,Female,41,Surat,Gujarat,2025-05-31,VIP,Instagram
7911,Neha,Malhotra,Female,54,Hyderabad,Telangana,2024-12-22,Regular,Referral
7912,Meera,Joshi,Male,46,Surat,Gujarat,2023-11-20,Regular,Instagram
7913,Aanya,Desai,Female,27,Indore,Madhya Pradesh,2025-11-22,Regular,Google Ads
7914,Isha,Agarwal,Female,31,Ahmedabad,Gujarat,2024-10-16,Budget,YouTube
7915,Riya,Reddy,Male,33,Nagpur,Maharashtra,2023-05-25,Budget,Email
7916,Neha,Reddy,Male,54,Hyderabad,Telangana,2025-02-12,Budget,Facebook
7917,Raj,Mehta,Male,28,Lucknow,Uttar Pradesh,2023-11-06,Regular,Instagram
7918,Aditya,Patel,Male,43,Kolkata,West Bengal,2023-05-24,Budget,Referral
7919,Aarav,Sharma,Female,57,Surat,Gujarat,2025-07-30,Premium,Facebook
7920,Arjun,Patel,Male,36,Indore,Madhya Pradesh,2024-10-25,Regular,Organic Search
7921,Pooja,Sharma,Female,35,Lucknow,Uttar Pradesh,2025-06-11,Premium,Facebook
7922,Raj,Kumar,Female,47,Kolkata,West Bengal,2024-05-31,Premium,Email
7923,Isha,Kumar,Female,49,Ahmedabad,Gujarat,2023-07-14,Regular,Referral
7924,Tanya,Kapoor,Male,40,Indore,Madhya Pradesh,2025-03-28,Budget,Google Ads
7925,Ishaan,Mehta,Male,29,Nagpur,Maharashtra,2024-12-29,Regular,Email
7926,Vivaan,Kapoor,Female,30,Lucknow,Uttar Pradesh,2024-04-20,Budget,Referral
7927,Pooja,Kumar,Female,38,Chennai,Tamil Nadu,2024-03-09,Budget,Google Ads
7928,Diya,Parmar,Male,38,Indore,Madhya Pradesh,2024-02-21,Regular,Referral
7929,Vivaan,Trivedi,Female,46,Surat,Gujarat,2024-12-11,Regular,YouTube
7930,Meera,Agarwal,Female,46,Surat,Gujarat,2023-05-18,Budget,Facebook
7931,Sneha,Mehta,Female,44,Vadodara,Gujarat,2025-03-19,Regular,Instagram
7932,Meera,Singh,Female,46,Bengaluru,Karnataka,2023-05-14,Budget,Facebook
7933,Pooja,Malhotra,Female,32,Indore,Madhya Pradesh,2025-02-22,Regular,Email
7934,Diya,Verma,Female,29,Vadodara,Gujarat,2025-03-02,VIP,Referral
7935,Kavya,Pandya,Female,58,Hyderabad,Telangana,2025-01-03,Regular,Referral
7936,Meera,Mehta,Female,36,Hyderabad,Telangana,2024-01-12,Premium,Organic Search
7937,Aryan,Sharma,Male,29,Nagpur,Maharashtra,2024-01-30,Regular,Organic Search
7938,Aarav,Singh,Male,40,Pune,Maharashtra,2024-04-14,Budget,Google Ads
7939,Dev,Soni,Female,22,Surat,Gujarat,2025-02-09,Regular,YouTube
7940,Meera,Gupta,Female,43,Jaipur,Rajasthan,2023-01-19,Budget,YouTube
7941,Aarav,Kapoor,Male,27,Rajkot,Gujarat,2025-03-18,Regular,Google Ads
7942,Vivaan,Kapoor,Male,39,Surat,Gujarat,2023-09-04,Regular,Google Ads
7943,Diya,Kumar,Male,56,Kolkata,West Bengal,2025-12-26,Premium,Google Ads
7944,Yash,Shah,Female,40,Vadodara,Gujarat,2023-12-08,Regular,YouTube
7945,Kabir,Parmar,Male,28,Hyderabad,Telangana,2023-12-11,VIP,Organic Search
7946,Sneha,Desai,Male,45,Bengaluru,Karnataka,2025-07-12,Regular,Facebook
7947,Aanya,Joshi,Female,48,Lucknow,Uttar Pradesh,2024-01-22,Budget,Organic Search
7948,Vivaan,Mehta,Male,25,Bengaluru,Karnataka,2023-12-08,Regular,Organic Search
7949,Pooja,Patel,Female,56,Lucknow,Uttar Pradesh,2023-04-18,Premium,Organic Search
7950,Raj,Mehta,Male,45,Jaipur,Rajasthan,2024-11-07,Regular,Facebook
7951,Rahul,Gupta,Male,33,Indore,Madhya Pradesh,2024-09-24,Regular,Referral
7952,Priya,Thakkar,Male,48,Vadodara,Gujarat,2025-09-24,Regular,Organic Search
7953,Simran,Thakkar,Male,58,Lucknow,Uttar Pradesh,2024-08-18,Regular,Referral
7954,Rahul,Trivedi,Male,33,Bengaluru,Karnataka,2024-08-07,Budget,YouTube
7955,Aryan,Pandya,Female,22,Lucknow,Uttar Pradesh,2024-04-21,Budget,Instagram
7956,Diya,Kumar,Female,52,Chennai,Tamil Nadu,2023-12-03,Budget,Organic Search
7957,Ishaan,Reddy,Male,42,Indore,Madhya Pradesh,2023-11-09,Regular,Email
7958,Karan,Mehta,Female,30,Hyderabad,Telangana,2024-08-31,Premium,YouTube
7959,Dev,Pandya,Male,46,Mumbai,Maharashtra,2025-02-28,Premium,Instagram
7960,Dev,Desai,Male,44,Pune,Maharashtra,2024-08-16,Budget,Organic Search
7961,Pooja,Sharma,Male,57,Delhi,Delhi,2023-10-27,Regular,Organic Search
7962,Riya,Shah,Male,34,Jaipur,Rajasthan,2024-11-22,Regular,Email
7963,Aanya,Desai,Male,54,Surat,Gujarat,2024-12-28,Regular,Facebook
7964,Tanya,Pandya,Female,55,Ahmedabad,Gujarat,2023-08-24,Regular,Google Ads
7965,Neha,Mishra,Female,46,Surat,Gujarat,2025-08-22,Budget,Referral
7966,Riya,Thakkar,Female,51,Bengaluru,Karnataka,2025-06-15,Premium,Email
7967,Aryan,Sharma,Female,47,Lucknow,Uttar Pradesh,2023-07-30,Premium,Referral
7968,Ananya,Thakkar,Male,48,Bengaluru,Karnataka,2023-10-13,Budget,Google Ads
7969,Arjun,Gupta,Female,39,Jaipur,Rajasthan,2024-02-27,Regular,Instagram
7970,Kabir,Mehta,Male,42,Indore,Madhya Pradesh,2024-05-08,Budget,Referral
7971,Aryan,Reddy,Male,21,Ahmedabad,Gujarat,2025-10-14,Budget,YouTube
7972,Raj,Soni,Female,52,Mumbai,Maharashtra,2025-04-16,VIP,YouTube
7973,Aryan,Pandya,Female,58,Ahmedabad,Gujarat,2025-02-05,Regular,Google Ads
7974,Simran,Verma,Male,26,Lucknow,Uttar Pradesh,2023-12-11,Regular,Email
7975,Arjun,Gupta,Male,43,Ahmedabad,Gujarat,2024-06-06,Regular,Email
7976,Isha,Mishra,Male,44,Vadodara,Gujarat,2025-03-29,Premium,Referral
7977,Diya,Verma,Female,44,Indore,Madhya Pradesh,2023-11-15,Premium,Instagram
7978,Ananya,Singh,Male,35,Lucknow,Uttar Pradesh,2025-10-13,Budget,YouTube
7979,Aditya,Trivedi,Male,47,Ahmedabad,Gujarat,2024-11-25,Premium,Google Ads
7980,Pooja,Sharma,Male,48,Delhi,Delhi,2024-08-12,Premium,Facebook
7981,Riya,Trivedi,Male,59,Rajkot,Gujarat,2024-09-26,Regular,Referral
7982,Rohan,Pandya,Female,20,Indore,Madhya Pradesh,2023-07-27,Regular,YouTube
7983,Sneha,Patel,Female,46,Bengaluru,Karnataka,2023-07-05,Budget,YouTube
7984,Rohan,Mehta,Male,24,Surat,Gujarat,2025-09-03,Budget,Instagram
7985,Riya,Thakkar,Female,35,Mumbai,Maharashtra,2023-01-17,Regular,YouTube
7986,Ananya,Shah,Male,33,Indore,Madhya Pradesh,2023-09-11,Premium,Instagram
7987,Aanya,Singh,Female,49,Ahmedabad,Gujarat,2025-08-28,Premium,Instagram
7988,Ananya,Kapoor,Female,55,Pune,Maharashtra,2024-09-02,Regular,Facebook
7989,Vivaan,Mishra,Female,42,Hyderabad,Telangana,2024-03-21,Premium,Referral
7990,Raj,Gupta,Female,49,Mumbai,Maharashtra,2025-09-22,Premium,Organic Search
7991,Arjun,Desai,Male,36,Delhi,Delhi,2025-06-02,Regular,Email
7992,Dev,Desai,Male,20,Surat,Gujarat,2025-09-09,Budget,Organic Search
7993,Raj,Thakkar,Male,52,Delhi,Delhi,2024-05-20,Regular,YouTube
7994,Dev,Singh,Female,46,Mumbai,Maharashtra,2023-11-24,Budget,Instagram
7995,Aryan,Mehta,Female,28,Bengaluru,Karnataka,2023-12-15,Budget,Organic Search
7996,Kabir,Pandya,Male,23,Indore,Madhya Pradesh,2023-11-03,Budget,Instagram
7997,Aditya,Thakkar,Female,36,Pune,Maharashtra,2023-07-18,Premium,Email
7998,Diya,Joshi,Female,54,Kolkata,West Bengal,2024-08-29,Budget,Email
7999,Krish,Kumar,Male,44,Hyderabad,Telangana,2024-09-02,Regular,Instagram
8000,Aryan,Singh,Female,22,Nagpur,Maharashtra,2025-07-09,VIP,YouTube
8001,Priya,Trivedi,Male,43,Jaipur,Rajasthan,2023-08-23,Premium,Referral
8002,Ishaan,Parmar,Female,52,Delhi,Delhi,2025-02-23,Premium,YouTube
8003,Aditya,Pandya,Male,36,Surat,Gujarat,2025-04-21,Budget,Referral
8004,Rohan,Pandya,Female,34,Jaipur,Rajasthan,2025-11-07,Regular,YouTube
8005,Dev,Shah,Female,52,Rajkot,Gujarat,2025-08-16,Regular,Email
8006,Raj,Kapoor,Female,30,Indore,Madhya Pradesh,2024-01-16,Regular,YouTube
8007,Arjun,Verma,Female,31,Rajkot,Gujarat,2025-02-06,Regular,Organic Search
8008,Neha,Patel,Female,47,Bengaluru,Karnataka,2023-04-06,Regular,Referral
8009,Raj,Thakkar,Male,60,Kolkata,West Bengal,2023-01-31,VIP,YouTube
8010,Yash,Malhotra,Female,34,Surat,Gujarat,2023-04-07,Regular,YouTube
8011,Rohan,Patel,Male,54,Chennai,Tamil Nadu,2024-12-05,Budget,Email
8012,Dev,Parmar,Male,32,Indore,Madhya Pradesh,2025-12-05,Regular,Google Ads
8013,Tanya,Shah,Male,35,Chennai,Tamil Nadu,2023-08-24,Regular,Google Ads
8014,Neha,Thakkar,Female,31,Jaipur,Rajasthan,2023-12-03,Budget,YouTube
8015,Aryan,Singh,Male,31,Surat,Gujarat,2024-11-04,Premium,Google Ads
8016,Riya,Shah,Female,50,Indore,Madhya Pradesh,2023-10-12,Regular,YouTube
8017,Karan,Soni,Female,55,Nagpur,Maharashtra,2023-05-14,Regular,Organic Search
8018,Vivaan,Malhotra,Female,28,Mumbai,Maharashtra,2025-02-07,Regular,Email
8019,Kavya,Parmar,Male,28,Pune,Maharashtra,2024-11-25,Premium,YouTube
8020,Neha,Sharma,Female,43,Delhi,Delhi,2024-06-22,VIP,Facebook
8021,Tanya,Sharma,Female,20,Chennai,Tamil Nadu,2023-09-17,Budget,Instagram
8022,Sneha,Pandya,Female,42,Delhi,Delhi,2024-05-17,Regular,Email
8023,Karan,Mishra,Male,34,Pune,Maharashtra,2024-08-14,Budget,Referral
8024,Kabir,Singh,Male,39,Pune,Maharashtra,2025-06-14,Premium,Facebook
8025,Karan,Verma,Male,46,Mumbai,Maharashtra,2025-10-18,Regular,Facebook
8026,Priya,Singh,Male,43,Rajkot,Gujarat,2023-03-25,Premium,Organic Search
8027,Sneha,Kapoor,Female,51,Ahmedabad,Gujarat,2024-02-14,VIP,Instagram
8028,Krish,Kapoor,Male,43,Vadodara,Gujarat,2023-11-24,Regular,Facebook
8029,Simran,Soni,Female,26,Hyderabad,Telangana,2023-12-12,Budget,Instagram
8030,Meera,Kumar,Male,57,Lucknow,Uttar Pradesh,2025-07-11,Regular,YouTube
8031,Rohan,Desai,Female,28,Ahmedabad,Gujarat,2023-04-07,Budget,Email
8032,Sneha,Shah,Male,24,Jaipur,Rajasthan,2024-09-28,Premium,Email
8033,Pooja,Thakkar,Male,47,Surat,Gujarat,2023-07-02,Budget,Email
8034,Aanya,Sharma,Male,19,Pune,Maharashtra,2025-03-24,Regular,Organic Search
8035,Riya,Pandya,Female,47,Ahmedabad,Gujarat,2025-06-14,Budget,Instagram
8036,Yash,Mehta,Female,21,Vadodara,Gujarat,2024-10-22,Budget,Instagram
8037,Sneha,Soni,Male,31,Kolkata,West Bengal,2025-08-02,Budget,Facebook
8038,Isha,Kumar,Male,30,Ahmedabad,Gujarat,2025-03-12,Regular,Email
8039,Raj,Joshi,Male,42,Bengaluru,Karnataka,2024-01-13,Budget,Facebook
8040,Vivaan,Thakkar,Male,30,Chennai,Tamil Nadu,2024-11-10,Regular,YouTube
8041,Pooja,Patel,Male,30,Bengaluru,Karnataka,2023-03-31,Regular,Facebook
8042,Raj,Parmar,Male,54,Vadodara,Gujarat,2024-05-02,VIP,Email
8043,Simran,Singh,Female,23,Pune,Maharashtra,2025-03-30,Premium,Instagram
8044,Karan,Patel,Female,43,Chennai,Tamil Nadu,2025-05-12,Regular,Facebook
8045,Tanya,Verma,Female,31,Bengaluru,Karnataka,2025-01-12,Premium,Facebook
8046,Dev,Shah,Female,25,Pune,Maharashtra,2024-03-21,Regular,Instagram
8047,Sneha,Desai,Female,41,Chennai,Tamil Nadu,2025-05-13,Regular,Instagram
8048,Rahul,Kumar,Female,39,Ahmedabad,Gujarat,2025-11-06,Regular,Email
8049,Aditya,Singh,Male,57,Nagpur,Maharashtra,2024-11-16,Regular,YouTube
8050,Simran,Mishra,Male,56,Vadodara,Gujarat,2025-10-24,Regular,Referral
8051,Aditya,Shah,Male,38,Nagpur,Maharashtra,2023-10-08,Budget,Email
8052,Aanya,Patel,Male,60,Delhi,Delhi,2025-08-26,Regular,Facebook
8053,Ishaan,Mehta,Male,43,Ahmedabad,Gujarat,2024-06-16,Regular,Email
8054,Kavya,Gupta,Female,27,Indore,Madhya Pradesh,2024-08-27,Premium,Email
8055,Riya,Joshi,Female,30,Nagpur,Maharashtra,2024-04-22,Budget,Instagram
8056,Rohan,Singh,Female,59,Nagpur,Maharashtra,2023-03-30,Regular,YouTube
8057,Meera,Singh,Female,31,Nagpur,Maharashtra,2024-09-01,Premium,Referral
8058,Kavya,Reddy,Female,26,Delhi,Delhi,2023-05-22,Budget,YouTube
8059,Nisha,Pandya,Male,24,Rajkot,Gujarat,2024-10-23,Premium,Email
8060,Tanya,Shah,Female,56,Mumbai,Maharashtra,2024-07-13,Premium,Instagram
8061,Meera,Mehta,Female,48,Pune,Maharashtra,2023-02-20,Regular,Instagram
8062,Ananya,Joshi,Female,33,Surat,Gujarat,2023-07-27,Regular,Organic Search
8063,Diya,Trivedi,Male,25,Pune,Maharashtra,2024-06-06,VIP,Facebook
8064,Neha,Verma,Male,32,Surat,Gujarat,2024-12-09,Regular,Google Ads
8065,Aryan,Trivedi,Male,42,Jaipur,Rajasthan,2025-03-18,Budget,Facebook
8066,Arjun,Gupta,Male,55,Kolkata,West Bengal,2023-03-22,Premium,Referral
8067,Ananya,Desai,Male,58,Delhi,Delhi,2024-02-13,Budget,Organic Search
8068,Pooja,Trivedi,Male,32,Ahmedabad,Gujarat,2025-08-31,Budget,Facebook
8069,Yash,Verma,Female,42,Pune,Maharashtra,2025-06-09,Premium,Facebook
8070,Sneha,Sharma,Female,24,Rajkot,Gujarat,2024-11-12,Budget,Google Ads
8071,Aditya,Sharma,Female,43,Delhi,Delhi,2023-03-27,Regular,Instagram
8072,Sneha,Malhotra,Male,25,Pune,Maharashtra,2023-04-14,Regular,Instagram
8073,Krish,Sharma,Male,35,Jaipur,Rajasthan,2024-04-04,Premium,YouTube
8074,Isha,Verma,Male,38,Rajkot,Gujarat,2025-01-09,Budget,YouTube
8075,Meera,Gupta,Male,33,Indore,Madhya Pradesh,2024-04-05,Regular,Email
8076,Rahul,Malhotra,Female,20,Nagpur,Maharashtra,2024-03-15,Regular,Referral
8077,Arjun,Patel,Male,18,Ahmedabad,Gujarat,2024-07-22,Budget,Email
8078,Karan,Sharma,Male,30,Ahmedabad,Gujarat,2025-05-18,Regular,Email
8079,Meera,Malhotra,Male,49,Jaipur,Rajasthan,2024-07-03,Regular,YouTube
8080,Isha,Pandya,Male,29,Delhi,Delhi,2023-08-17,VIP,YouTube
8081,Pooja,Pandya,Male,48,Vadodara,Gujarat,2023-06-20,Regular,Facebook
8082,Diya,Singh,Female,58,Nagpur,Maharashtra,2023-02-04,Regular,Instagram
8083,Ananya,Pandya,Male,19,Surat,Gujarat,2023-12-07,Regular,YouTube
8084,Kavya,Shah,Male,58,Pune,Maharashtra,2024-07-23,VIP,Google Ads
8085,Kabir,Sharma,Female,25,Jaipur,Rajasthan,2024-06-20,Regular,Facebook
8086,Meera,Mehta,Male,42,Rajkot,Gujarat,2024-06-27,Regular,Organic Search
8087,Kabir,Kapoor,Male,22,Pune,Maharashtra,2023-12-22,Regular,Google Ads
8088,Aanya,Reddy,Female,19,Vadodara,Gujarat,2025-01-14,Regular,Google Ads
8089,Tanya,Kapoor,Female,59,Indore,Madhya Pradesh,2025-10-16,Budget,Instagram
8090,Diya,Parmar,Female,55,Vadodara,Gujarat,2024-06-16,Regular,Google Ads
8091,Riya,Mishra,Female,56,Delhi,Delhi,2024-01-08,Regular,Google Ads
8092,Meera,Agarwal,Female,20,Jaipur,Rajasthan,2025-10-12,Regular,Referral
8093,Dev,Agarwal,Female,55,Vadodara,Gujarat,2023-01-14,Budget,Google Ads
8094,Isha,Joshi,Female,39,Chennai,Tamil Nadu,2023-08-03,Regular,Google Ads
8095,Raj,Soni,Female,57,Vadodara,Gujarat,2024-06-19,Regular,Facebook
8096,Raj,Desai,Female,50,Vadodara,Gujarat,2025-11-09,Budget,Facebook
8097,Karan,Desai,Female,49,Chennai,Tamil Nadu,2025-07-16,Budget,Instagram
8098,Nisha,Pandya,Male,34,Indore,Madhya Pradesh,2024-03-11,Regular,Organic Search
8099,Dev,Desai,Female,35,Kolkata,West Bengal,2025-09-17,Regular,Instagram
8100,Vivaan,Sharma,Female,20,Rajkot,Gujarat,2025-12-11,Regular,Referral
8101,Arjun,Agarwal,Female,23,Pune,Maharashtra,2023-12-23,Regular,Google Ads
8102,Pooja,Gupta,Female,30,Mumbai,Maharashtra,2024-12-19,Regular,Email
8103,Rahul,Mishra,Female,48,Rajkot,Gujarat,2025-05-21,Regular,Google Ads
8104,Neha,Reddy,Male,34,Jaipur,Rajasthan,2024-08-29,Regular,Google Ads
8105,Aanya,Thakkar,Male,38,Delhi,Delhi,2025-02-16,Budget,Referral
8106,Sneha,Shah,Male,33,Rajkot,Gujarat,2023-11-22,Regular,Instagram
8107,Rahul,Verma,Female,34,Indore,Madhya Pradesh,2024-06-10,Budget,YouTube
8108,Pooja,Parmar,Female,49,Mumbai,Maharashtra,2024-11-17,Regular,Organic Search
8109,Sneha,Thakkar,Male,18,Surat,Gujarat,2023-08-07,Premium,Instagram
8110,Isha,Joshi,Female,55,Surat,Gujarat,2024-06-05,Regular,Facebook
8111,Krish,Trivedi,Female,25,Pune,Maharashtra,2024-02-09,Budget,Instagram
8112,Neha,Mehta,Male,18,Kolkata,West Bengal,2025-11-08,Budget,Referral
8113,Ishaan,Thakkar,Female,19,Delhi,Delhi,2024-08-02,Budget,YouTube
8114,Simran,Shah,Female,54,Hyderabad,Telangana,2025-02-28,Regular,Google Ads
8115,Meera,Shah,Female,41,Jaipur,Rajasthan,2023-10-21,Regular,YouTube
8116,Vivaan,Soni,Female,44,Mumbai,Maharashtra,2023-01-15,Budget,Referral
8117,Tanya,Gupta,Female,37,Nagpur,Maharashtra,2023-11-22,Premium,Referral
8118,Aditya,Joshi,Female,38,Kolkata,West Bengal,2025-08-28,Regular,Instagram
8119,Ishaan,Sharma,Female,59,Surat,Gujarat,2023-06-07,Regular,Email
8120,Rahul,Desai,Male,54,Chennai,Tamil Nadu,2025-06-18,Regular,Referral
8121,Krish,Trivedi,Male,52,Delhi,Delhi,2025-03-16,Regular,Facebook
8122,Meera,Trivedi,Female,55,Ahmedabad,Gujarat,2023-05-27,Premium,Referral
8123,Simran,Mishra,Female,32,Hyderabad,Telangana,2024-05-28,Budget,YouTube
8124,Diya,Reddy,Male,59,Mumbai,Maharashtra,2025-12-27,Budget,Referral
8125,Priya,Parmar,Male,47,Delhi,Delhi,2024-05-18,Regular,Organic Search
8126,Kavya,Verma,Male,21,Vadodara,Gujarat,2025-12-28,Regular,Organic Search
8127,Neha,Joshi,Male,60,Indore,Madhya Pradesh,2024-02-17,VIP,Instagram
8128,Karan,Joshi,Male,56,Nagpur,Maharashtra,2025-12-23,Budget,Google Ads
8129,Nisha,Mishra,Male,32,Pune,Maharashtra,2024-08-14,Budget,Instagram
8130,Kabir,Kumar,Male,40,Indore,Madhya Pradesh,2025-02-04,Regular,Referral
8131,Meera,Verma,Female,58,Rajkot,Gujarat,2023-08-25,Budget,Referral
8132,Riya,Verma,Male,32,Kolkata,West Bengal,2024-01-31,Regular,Google Ads
8133,Diya,Shah,Male,43,Mumbai,Maharashtra,2023-05-12,Premium,Email
8134,Kavya,Mishra,Male,29,Hyderabad,Telangana,2023-08-14,Budget,Facebook
8135,Nisha,Joshi,Female,35,Ahmedabad,Gujarat,2023-04-28,Regular,YouTube
8136,Karan,Verma,Female,23,Chennai,Tamil Nadu,2024-09-29,Regular,Instagram
8137,Aryan,Trivedi,Female,35,Bengaluru,Karnataka,2023-12-05,Regular,Instagram
8138,Raj,Mishra,Male,41,Ahmedabad,Gujarat,2024-02-23,Budget,YouTube
8139,Aarav,Gupta,Male,55,Jaipur,Rajasthan,2024-04-06,Budget,Referral
8140,Kabir,Patel,Male,45,Jaipur,Rajasthan,2024-11-06,Budget,Google Ads
8141,Neha,Thakkar,Female,32,Rajkot,Gujarat,2024-12-18,VIP,Facebook
8142,Kavya,Soni,Female,36,Delhi,Delhi,2023-04-24,Regular,Email
8143,Arjun,Trivedi,Female,22,Hyderabad,Telangana,2024-07-16,Premium,Organic Search
8144,Aditya,Sharma,Female,21,Chennai,Tamil Nadu,2023-11-02,Budget,YouTube
8145,Nisha,Mehta,Female,34,Lucknow,Uttar Pradesh,2024-09-14,Budget,Organic Search
8146,Aditya,Thakkar,Female,27,Nagpur,Maharashtra,2023-02-24,Regular,Facebook
8147,Kavya,Thakkar,Male,29,Bengaluru,Karnataka,2024-06-07,Regular,Instagram
8148,Raj,Gupta,Female,22,Hyderabad,Telangana,2024-03-09,Regular,Facebook
8149,Kabir,Singh,Female,24,Jaipur,Rajasthan,2023-07-09,Regular,Referral
8150,Karan,Kapoor,Female,40,Indore,Madhya Pradesh,2024-01-24,Regular,Email
8151,Nisha,Pandya,Female,19,Nagpur,Maharashtra,2024-10-28,Budget,Facebook
8152,Aarav,Malhotra,Male,47,Surat,Gujarat,2023-12-12,Premium,Referral
8153,Nisha,Shah,Male,54,Hyderabad,Telangana,2023-09-22,Budget,Instagram
8154,Diya,Desai,Female,22,Chennai,Tamil Nadu,2025-05-21,Regular,Email
8155,Rahul,Malhotra,Male,37,Hyderabad,Telangana,2023-05-21,Regular,Email
8156,Karan,Desai,Male,43,Chennai,Tamil Nadu,2025-01-18,Budget,Email
8157,Yash,Pandya,Male,56,Ahmedabad,Gujarat,2024-07-09,Premium,Instagram
8158,Sneha,Shah,Male,23,Hyderabad,Telangana,2023-08-27,Premium,Google Ads
8159,Aryan,Mehta,Male,46,Vadodara,Gujarat,2025-04-15,Budget,Instagram
8160,Nisha,Trivedi,Male,27,Jaipur,Rajasthan,2025-08-27,Regular,Google Ads
8161,Ishaan,Agarwal,Male,33,Rajkot,Gujarat,2024-07-18,Regular,Referral
8162,Dev,Verma,Female,51,Delhi,Delhi,2024-09-12,Budget,Google Ads
8163,Priya,Trivedi,Male,48,Indore,Madhya Pradesh,2023-09-14,Regular,Organic Search
8164,Aarav,Verma,Female,53,Hyderabad,Telangana,2025-10-31,Regular,Instagram
8165,Aanya,Trivedi,Male,58,Bengaluru,Karnataka,2023-06-27,Regular,Referral
8166,Arjun,Gupta,Male,22,Chennai,Tamil Nadu,2025-09-09,Premium,Facebook
8167,Rohan,Reddy,Male,50,Chennai,Tamil Nadu,2024-02-01,Budget,Instagram
8168,Aryan,Thakkar,Female,60,Lucknow,Uttar Pradesh,2024-06-20,Regular,Email
8169,Nisha,Parmar,Male,36,Jaipur,Rajasthan,2024-09-29,Regular,Facebook
8170,Isha,Kumar,Female,49,Bengaluru,Karnataka,2023-09-23,Budget,YouTube
8171,Aditya,Parmar,Male,40,Indore,Madhya Pradesh,2025-09-11,VIP,Referral
8172,Diya,Kapoor,Male,20,Kolkata,West Bengal,2024-02-08,Regular,YouTube
8173,Rohan,Kapoor,Female,18,Kolkata,West Bengal,2023-05-19,Regular,YouTube
8174,Diya,Desai,Male,53,Kolkata,West Bengal,2023-03-10,Premium,Email
8175,Aditya,Trivedi,Male,58,Indore,Madhya Pradesh,2025-03-15,Regular,Organic Search
8176,Riya,Patel,Male,45,Kolkata,West Bengal,2023-06-26,Budget,Referral
8177,Ananya,Verma,Female,56,Hyderabad,Telangana,2024-06-28,Budget,Referral
8178,Aditya,Parmar,Male,22,Kolkata,West Bengal,2023-10-28,Budget,Organic Search
8179,Riya,Singh,Male,30,Hyderabad,Telangana,2025-10-11,Regular,Email
8180,Krish,Sharma,Male,28,Surat,Gujarat,2024-10-07,Budget,Google Ads
8181,Diya,Parmar,Female,39,Indore,Madhya Pradesh,2024-02-03,Regular,Referral
8182,Isha,Agarwal,Male,40,Indore,Madhya Pradesh,2025-01-26,Budget,Organic Search
8183,Tanya,Kapoor,Female,29,Mumbai,Maharashtra,2024-07-26,Budget,Email
8184,Neha,Agarwal,Male,38,Lucknow,Uttar Pradesh,2023-02-25,Regular,Organic Search
8185,Riya,Gupta,Male,36,Nagpur,Maharashtra,2024-01-17,Regular,Referral
8186,Sneha,Parmar,Female,22,Delhi,Delhi,2024-04-15,Premium,Google Ads
8187,Aanya,Desai,Female,41,Hyderabad,Telangana,2024-09-26,Budget,YouTube
8188,Aanya,Shah,Female,47,Chennai,Tamil Nadu,2025-01-12,Budget,Instagram
8189,Kavya,Sharma,Female,25,Indore,Madhya Pradesh,2023-02-04,VIP,Instagram
8190,Krish,Shah,Female,19,Bengaluru,Karnataka,2025-09-02,Budget,Referral
8191,Aanya,Thakkar,Male,51,Ahmedabad,Gujarat,2023-01-21,Premium,Email
8192,Ananya,Verma,Male,40,Bengaluru,Karnataka,2023-09-22,Regular,Referral
8193,Ananya,Mehta,Female,20,Hyderabad,Telangana,2024-04-01,Budget,YouTube
8194,Rahul,Shah,Male,41,Kolkata,West Bengal,2025-08-07,Regular,Referral
8195,Nisha,Shah,Male,35,Lucknow,Uttar Pradesh,2024-01-18,VIP,YouTube
8196,Ananya,Sharma,Female,54,Vadodara,Gujarat,2024-06-18,Premium,Google Ads
8197,Aanya,Mishra,Female,48,Lucknow,Uttar Pradesh,2025-11-28,Regular,Organic Search
8198,Arjun,Shah,Female,31,Lucknow,Uttar Pradesh,2025-09-10,Regular,Organic Search
8199,Sneha,Agarwal,Male,18,Indore,Madhya Pradesh,2025-11-11,Regular,Organic Search
8200,Kabir,Kapoor,Female,31,Lucknow,Uttar Pradesh,2023-02-16,Regular,Google Ads
8201,Ananya,Parmar,Male,58,Bengaluru,Karnataka,2025-01-15,Regular,YouTube
8202,Aditya,Reddy,Female,22,Surat,Gujarat,2024-06-22,Premium,Referral
8203,Ananya,Reddy,Female,48,Ahmedabad,Gujarat,2025-12-07,Budget,Organic Search
8204,Raj,Trivedi,Female,48,Pune,Maharashtra,2024-11-09,Regular,Organic Search
8205,Aryan,Malhotra,Female,47,Chennai,Tamil Nadu,2025-09-10,Regular,Email
8206,Vivaan,Singh,Male,53,Hyderabad,Telangana,2023-02-14,Regular,Email
8207,Neha,Mehta,Male,18,Delhi,Delhi,2023-10-02,Budget,YouTube
8208,Kabir,Soni,Male,20,Lucknow,Uttar Pradesh,2025-09-11,Budget,Referral
8209,Riya,Soni,Female,37,Chennai,Tamil Nadu,2023-08-20,Regular,Referral
8210,Isha,Reddy,Male,60,Bengaluru,Karnataka,2023-03-27,Premium,Instagram
8211,Raj,Shah,Male,60,Pune,Maharashtra,2023-06-26,Regular,Instagram
8212,Aarav,Shah,Male,38,Rajkot,Gujarat,2024-09-29,Regular,Google Ads
8213,Vivaan,Singh,Female,47,Chennai,Tamil Nadu,2025-12-19,Regular,Referral
8214,Ananya,Pandya,Male,59,Mumbai,Maharashtra,2024-08-10,Regular,YouTube
8215,Yash,Malhotra,Female,47,Bengaluru,Karnataka,2024-08-25,Budget,Instagram
8216,Krish,Patel,Female,22,Bengaluru,Karnataka,2024-09-29,Budget,Email
8217,Pooja,Trivedi,Male,27,Hyderabad,Telangana,2023-04-24,Premium,Facebook
8218,Vivaan,Verma,Male,41,Vadodara,Gujarat,2025-09-25,Regular,Facebook
8219,Aanya,Gupta,Female,56,Rajkot,Gujarat,2024-09-03,Budget,Referral
8220,Kavya,Soni,Female,23,Chennai,Tamil Nadu,2023-05-31,Budget,YouTube
8221,Karan,Kumar,Female,27,Bengaluru,Karnataka,2024-08-06,Premium,Google Ads
8222,Sneha,Desai,Male,59,Surat,Gujarat,2025-09-14,Regular,Facebook
8223,Pooja,Kapoor,Female,60,Ahmedabad,Gujarat,2024-01-05,Premium,Email
8224,Rahul,Shah,Female,27,Ahmedabad,Gujarat,2025-09-01,Regular,Email
8225,Krish,Sharma,Female,42,Pune,Maharashtra,2023-03-13,Budget,Email
8226,Kabir,Gupta,Male,31,Ahmedabad,Gujarat,2025-05-09,Regular,Facebook
8227,Nisha,Kumar,Female,56,Delhi,Delhi,2023-12-19,Budget,Instagram
8228,Kavya,Agarwal,Female,30,Jaipur,Rajasthan,2025-10-31,Regular,Organic Search
8229,Vivaan,Thakkar,Female,28,Delhi,Delhi,2025-03-20,Budget,Email
8230,Isha,Patel,Female,56,Delhi,Delhi,2025-01-10,Regular,Google Ads
8231,Rohan,Malhotra,Female,28,Lucknow,Uttar Pradesh,2024-09-29,Premium,YouTube
8232,Krish,Mehta,Male,33,Jaipur,Rajasthan,2023-06-02,Regular,YouTube
8233,Pooja,Parmar,Male,50,Pune,Maharashtra,2024-01-21,Budget,YouTube
8234,Neha,Soni,Female,58,Vadodara,Gujarat,2024-11-21,Regular,Instagram
8235,Riya,Sharma,Female,58,Kolkata,West Bengal,2023-05-19,Regular,YouTube
8236,Priya,Reddy,Female,49,Surat,Gujarat,2023-07-25,Premium,YouTube
8237,Priya,Parmar,Female,27,Nagpur,Maharashtra,2023-04-06,Premium,Facebook
8238,Kavya,Singh,Female,32,Jaipur,Rajasthan,2024-12-26,Budget,Instagram
8239,Aditya,Desai,Female,33,Vadodara,Gujarat,2023-11-14,Premium,Instagram
8240,Rohan,Kapoor,Male,60,Hyderabad,Telangana,2024-05-26,Budget,Facebook
8241,Diya,Mehta,Female,44,Chennai,Tamil Nadu,2023-01-19,Budget,Google Ads
8242,Aanya,Trivedi,Female,49,Chennai,Tamil Nadu,2024-02-11,Budget,Organic Search
8243,Simran,Kumar,Male,23,Chennai,Tamil Nadu,2025-08-26,Budget,YouTube
8244,Isha,Singh,Male,53,Bengaluru,Karnataka,2025-05-12,Premium,Google Ads
8245,Ishaan,Singh,Male,25,Lucknow,Uttar Pradesh,2023-04-11,Regular,Facebook
8246,Isha,Singh,Male,42,Lucknow,Uttar Pradesh,2024-08-15,Regular,Facebook
8247,Diya,Mehta,Female,24,Nagpur,Maharashtra,2024-11-25,Premium,Facebook
8248,Simran,Malhotra,Male,34,Nagpur,Maharashtra,2023-01-18,Regular,Facebook
8249,Sneha,Trivedi,Male,47,Mumbai,Maharashtra,2023-05-09,Budget,Referral
8250,Vivaan,Pandya,Male,19,Mumbai,Maharashtra,2025-09-18,Regular,Email
8251,Arjun,Thakkar,Female,34,Chennai,Tamil Nadu,2024-01-01,Premium,Facebook
8252,Priya,Thakkar,Female,21,Surat,Gujarat,2024-04-06,VIP,Google Ads
8253,Karan,Reddy,Female,43,Chennai,Tamil Nadu,2025-07-23,Regular,Facebook
8254,Vivaan,Joshi,Male,31,Surat,Gujarat,2023-11-28,Premium,Google Ads
8255,Rahul,Agarwal,Female,25,Chennai,Tamil Nadu,2024-11-15,Premium,Facebook
8256,Isha,Malhotra,Male,22,Lucknow,Uttar Pradesh,2025-06-29,Budget,Facebook
8257,Karan,Malhotra,Male,22,Kolkata,West Bengal,2023-01-20,Regular,Email
8258,Pooja,Desai,Male,22,Delhi,Delhi,2024-06-29,Budget,Organic Search
8259,Rohan,Reddy,Male,44,Lucknow,Uttar Pradesh,2024-07-25,Regular,Facebook
8260,Rohan,Patel,Female,22,Rajkot,Gujarat,2024-04-06,Premium,YouTube
8261,Riya,Soni,Female,20,Pune,Maharashtra,2025-06-27,Premium,Email
8262,Diya,Gupta,Female,55,Hyderabad,Telangana,2024-08-27,Regular,Email
8263,Meera,Parmar,Female,47,Lucknow,Uttar Pradesh,2023-11-19,Premium,YouTube
8264,Aryan,Joshi,Male,18,Kolkata,West Bengal,2023-03-30,Budget,Organic Search
8265,Rohan,Verma,Male,25,Kolkata,West Bengal,2023-06-22,Budget,Referral
8266,Kabir,Singh,Male,30,Surat,Gujarat,2023-02-09,Budget,Organic Search
8267,Aryan,Sharma,Male,37,Delhi,Delhi,2025-07-22,Premium,Email
8268,Rohan,Kapoor,Male,23,Vadodara,Gujarat,2023-07-22,Premium,Facebook
8269,Dev,Joshi,Female,25,Indore,Madhya Pradesh,2023-08-31,Regular,YouTube
8270,Pooja,Agarwal,Female,47,Bengaluru,Karnataka,2023-03-29,VIP,Organic Search
8271,Vivaan,Malhotra,Male,57,Hyderabad,Telangana,2024-11-04,Regular,Facebook
8272,Aryan,Joshi,Male,32,Bengaluru,Karnataka,2024-06-15,Regular,Email
8273,Ishaan,Mehta,Female,27,Surat,Gujarat,2024-10-21,Regular,Instagram
8274,Arjun,Singh,Female,50,Bengaluru,Karnataka,2024-12-13,Premium,YouTube
8275,Kavya,Joshi,Male,26,Nagpur,Maharashtra,2023-09-04,Budget,Google Ads
8276,Kavya,Malhotra,Female,50,Pune,Maharashtra,2024-09-16,Budget,Email
8277,Kavya,Pandya,Female,26,Surat,Gujarat,2024-12-31,Budget,Organic Search
8278,Vivaan,Verma,Male,31,Chennai,Tamil Nadu,2025-09-11,Premium,Organic Search
8279,Sneha,Patel,Male,49,Vadodara,Gujarat,2024-05-10,Premium,Instagram
8280,Rahul,Verma,Female,54,Mumbai,Maharashtra,2024-02-19,Regular,Email
8281,Nisha,Verma,Female,23,Lucknow,Uttar Pradesh,2025-08-27,Premium,Facebook
8282,Krish,Parmar,Male,22,Mumbai,Maharashtra,2024-09-06,Regular,Referral
8283,Aarav,Thakkar,Female,21,Vadodara,Gujarat,2023-03-20,Regular,Referral
8284,Aanya,Pandya,Female,33,Surat,Gujarat,2024-06-11,Premium,Facebook
8285,Karan,Shah,Female,27,Indore,Madhya Pradesh,2025-12-18,Regular,Referral
8286,Aarav,Soni,Male,48,Jaipur,Rajasthan,2024-12-06,Regular,Facebook
8287,Aarav,Malhotra,Female,48,Bengaluru,Karnataka,2024-09-28,Budget,Instagram
8288,Aarav,Pandya,Female,31,Pune,Maharashtra,2025-06-17,Budget,Facebook
8289,Neha,Reddy,Male,30,Delhi,Delhi,2025-06-29,Regular,Email
8290,Arjun,Shah,Male,21,Mumbai,Maharashtra,2024-06-27,Budget,Email
8291,Arjun,Sharma,Female,43,Indore,Madhya Pradesh,2025-10-12,Regular,Referral
8292,Aanya,Thakkar,Male,41,Surat,Gujarat,2024-11-20,Regular,Email
8293,Nisha,Shah,Male,26,Kolkata,West Bengal,2023-08-07,Regular,YouTube
8294,Ishaan,Sharma,Female,52,Bengaluru,Karnataka,2025-09-21,Regular,Email
8295,Nisha,Patel,Male,59,Indore,Madhya Pradesh,2023-04-13,VIP,Facebook
8296,Aarav,Sharma,Female,32,Vadodara,Gujarat,2025-06-02,Budget,Organic Search
8297,Tanya,Thakkar,Female,41,Ahmedabad,Gujarat,2024-09-21,Regular,Organic Search
8298,Dev,Mishra,Male,48,Lucknow,Uttar Pradesh,2025-01-24,Premium,YouTube
8299,Aryan,Joshi,Female,36,Hyderabad,Telangana,2023-01-07,Budget,YouTube
8300,Sneha,Thakkar,Female,19,Hyderabad,Telangana,2024-01-23,Budget,YouTube
8301,Arjun,Shah,Female,19,Mumbai,Maharashtra,2025-04-07,Regular,YouTube
8302,Tanya,Shah,Female,58,Mumbai,Maharashtra,2023-02-11,Regular,Referral
8303,Rahul,Pandya,Female,53,Kolkata,West Bengal,2023-04-06,Budget,Instagram
8304,Diya,Shah,Male,54,Rajkot,Gujarat,2023-09-03,Regular,Organic Search
8305,Vivaan,Joshi,Male,51,Chennai,Tamil Nadu,2023-04-24,Regular,Referral
8306,Sneha,Gupta,Female,56,Indore,Madhya Pradesh,2024-06-27,Regular,Email
8307,Aanya,Reddy,Female,36,Mumbai,Maharashtra,2023-11-26,Regular,Instagram
8308,Dev,Gupta,Male,55,Surat,Gujarat,2023-09-29,Premium,Referral
8309,Neha,Pandya,Female,40,Nagpur,Maharashtra,2023-09-18,Regular,Google Ads
8310,Neha,Kumar,Female,33,Ahmedabad,Gujarat,2024-12-17,Regular,Instagram
8311,Isha,Shah,Female,23,Rajkot,Gujarat,2023-09-21,Regular,Referral
8312,Raj,Thakkar,Male,43,Kolkata,West Bengal,2025-03-11,Regular,Organic Search
8313,Neha,Singh,Female,39,Nagpur,Maharashtra,2023-11-14,Premium,Organic Search
8314,Aanya,Patel,Male,41,Surat,Gujarat,2023-06-09,Regular,Referral
8315,Kavya,Sharma,Female,57,Mumbai,Maharashtra,2024-04-21,Regular,YouTube
8316,Raj,Soni,Female,38,Pune,Maharashtra,2024-10-02,Budget,Email
8317,Isha,Patel,Male,47,Hyderabad,Telangana,2025-05-08,Premium,Referral
8318,Rohan,Thakkar,Male,28,Surat,Gujarat,2023-05-28,Regular,Email
8319,Ishaan,Desai,Female,26,Ahmedabad,Gujarat,2025-09-01,Regular,Facebook
8320,Karan,Singh,Female,29,Mumbai,Maharashtra,2023-02-21,Regular,Referral
8321,Dev,Gupta,Female,43,Indore,Madhya Pradesh,2023-09-15,Budget,Instagram
8322,Isha,Verma,Male,55,Surat,Gujarat,2025-10-16,Regular,Email
8323,Ananya,Kumar,Female,20,Nagpur,Maharashtra,2023-09-05,Budget,Google Ads
8324,Aanya,Gupta,Male,50,Bengaluru,Karnataka,2023-10-15,Regular,Google Ads
8325,Sneha,Soni,Female,32,Mumbai,Maharashtra,2025-08-04,Regular,Organic Search
8326,Kavya,Soni,Female,22,Rajkot,Gujarat,2023-08-02,Budget,Referral
8327,Meera,Gupta,Female,41,Hyderabad,Telangana,2024-06-27,Budget,Instagram
8328,Simran,Verma,Female,28,Indore,Madhya Pradesh,2023-08-20,Regular,Referral
8329,Vivaan,Malhotra,Female,50,Bengaluru,Karnataka,2024-10-04,Premium,Referral
8330,Simran,Patel,Female,40,Rajkot,Gujarat,2023-01-13,Budget,Facebook
8331,Arjun,Shah,Female,27,Delhi,Delhi,2025-04-17,Regular,Referral
8332,Aditya,Gupta,Male,60,Hyderabad,Telangana,2024-06-16,Regular,Referral
8333,Karan,Gupta,Female,45,Jaipur,Rajasthan,2025-04-18,Regular,Organic Search
8334,Neha,Mishra,Female,56,Kolkata,West Bengal,2024-09-10,Budget,Google Ads
8335,Aanya,Verma,Female,34,Mumbai,Maharashtra,2024-02-10,Budget,Facebook
8336,Dev,Joshi,Female,43,Delhi,Delhi,2023-10-15,Premium,Organic Search
8337,Karan,Mehta,Male,42,Mumbai,Maharashtra,2024-03-01,Premium,Organic Search
8338,Kabir,Parmar,Male,53,Surat,Gujarat,2024-03-11,Regular,Organic Search
8339,Rahul,Trivedi,Female,29,Chennai,Tamil Nadu,2025-09-16,Regular,Instagram
8340,Kavya,Agarwal,Female,20,Jaipur,Rajasthan,2023-03-22,Regular,Organic Search
8341,Simran,Agarwal,Male,46,Ahmedabad,Gujarat,2023-12-24,Budget,Referral
8342,Aarav,Soni,Male,41,Rajkot,Gujarat,2024-12-02,Premium,Email
8343,Arjun,Mehta,Male,36,Delhi,Delhi,2023-09-12,Budget,Facebook
8344,Krish,Desai,Female,30,Hyderabad,Telangana,2025-06-17,Regular,Referral
8345,Isha,Shah,Male,33,Nagpur,Maharashtra,2023-06-15,Regular,Google Ads
8346,Riya,Agarwal,Male,57,Nagpur,Maharashtra,2024-04-09,Regular,Facebook
8347,Aanya,Malhotra,Female,44,Bengaluru,Karnataka,2023-09-13,Regular,Email
8348,Ishaan,Sharma,Female,23,Surat,Gujarat,2024-02-27,Regular,Referral
8349,Priya,Patel,Female,59,Indore,Madhya Pradesh,2023-07-17,Budget,Email
8350,Simran,Singh,Male,27,Surat,Gujarat,2024-07-10,Budget,Organic Search
8351,Krish,Malhotra,Male,55,Ahmedabad,Gujarat,2025-06-01,Premium,Google Ads
8352,Aryan,Desai,Male,25,Jaipur,Rajasthan,2024-06-08,Regular,Facebook
8353,Nisha,Patel,Male,35,Chennai,Tamil Nadu,2025-12-11,Premium,Facebook
8354,Ananya,Trivedi,Female,49,Indore,Madhya Pradesh,2024-07-08,Regular,YouTube
8355,Yash,Shah,Male,34,Rajkot,Gujarat,2023-01-07,Regular,Google Ads
8356,Dev,Shah,Female,59,Vadodara,Gujarat,2023-02-13,Regular,Organic Search
8357,Meera,Parmar,Male,19,Chennai,Tamil Nadu,2025-01-04,Budget,Facebook
8358,Neha,Soni,Male,37,Vadodara,Gujarat,2024-08-11,Regular,Instagram
8359,Meera,Agarwal,Male,27,Ahmedabad,Gujarat,2025-03-22,Premium,YouTube
8360,Rahul,Verma,Female,26,Jaipur,Rajasthan,2024-05-05,Premium,Google Ads
8361,Riya,Shah,Male,56,Vadodara,Gujarat,2023-11-14,Regular,Email
8362,Neha,Thakkar,Female,58,Vadodara,Gujarat,2023-08-06,Regular,Google Ads
8363,Nisha,Kumar,Female,42,Kolkata,West Bengal,2024-05-15,Premium,Instagram
8364,Rahul,Trivedi,Female,42,Rajkot,Gujarat,2023-11-29,Premium,Instagram
8365,Kabir,Singh,Female,41,Vadodara,Gujarat,2024-07-06,Premium,Email
8366,Aarav,Reddy,Male,23,Surat,Gujarat,2025-11-12,Regular,Email
8367,Kavya,Gupta,Male,47,Vadodara,Gujarat,2023-08-04,Premium,Email
8368,Isha,Sharma,Female,27,Pune,Maharashtra,2025-12-02,Budget,Organic Search
8369,Isha,Reddy,Female,56,Bengaluru,Karnataka,2025-01-12,Regular,YouTube
8370,Neha,Malhotra,Male,48,Ahmedabad,Gujarat,2025-07-24,Budget,Organic Search
8371,Ananya,Verma,Male,35,Jaipur,Rajasthan,2024-02-18,Regular,Instagram
8372,Karan,Trivedi,Female,60,Nagpur,Maharashtra,2024-09-13,Regular,Email
8373,Meera,Joshi,Male,50,Kolkata,West Bengal,2024-09-08,Budget,Instagram
8374,Kavya,Kapoor,Male,36,Lucknow,Uttar Pradesh,2023-11-12,Regular,YouTube
8375,Pooja,Patel,Male,40,Mumbai,Maharashtra,2025-02-05,Budget,Referral
8376,Sneha,Agarwal,Female,22,Bengaluru,Karnataka,2024-05-13,Budget,Organic Search
8377,Tanya,Trivedi,Female,43,Bengaluru,Karnataka,2023-12-15,Budget,YouTube
8378,Aditya,Mehta,Female,46,Lucknow,Uttar Pradesh,2023-03-16,Regular,Organic Search
8379,Kavya,Shah,Female,41,Chennai,Tamil Nadu,2023-08-21,Budget,Referral
8380,Ishaan,Pandya,Female,23,Delhi,Delhi,2025-07-01,Budget,Instagram
8381,Riya,Pandya,Male,56,Kolkata,West Bengal,2024-12-24,Budget,Email
8382,Meera,Parmar,Male,21,Rajkot,Gujarat,2024-07-23,Budget,Referral
8383,Aryan,Malhotra,Male,59,Chennai,Tamil Nadu,2023-02-07,Budget,Google Ads
8384,Dev,Thakkar,Female,43,Surat,Gujarat,2023-09-19,Regular,Facebook
8385,Vivaan,Thakkar,Male,32,Vadodara,Gujarat,2023-07-31,Regular,Instagram
8386,Aarav,Singh,Female,30,Vadodara,Gujarat,2025-09-17,VIP,Referral
8387,Diya,Joshi,Female,57,Bengaluru,Karnataka,2025-02-23,Budget,YouTube
8388,Aanya,Thakkar,Female,39,Nagpur,Maharashtra,2023-07-25,Premium,Organic Search
8389,Sneha,Kumar,Female,30,Jaipur,Rajasthan,2023-01-05,Regular,Organic Search
8390,Simran,Sharma,Female,56,Hyderabad,Telangana,2023-05-28,Regular,Email
8391,Isha,Joshi,Female,34,Delhi,Delhi,2025-09-01,Regular,Referral
8392,Rahul,Soni,Male,53,Chennai,Tamil Nadu,2024-01-22,Budget,Facebook
8393,Krish,Reddy,Female,56,Hyderabad,Telangana,2024-03-03,Regular,Instagram
8394,Sneha,Thakkar,Male,42,Kolkata,West Bengal,2024-01-04,Premium,Google Ads
8395,Pooja,Malhotra,Female,51,Pune,Maharashtra,2025-09-27,Premium,Google Ads
8396,Ananya,Reddy,Male,38,Hyderabad,Telangana,2024-10-09,VIP,YouTube
8397,Krish,Parmar,Female,42,Ahmedabad,Gujarat,2025-11-11,Premium,YouTube
8398,Neha,Reddy,Female,42,Kolkata,West Bengal,2024-07-03,Regular,YouTube
8399,Kavya,Pandya,Male,39,Ahmedabad,Gujarat,2024-06-22,Regular,Instagram
8400,Aditya,Trivedi,Female,40,Delhi,Delhi,2024-04-21,Premium,Google Ads
8401,Neha,Thakkar,Female,42,Vadodara,Gujarat,2025-12-24,Regular,Google Ads
8402,Sneha,Agarwal,Male,31,Mumbai,Maharashtra,2023-06-23,Budget,YouTube
8403,Meera,Kumar,Male,31,Hyderabad,Telangana,2023-03-14,Regular,YouTube
8404,Pooja,Patel,Female,43,Kolkata,West Bengal,2025-12-03,Regular,Organic Search
8405,Yash,Agarwal,Male,57,Kolkata,West Bengal,2025-01-14,Regular,Email
8406,Vivaan,Shah,Male,47,Chennai,Tamil Nadu,2025-10-23,Premium,Organic Search
8407,Aditya,Trivedi,Female,43,Chennai,Tamil Nadu,2024-03-18,Regular,Google Ads
8408,Aanya,Pandya,Male,55,Kolkata,West Bengal,2023-03-20,Premium,YouTube
8409,Aarav,Mishra,Female,39,Pune,Maharashtra,2023-05-19,Premium,Organic Search
8410,Riya,Joshi,Male,56,Delhi,Delhi,2025-03-25,Budget,YouTube
8411,Priya,Desai,Female,56,Mumbai,Maharashtra,2025-10-27,Budget,YouTube
8412,Rahul,Shah,Female,51,Delhi,Delhi,2025-06-01,Regular,Referral
8413,Rohan,Singh,Female,42,Rajkot,Gujarat,2024-12-25,Premium,Email
8414,Aarav,Joshi,Male,53,Rajkot,Gujarat,2024-05-27,Budget,Google Ads
8415,Meera,Shah,Female,30,Delhi,Delhi,2024-11-26,Regular,Google Ads
8416,Aarav,Kumar,Male,46,Vadodara,Gujarat,2024-12-27,Regular,Google Ads
8417,Nisha,Sharma,Female,59,Chennai,Tamil Nadu,2023-03-18,Regular,Email
8418,Priya,Pandya,Female,26,Ahmedabad,Gujarat,2025-12-02,Budget,Instagram
8419,Priya,Soni,Female,32,Nagpur,Maharashtra,2024-06-13,Budget,Email
8420,Diya,Singh,Male,48,Chennai,Tamil Nadu,2025-10-09,Budget,Organic Search
8421,Yash,Malhotra,Female,44,Hyderabad,Telangana,2023-07-09,Regular,Referral
8422,Nisha,Parmar,Female,48,Rajkot,Gujarat,2025-05-24,Budget,Facebook
8423,Kavya,Agarwal,Male,27,Surat,Gujarat,2023-09-19,Premium,Organic Search
8424,Kabir,Malhotra,Female,54,Indore,Madhya Pradesh,2023-05-24,Regular,Referral
8425,Simran,Malhotra,Female,24,Mumbai,Maharashtra,2024-10-02,Regular,Organic Search
8426,Diya,Reddy,Male,49,Surat,Gujarat,2023-10-05,Premium,Email
8427,Tanya,Verma,Male,28,Ahmedabad,Gujarat,2025-03-24,Regular,Organic Search
8428,Aarav,Verma,Male,45,Jaipur,Rajasthan,2023-11-03,Budget,Facebook
8429,Arjun,Pandya,Female,21,Mumbai,Maharashtra,2024-08-29,Premium,Organic Search
8430,Dev,Desai,Male,48,Bengaluru,Karnataka,2024-07-03,Budget,Referral
8431,Ishaan,Joshi,Female,46,Jaipur,Rajasthan,2023-10-27,Budget,YouTube
8432,Isha,Patel,Female,50,Jaipur,Rajasthan,2023-12-13,Regular,Organic Search
8433,Pooja,Reddy,Male,21,Vadodara,Gujarat,2024-03-01,Budget,Facebook
8434,Nisha,Parmar,Male,43,Rajkot,Gujarat,2023-02-11,Regular,Email
8435,Sneha,Mishra,Female,48,Ahmedabad,Gujarat,2023-11-12,Regular,Instagram
8436,Karan,Trivedi,Male,48,Indore,Madhya Pradesh,2024-09-29,Regular,Google Ads
8437,Yash,Agarwal,Male,44,Mumbai,Maharashtra,2023-03-18,Budget,Email
8438,Priya,Gupta,Female,42,Mumbai,Maharashtra,2023-04-06,Regular,Google Ads
8439,Karan,Shah,Male,53,Vadodara,Gujarat,2025-03-29,Budget,Referral
8440,Yash,Malhotra,Male,48,Mumbai,Maharashtra,2025-01-06,Budget,Facebook
8441,Ananya,Reddy,Male,60,Nagpur,Maharashtra,2025-01-19,Regular,YouTube
8442,Vivaan,Joshi,Female,54,Kolkata,West Bengal,2023-07-24,Regular,YouTube
8443,Krish,Pandya,Male,40,Lucknow,Uttar Pradesh,2025-07-24,Regular,Email
8444,Raj,Soni,Male,52,Kolkata,West Bengal,2024-10-16,Budget,Organic Search
8445,Arjun,Patel,Female,21,Surat,Gujarat,2023-11-11,Premium,Facebook
8446,Krish,Parmar,Female,45,Vadodara,Gujarat,2025-01-13,Budget,Facebook
8447,Krish,Malhotra,Female,59,Kolkata,West Bengal,2023-10-22,Regular,Google Ads
8448,Diya,Desai,Female,58,Vadodara,Gujarat,2025-04-10,Budget,Referral
8449,Karan,Reddy,Male,59,Bengaluru,Karnataka,2024-10-03,Regular,Organic Search
8450,Meera,Pandya,Female,30,Nagpur,Maharashtra,2023-10-12,Regular,Referral
8451,Vivaan,Soni,Female,18,Kolkata,West Bengal,2024-05-26,Regular,Facebook
8452,Dev,Parmar,Male,29,Indore,Madhya Pradesh,2025-10-04,Budget,Organic Search
8453,Aanya,Shah,Female,60,Lucknow,Uttar Pradesh,2023-01-29,Regular,Instagram
8454,Isha,Malhotra,Female,57,Chennai,Tamil Nadu,2025-10-27,Premium,YouTube
8455,Rohan,Pandya,Male,43,Kolkata,West Bengal,2024-06-25,Premium,Referral
8456,Yash,Kapoor,Female,40,Ahmedabad,Gujarat,2023-08-03,Budget,Instagram
8457,Rahul,Mehta,Female,39,Delhi,Delhi,2024-09-18,Regular,Referral
8458,Kavya,Malhotra,Male,45,Surat,Gujarat,2023-08-03,Budget,Instagram
8459,Aryan,Joshi,Male,34,Hyderabad,Telangana,2023-08-09,Budget,Google Ads
8460,Riya,Mehta,Male,23,Ahmedabad,Gujarat,2025-10-20,Budget,Facebook
8461,Aarav,Sharma,Male,31,Bengaluru,Karnataka,2023-09-18,Budget,Google Ads
8462,Kavya,Desai,Male,34,Jaipur,Rajasthan,2025-10-20,Premium,Referral
8463,Ananya,Shah,Male,55,Chennai,Tamil Nadu,2024-07-19,Regular,YouTube
8464,Priya,Thakkar,Male,22,Ahmedabad,Gujarat,2025-03-11,Premium,Organic Search
8465,Simran,Sharma,Male,30,Lucknow,Uttar Pradesh,2024-10-07,Premium,Google Ads
8466,Rahul,Parmar,Male,26,Vadodara,Gujarat,2025-11-13,Regular,Referral
8467,Meera,Reddy,Male,59,Hyderabad,Telangana,2025-09-15,Regular,Instagram
8468,Aanya,Soni,Male,43,Hyderabad,Telangana,2025-09-18,Premium,Organic Search
8469,Rahul,Pandya,Male,30,Vadodara,Gujarat,2024-09-20,Regular,Google Ads
8470,Raj,Gupta,Female,36,Mumbai,Maharashtra,2024-04-22,Regular,Facebook
8471,Aarav,Thakkar,Male,34,Hyderabad,Telangana,2024-01-17,Premium,Google Ads
8472,Sneha,Parmar,Male,33,Indore,Madhya Pradesh,2025-03-29,Budget,Facebook
8473,Sneha,Shah,Male,47,Surat,Gujarat,2024-01-09,Regular,Organic Search
8474,Simran,Gupta,Male,49,Mumbai,Maharashtra,2024-07-06,Budget,Organic Search
8475,Raj,Malhotra,Male,31,Kolkata,West Bengal,2025-01-31,Premium,Instagram
8476,Karan,Verma,Female,32,Chennai,Tamil Nadu,2023-04-02,Premium,Facebook
8477,Ananya,Malhotra,Female,29,Indore,Madhya Pradesh,2024-01-12,Regular,Facebook
8478,Yash,Malhotra,Female,54,Hyderabad,Telangana,2024-08-25,Regular,Organic Search
8479,Nisha,Pandya,Female,28,Indore,Madhya Pradesh,2023-04-10,Premium,Referral
8480,Simran,Sharma,Male,22,Surat,Gujarat,2025-03-10,Regular,Facebook
8481,Aarav,Pandya,Female,28,Hyderabad,Telangana,2023-01-23,Premium,Organic Search
8482,Ananya,Agarwal,Female,51,Jaipur,Rajasthan,2024-10-17,Regular,Organic Search
8483,Arjun,Patel,Male,36,Jaipur,Rajasthan,2025-02-08,Premium,Referral
8484,Raj,Parmar,Female,43,Surat,Gujarat,2024-06-02,Regular,Facebook
8485,Sneha,Soni,Female,43,Surat,Gujarat,2025-07-07,Regular,YouTube
8486,Nisha,Agarwal,Male,34,Mumbai,Maharashtra,2024-01-12,Budget,Email
8487,Pooja,Mehta,Male,48,Delhi,Delhi,2025-11-14,Budget,Referral
8488,Rohan,Patel,Female,36,Surat,Gujarat,2023-10-18,Premium,YouTube
8489,Vivaan,Mehta,Male,37,Chennai,Tamil Nadu,2025-12-28,Regular,Google Ads
8490,Sneha,Joshi,Female,40,Rajkot,Gujarat,2025-05-12,Regular,YouTube
8491,Simran,Patel,Male,42,Surat,Gujarat,2023-12-08,Regular,YouTube
8492,Aarav,Thakkar,Female,45,Vadodara,Gujarat,2025-05-19,Budget,Facebook
8493,Diya,Soni,Female,54,Lucknow,Uttar Pradesh,2023-11-13,Regular,Google Ads
8494,Sneha,Patel,Female,29,Indore,Madhya Pradesh,2024-06-27,Regular,Google Ads
8495,Rahul,Patel,Male,18,Indore,Madhya Pradesh,2023-03-16,Premium,Instagram
8496,Sneha,Soni,Male,19,Jaipur,Rajasthan,2025-02-14,Regular,Facebook
8497,Diya,Pandya,Female,27,Vadodara,Gujarat,2023-08-05,Premium,YouTube
8498,Krish,Soni,Male,51,Lucknow,Uttar Pradesh,2024-09-24,Regular,Instagram
8499,Simran,Kapoor,Male,49,Indore,Madhya Pradesh,2024-06-15,Budget,Instagram
8500,Aditya,Malhotra,Female,42,Hyderabad,Telangana,2024-03-24,Premium,Referral
8501,Ananya,Reddy,Male,27,Rajkot,Gujarat,2025-10-27,Budget,Organic Search
8502,Aditya,Kumar,Male,18,Ahmedabad,Gujarat,2025-06-07,Regular,Organic Search
8503,Sneha,Kumar,Female,49,Rajkot,Gujarat,2024-01-28,Budget,Organic Search
8504,Vivaan,Sharma,Female,54,Nagpur,Maharashtra,2023-11-12,Regular,YouTube
8505,Aarav,Reddy,Male,29,Chennai,Tamil Nadu,2024-03-29,Regular,Organic Search
8506,Aryan,Agarwal,Male,35,Rajkot,Gujarat,2025-03-23,Regular,Google Ads
8507,Aryan,Joshi,Male,47,Ahmedabad,Gujarat,2023-11-14,Premium,Facebook
8508,Sneha,Patel,Female,30,Pune,Maharashtra,2024-01-29,Regular,Facebook
8509,Karan,Agarwal,Male,20,Jaipur,Rajasthan,2024-01-14,Regular,YouTube
8510,Aditya,Malhotra,Male,38,Surat,Gujarat,2024-12-05,Regular,Organic Search
8511,Simran,Kumar,Male,59,Rajkot,Gujarat,2025-03-04,Premium,Facebook
8512,Aanya,Desai,Male,31,Surat,Gujarat,2025-11-07,Budget,Email
8513,Ishaan,Mishra,Male,57,Jaipur,Rajasthan,2025-04-06,Budget,Organic Search
8514,Karan,Thakkar,Male,27,Ahmedabad,Gujarat,2023-05-29,Budget,Instagram
8515,Aryan,Singh,Female,19,Hyderabad,Telangana,2024-07-11,Regular,Instagram
8516,Aarav,Thakkar,Female,54,Nagpur,Maharashtra,2025-11-01,Regular,Email
8517,Krish,Joshi,Female,28,Lucknow,Uttar Pradesh,2025-01-11,Regular,Facebook
8518,Riya,Sharma,Male,18,Delhi,Delhi,2024-04-06,Regular,Google Ads
8519,Rahul,Kumar,Male,43,Nagpur,Maharashtra,2025-09-03,Regular,Referral
8520,Karan,Kapoor,Female,59,Vadodara,Gujarat,2024-11-25,Regular,Email
8521,Dev,Agarwal,Female,30,Jaipur,Rajasthan,2024-07-20,Regular,Email
8522,Karan,Pandya,Female,45,Indore,Madhya Pradesh,2023-09-23,Budget,Organic Search
8523,Simran,Parmar,Female,53,Vadodara,Gujarat,2024-06-30,Regular,Organic Search
8524,Vivaan,Shah,Female,38,Delhi,Delhi,2023-03-21,Regular,Instagram
8525,Arjun,Malhotra,Male,27,Mumbai,Maharashtra,2024-06-01,Premium,Google Ads
8526,Priya,Kapoor,Male,29,Kolkata,West Bengal,2025-12-27,Premium,Google Ads
8527,Tanya,Thakkar,Male,44,Delhi,Delhi,2024-12-02,Budget,Facebook
8528,Isha,Joshi,Male,20,Nagpur,Maharashtra,2023-09-01,Budget,Google Ads
8529,Aarav,Parmar,Male,45,Pune,Maharashtra,2023-01-09,Premium,Facebook
8530,Dev,Mishra,Female,19,Vadodara,Gujarat,2024-04-08,Regular,Organic Search
8531,Meera,Pandya,Female,45,Hyderabad,Telangana,2024-10-07,Budget,Organic Search
8532,Ananya,Reddy,Male,48,Nagpur,Maharashtra,2023-09-06,Budget,YouTube
8533,Dev,Malhotra,Female,60,Vadodara,Gujarat,2023-11-19,Budget,Email
8534,Meera,Gupta,Male,38,Surat,Gujarat,2024-07-09,Regular,Referral
8535,Yash,Parmar,Male,24,Nagpur,Maharashtra,2024-01-28,Regular,Referral
8536,Neha,Joshi,Female,48,Indore,Madhya Pradesh,2025-07-07,Regular,Organic Search
8537,Diya,Gupta,Male,31,Surat,Gujarat,2024-07-22,VIP,Email
8538,Aryan,Mishra,Male,56,Ahmedabad,Gujarat,2023-09-01,Budget,Facebook
8539,Ananya,Singh,Male,56,Chennai,Tamil Nadu,2025-12-16,Budget,Facebook
8540,Nisha,Agarwal,Female,26,Rajkot,Gujarat,2023-07-11,Regular,Facebook
8541,Tanya,Mishra,Female,40,Chennai,Tamil Nadu,2024-06-02,Regular,Organic Search
8542,Isha,Parmar,Male,29,Nagpur,Maharashtra,2025-08-17,Regular,Email
8543,Krish,Mishra,Male,46,Pune,Maharashtra,2025-11-28,Regular,Facebook
8544,Nisha,Verma,Female,55,Jaipur,Rajasthan,2023-07-12,Budget,Email
8545,Aanya,Mishra,Female,56,Rajkot,Gujarat,2023-11-23,Regular,Referral
8546,Simran,Malhotra,Female,39,Mumbai,Maharashtra,2024-04-27,Premium,Organic Search
8547,Vivaan,Soni,Female,21,Pune,Maharashtra,2023-01-25,Budget,Email
8548,Arjun,Soni,Male,24,Mumbai,Maharashtra,2023-04-12,Budget,Referral
8549,Aanya,Mishra,Male,57,Indore,Madhya Pradesh,2024-10-24,Regular,Organic Search
8550,Karan,Joshi,Male,25,Mumbai,Maharashtra,2023-08-05,Budget,Instagram
8551,Raj,Desai,Female,52,Vadodara,Gujarat,2025-01-11,Regular,Organic Search
8552,Ananya,Joshi,Female,26,Rajkot,Gujarat,2023-09-24,Premium,Referral
8553,Pooja,Mishra,Male,30,Jaipur,Rajasthan,2023-06-11,Budget,Instagram
8554,Sneha,Joshi,Female,56,Chennai,Tamil Nadu,2023-10-14,Premium,YouTube
8555,Tanya,Mishra,Male,37,Bengaluru,Karnataka,2024-11-08,Regular,Organic Search
8556,Kavya,Soni,Female,38,Indore,Madhya Pradesh,2025-06-04,Budget,YouTube
8557,Simran,Verma,Male,36,Rajkot,Gujarat,2023-09-04,Regular,Organic Search
8558,Aarav,Gupta,Male,19,Indore,Madhya Pradesh,2023-06-23,Regular,Organic Search
8559,Ishaan,Thakkar,Male,57,Kolkata,West Bengal,2025-10-29,Budget,Organic Search
8560,Dev,Soni,Male,47,Rajkot,Gujarat,2025-06-27,Budget,Referral
8561,Pooja,Malhotra,Female,40,Rajkot,Gujarat,2025-10-14,Regular,Google Ads
8562,Rohan,Singh,Male,57,Lucknow,Uttar Pradesh,2025-02-26,Regular,Facebook
8563,Diya,Kumar,Male,30,Bengaluru,Karnataka,2024-08-19,Regular,Referral
8564,Ishaan,Joshi,Male,50,Ahmedabad,Gujarat,2024-10-23,Budget,Referral
8565,Priya,Gupta,Male,49,Vadodara,Gujarat,2023-02-10,Premium,Email
8566,Rahul,Kumar,Female,45,Indore,Madhya Pradesh,2023-12-03,Regular,Google Ads
8567,Aryan,Thakkar,Male,41,Surat,Gujarat,2023-11-22,Regular,Instagram
8568,Raj,Patel,Male,59,Indore,Madhya Pradesh,2025-07-07,Regular,Email
8569,Neha,Desai,Female,45,Delhi,Delhi,2025-12-22,Regular,Referral
8570,Kabir,Shah,Male,47,Surat,Gujarat,2025-10-12,VIP,Organic Search
8571,Krish,Mehta,Male,58,Vadodara,Gujarat,2025-01-02,Budget,Google Ads
8572,Neha,Mehta,Male,46,Ahmedabad,Gujarat,2024-06-03,Regular,Referral
8573,Aarav,Kapoor,Male,51,Mumbai,Maharashtra,2023-03-26,Regular,Instagram
8574,Isha,Soni,Female,39,Mumbai,Maharashtra,2023-07-26,Premium,Organic Search
8575,Neha,Joshi,Female,42,Chennai,Tamil Nadu,2023-06-10,Regular,Organic Search
8576,Rohan,Trivedi,Female,31,Lucknow,Uttar Pradesh,2024-03-25,Regular,YouTube
8577,Pooja,Malhotra,Female,27,Bengaluru,Karnataka,2023-04-26,Premium,Facebook
8578,Vivaan,Desai,Female,27,Surat,Gujarat,2023-12-28,Premium,Organic Search
8579,Pooja,Kapoor,Female,25,Vadodara,Gujarat,2025-06-30,Budget,Facebook
8580,Tanya,Kapoor,Male,31,Jaipur,Rajasthan,2023-07-02,Budget,Google Ads
8581,Neha,Trivedi,Male,55,Mumbai,Maharashtra,2024-11-06,Regular,Instagram
8582,Aryan,Verma,Male,49,Jaipur,Rajasthan,2024-08-14,Premium,Google Ads
8583,Arjun,Verma,Male,49,Hyderabad,Telangana,2025-10-27,Regular,Instagram
8584,Isha,Thakkar,Female,20,Surat,Gujarat,2025-07-19,Budget,Instagram
8585,Isha,Gupta,Male,37,Kolkata,West Bengal,2025-02-01,Regular,Organic Search
8586,Priya,Kumar,Male,30,Chennai,Tamil Nadu,2024-09-03,Budget,Facebook
8587,Aanya,Mishra,Female,40,Rajkot,Gujarat,2023-03-20,Regular,YouTube
8588,Diya,Mishra,Male,36,Lucknow,Uttar Pradesh,2024-11-12,Regular,YouTube
8589,Kabir,Thakkar,Male,33,Kolkata,West Bengal,2024-01-28,Regular,Email
8590,Simran,Thakkar,Female,53,Lucknow,Uttar Pradesh,2024-04-12,Premium,Organic Search
8591,Ishaan,Joshi,Male,52,Lucknow,Uttar Pradesh,2025-05-19,Regular,Instagram
8592,Priya,Agarwal,Male,24,Jaipur,Rajasthan,2023-01-18,Budget,Facebook
8593,Priya,Gupta,Female,54,Vadodara,Gujarat,2023-03-03,Regular,Instagram
8594,Aanya,Soni,Male,25,Nagpur,Maharashtra,2023-06-12,Regular,Referral
8595,Sneha,Mehta,Male,42,Lucknow,Uttar Pradesh,2024-07-05,Premium,Organic Search
8596,Neha,Thakkar,Male,40,Kolkata,West Bengal,2023-06-28,Regular,Email
8597,Dev,Joshi,Male,27,Hyderabad,Telangana,2025-12-19,Regular,Referral
8598,Raj,Verma,Male,47,Kolkata,West Bengal,2023-08-27,Premium,Facebook
8599,Isha,Kapoor,Female,50,Kolkata,West Bengal,2024-07-21,Regular,Instagram
8600,Aanya,Mehta,Male,28,Mumbai,Maharashtra,2025-01-15,VIP,YouTube
8601,Dev,Mishra,Male,52,Mumbai,Maharashtra,2023-03-25,Budget,YouTube
8602,Diya,Kumar,Male,44,Rajkot,Gujarat,2025-11-30,Regular,Email
8603,Riya,Verma,Female,20,Ahmedabad,Gujarat,2024-03-13,Budget,Organic Search
8604,Rohan,Thakkar,Female,25,Surat,Gujarat,2024-06-12,Budget,Referral
8605,Raj,Singh,Female,30,Mumbai,Maharashtra,2023-04-15,Regular,YouTube
8606,Aanya,Pandya,Male,59,Chennai,Tamil Nadu,2024-06-20,Budget,Instagram
8607,Isha,Pandya,Male,20,Rajkot,Gujarat,2024-01-17,Budget,Email
8608,Aryan,Sharma,Male,37,Delhi,Delhi,2023-08-05,Budget,Referral
8609,Krish,Agarwal,Male,52,Bengaluru,Karnataka,2024-05-03,Regular,Google Ads
8610,Isha,Desai,Male,30,Bengaluru,Karnataka,2023-05-31,Budget,Email
8611,Arjun,Agarwal,Female,37,Bengaluru,Karnataka,2025-03-23,Regular,YouTube
8612,Aanya,Agarwal,Male,41,Mumbai,Maharashtra,2024-09-22,Regular,Facebook
8613,Nisha,Shah,Male,26,Rajkot,Gujarat,2024-02-26,Regular,Email
8614,Riya,Thakkar,Female,47,Hyderabad,Telangana,2024-10-07,Budget,Instagram
8615,Neha,Mehta,Female,42,Ahmedabad,Gujarat,2023-07-26,Regular,Referral
8616,Neha,Desai,Female,33,Vadodara,Gujarat,2025-02-13,Regular,Email
8617,Ananya,Parmar,Female,25,Indore,Madhya Pradesh,2025-04-13,Regular,YouTube
8618,Ishaan,Parmar,Female,45,Pune,Maharashtra,2024-08-10,Regular,Email
8619,Yash,Parmar,Male,29,Mumbai,Maharashtra,2024-07-17,Budget,Instagram
8620,Aryan,Singh,Male,41,Jaipur,Rajasthan,2023-08-14,Regular,Instagram
8621,Raj,Gupta,Male,46,Mumbai,Maharashtra,2025-03-14,Budget,YouTube
8622,Ananya,Verma,Male,32,Hyderabad,Telangana,2024-11-20,Regular,Organic Search
8623,Nisha,Thakkar,Male,35,Bengaluru,Karnataka,2023-04-16,Budget,Instagram
8624,Ananya,Trivedi,Female,24,Indore,Madhya Pradesh,2024-05-30,Premium,YouTube
8625,Tanya,Trivedi,Male,30,Hyderabad,Telangana,2025-08-05,Regular,Email
8626,Rohan,Shah,Male,36,Nagpur,Maharashtra,2023-07-06,VIP,Email
8627,Sneha,Soni,Female,60,Mumbai,Maharashtra,2024-06-15,Premium,Google Ads
8628,Meera,Kapoor,Female,22,Vadodara,Gujarat,2023-10-02,VIP,YouTube
8629,Simran,Soni,Male,43,Mumbai,Maharashtra,2024-06-22,Budget,Facebook
8630,Riya,Kumar,Male,19,Vadodara,Gujarat,2024-10-09,Regular,YouTube
8631,Simran,Mehta,Female,50,Chennai,Tamil Nadu,2023-01-18,Regular,Email
8632,Pooja,Verma,Male,54,Delhi,Delhi,2023-10-12,Regular,Referral
8633,Simran,Singh,Female,42,Delhi,Delhi,2025-07-20,Regular,Email
8634,Simran,Trivedi,Male,42,Nagpur,Maharashtra,2025-10-10,Budget,Instagram
8635,Krish,Verma,Female,56,Nagpur,Maharashtra,2025-06-23,Regular,Google Ads
8636,Tanya,Shah,Female,47,Chennai,Tamil Nadu,2024-10-11,VIP,Facebook
8637,Isha,Soni,Female,58,Kolkata,West Bengal,2025-05-01,Regular,Organic Search
8638,Aanya,Sharma,Male,21,Chennai,Tamil Nadu,2023-09-14,Regular,Google Ads
8639,Priya,Gupta,Female,36,Delhi,Delhi,2024-10-05,Premium,YouTube
8640,Aditya,Reddy,Female,44,Delhi,Delhi,2023-12-23,Regular,Referral
8641,Vivaan,Gupta,Male,56,Chennai,Tamil Nadu,2023-09-13,Premium,YouTube
8642,Aarav,Soni,Male,41,Delhi,Delhi,2024-08-30,Premium,Email
8643,Dev,Mehta,Male,54,Lucknow,Uttar Pradesh,2023-11-30,Regular,Instagram
8644,Meera,Parmar,Female,42,Mumbai,Maharashtra,2023-01-15,Regular,Facebook
8645,Isha,Singh,Female,46,Indore,Madhya Pradesh,2023-06-28,Regular,Organic Search
8646,Yash,Parmar,Female,48,Chennai,Tamil Nadu,2023-03-29,Regular,Referral
8647,Aarav,Gupta,Male,52,Delhi,Delhi,2023-04-04,Budget,Instagram
8648,Yash,Shah,Male,45,Pune,Maharashtra,2025-04-24,Regular,Facebook
8649,Isha,Joshi,Female,55,Chennai,Tamil Nadu,2023-01-28,Budget,Referral
8650,Neha,Gupta,Male,21,Lucknow,Uttar Pradesh,2024-11-27,Regular,Google Ads
8651,Aditya,Joshi,Male,45,Mumbai,Maharashtra,2023-03-16,Regular,Organic Search
8652,Ishaan,Desai,Female,48,Kolkata,West Bengal,2023-02-23,Budget,Email
8653,Isha,Thakkar,Female,40,Mumbai,Maharashtra,2023-11-17,Premium,Instagram
8654,Sneha,Verma,Male,31,Bengaluru,Karnataka,2025-01-29,Regular,YouTube
8655,Simran,Singh,Female,45,Bengaluru,Karnataka,2024-09-21,Regular,Organic Search
8656,Aditya,Kumar,Male,31,Kolkata,West Bengal,2023-11-28,Budget,Email
8657,Kabir,Mishra,Male,18,Rajkot,Gujarat,2023-11-13,Regular,Facebook
8658,Riya,Soni,Female,60,Ahmedabad,Gujarat,2023-04-11,Budget,Organic Search
8659,Arjun,Parmar,Female,49,Vadodara,Gujarat,2023-09-05,Budget,Referral
8660,Priya,Kumar,Male,58,Jaipur,Rajasthan,2025-05-10,Budget,Organic Search
8661,Kavya,Reddy,Male,35,Hyderabad,Telangana,2025-05-19,Budget,Email
8662,Karan,Joshi,Female,22,Bengaluru,Karnataka,2023-08-09,Regular,YouTube
8663,Krish,Singh,Male,59,Hyderabad,Telangana,2023-05-28,Regular,YouTube
8664,Krish,Sharma,Male,32,Lucknow,Uttar Pradesh,2025-10-09,Regular,Facebook
8665,Arjun,Gupta,Male,59,Lucknow,Uttar Pradesh,2024-08-03,Regular,Email
8666,Diya,Gupta,Male,33,Hyderabad,Telangana,2024-04-22,Premium,Instagram
8667,Neha,Singh,Male,53,Lucknow,Uttar Pradesh,2025-11-13,Budget,Email
8668,Kavya,Singh,Female,53,Indore,Madhya Pradesh,2025-06-01,Regular,Organic Search
8669,Aarav,Patel,Male,57,Jaipur,Rajasthan,2023-06-19,Premium,YouTube
8670,Isha,Parmar,Male,47,Rajkot,Gujarat,2024-03-13,Budget,Referral
8671,Pooja,Verma,Female,55,Indore,Madhya Pradesh,2025-10-13,Regular,Facebook
8672,Dev,Kapoor,Female,40,Vadodara,Gujarat,2023-10-28,Regular,Google Ads
8673,Kavya,Trivedi,Female,28,Bengaluru,Karnataka,2024-11-18,Budget,Google Ads
8674,Diya,Mishra,Male,42,Kolkata,West Bengal,2025-09-14,Budget,Referral
8675,Diya,Pandya,Male,60,Ahmedabad,Gujarat,2023-05-24,Premium,Email
8676,Simran,Pandya,Female,19,Hyderabad,Telangana,2024-06-06,Regular,YouTube
8677,Kabir,Mishra,Female,52,Pune,Maharashtra,2024-10-20,Regular,Email
8678,Karan,Verma,Female,41,Delhi,Delhi,2024-04-29,Premium,Facebook
8679,Tanya,Reddy,Female,30,Bengaluru,Karnataka,2025-04-01,Regular,Instagram
8680,Rahul,Shah,Female,59,Kolkata,West Bengal,2023-07-14,Regular,Google Ads
8681,Diya,Soni,Male,54,Rajkot,Gujarat,2024-04-10,Regular,Email
8682,Riya,Pandya,Female,47,Rajkot,Gujarat,2025-09-04,Regular,YouTube
8683,Diya,Mehta,Male,28,Surat,Gujarat,2024-05-04,Regular,Referral
8684,Karan,Reddy,Male,40,Rajkot,Gujarat,2023-04-10,Regular,Organic Search
8685,Aryan,Thakkar,Female,45,Indore,Madhya Pradesh,2023-04-26,Budget,Organic Search
8686,Krish,Mishra,Female,46,Nagpur,Maharashtra,2024-01-15,Budget,Google Ads
8687,Ishaan,Singh,Female,32,Mumbai,Maharashtra,2025-04-03,Regular,Google Ads
8688,Simran,Malhotra,Female,20,Kolkata,West Bengal,2023-03-04,Premium,Instagram
8689,Simran,Soni,Female,26,Chennai,Tamil Nadu,2023-05-12,Premium,Email
8690,Krish,Patel,Male,25,Ahmedabad,Gujarat,2024-01-30,Regular,Instagram
8691,Karan,Thakkar,Female,50,Lucknow,Uttar Pradesh,2024-10-04,Regular,YouTube
8692,Aarav,Mehta,Female,51,Mumbai,Maharashtra,2025-09-02,Budget,YouTube
8693,Simran,Kapoor,Male,26,Chennai,Tamil Nadu,2025-07-02,Regular,Email
8694,Pooja,Sharma,Female,34,Rajkot,Gujarat,2024-10-31,Regular,Google Ads
8695,Raj,Verma,Female,58,Lucknow,Uttar Pradesh,2024-12-28,Regular,Facebook
8696,Riya,Kumar,Female,18,Rajkot,Gujarat,2024-06-29,Premium,Instagram
8697,Aditya,Soni,Male,57,Delhi,Delhi,2024-01-10,Budget,Organic Search
8698,Riya,Desai,Female,22,Mumbai,Maharashtra,2025-04-23,Regular,Google Ads
8699,Arjun,Kumar,Female,47,Ahmedabad,Gujarat,2023-10-25,Regular,Referral
8700,Simran,Trivedi,Female,28,Chennai,Tamil Nadu,2025-09-22,Budget,YouTube
8701,Ishaan,Singh,Female,45,Delhi,Delhi,2023-10-23,Regular,Organic Search
8702,Vivaan,Trivedi,Male,55,Hyderabad,Telangana,2023-04-25,Regular,YouTube
8703,Krish,Patel,Female,34,Surat,Gujarat,2024-05-07,Premium,Google Ads
8704,Yash,Desai,Male,40,Kolkata,West Bengal,2025-12-16,Budget,Google Ads
8705,Isha,Joshi,Female,35,Hyderabad,Telangana,2025-05-28,Regular,Referral
8706,Yash,Parmar,Female,54,Indore,Madhya Pradesh,2024-12-19,VIP,YouTube
8707,Simran,Patel,Female,44,Chennai,Tamil Nadu,2024-10-13,Regular,Instagram
8708,Yash,Reddy,Male,42,Rajkot,Gujarat,2024-09-10,Regular,Instagram
8709,Aarav,Mehta,Female,22,Nagpur,Maharashtra,2024-02-13,Regular,Google Ads
8710,Raj,Desai,Female,36,Hyderabad,Telangana,2025-10-22,Budget,Email
8711,Krish,Kapoor,Male,44,Chennai,Tamil Nadu,2025-02-24,Premium,YouTube
8712,Neha,Verma,Female,30,Pune,Maharashtra,2023-02-04,Budget,Facebook
8713,Vivaan,Kapoor,Female,24,Jaipur,Rajasthan,2024-01-30,VIP,YouTube
8714,Yash,Mehta,Female,43,Delhi,Delhi,2025-12-26,Budget,Instagram
8715,Simran,Agarwal,Female,31,Hyderabad,Telangana,2025-12-28,Budget,Instagram
8716,Priya,Malhotra,Male,44,Jaipur,Rajasthan,2023-12-27,Regular,Facebook
8717,Tanya,Sharma,Male,25,Nagpur,Maharashtra,2024-04-02,Regular,Instagram
8718,Diya,Malhotra,Male,48,Ahmedabad,Gujarat,2023-10-21,Premium,Facebook
8719,Arjun,Mishra,Female,52,Pune,Maharashtra,2024-08-15,VIP,Instagram
8720,Kabir,Desai,Female,44,Lucknow,Uttar Pradesh,2025-08-12,Regular,Referral
8721,Vivaan,Malhotra,Female,21,Bengaluru,Karnataka,2023-10-24,Budget,Facebook
8722,Dev,Trivedi,Female,59,Jaipur,Rajasthan,2025-08-03,Regular,Email
8723,Aryan,Parmar,Male,21,Rajkot,Gujarat,2023-09-18,Regular,YouTube
8724,Sneha,Kapoor,Female,35,Lucknow,Uttar Pradesh,2025-02-27,Regular,Instagram
8725,Ananya,Malhotra,Male,40,Rajkot,Gujarat,2025-12-27,Budget,Google Ads
8726,Raj,Reddy,Female,49,Ahmedabad,Gujarat,2024-02-06,Regular,Facebook
8727,Sneha,Thakkar,Female,29,Lucknow,Uttar Pradesh,2025-04-06,Regular,Facebook
8728,Isha,Singh,Male,37,Bengaluru,Karnataka,2023-12-02,Regular,Facebook
8729,Diya,Desai,Female,29,Ahmedabad,Gujarat,2025-08-19,Regular,Instagram
8730,Tanya,Gupta,Male,25,Delhi,Delhi,2023-01-29,Budget,YouTube
8731,Vivaan,Patel,Male,39,Bengaluru,Karnataka,2025-03-14,Premium,Google Ads
8732,Riya,Parmar,Female,44,Ahmedabad,Gujarat,2025-04-23,Budget,Facebook
8733,Riya,Gupta,Male,58,Pune,Maharashtra,2023-02-14,Regular,Organic Search
8734,Nisha,Malhotra,Male,58,Hyderabad,Telangana,2024-02-23,Regular,Facebook
8735,Krish,Mishra,Female,34,Ahmedabad,Gujarat,2024-09-07,Regular,Facebook
8736,Aditya,Soni,Male,49,Surat,Gujarat,2023-09-19,Budget,Referral
8737,Sneha,Verma,Male,50,Rajkot,Gujarat,2025-02-03,Premium,Facebook
8738,Yash,Thakkar,Female,48,Lucknow,Uttar Pradesh,2023-10-19,Regular,Google Ads
8739,Kabir,Thakkar,Male,23,Lucknow,Uttar Pradesh,2024-06-17,Budget,Facebook
8740,Vivaan,Agarwal,Female,56,Surat,Gujarat,2025-12-28,Regular,Referral
8741,Arjun,Kumar,Male,26,Indore,Madhya Pradesh,2024-07-28,Regular,Google Ads
8742,Krish,Singh,Female,59,Vadodara,Gujarat,2023-08-25,Premium,Google Ads
8743,Diya,Verma,Female,49,Lucknow,Uttar Pradesh,2023-12-29,Premium,Facebook
8744,Meera,Shah,Female,53,Nagpur,Maharashtra,2024-06-14,Regular,Email
8745,Vivaan,Singh,Female,33,Vadodara,Gujarat,2025-01-12,Regular,Google Ads
8746,Yash,Pandya,Female,29,Bengaluru,Karnataka,2024-04-09,Premium,Email
8747,Krish,Mehta,Male,58,Bengaluru,Karnataka,2024-01-17,Regular,Google Ads
8748,Rahul,Kumar,Female,20,Indore,Madhya Pradesh,2023-05-07,Regular,Referral
8749,Raj,Pandya,Female,44,Ahmedabad,Gujarat,2024-10-19,Regular,Organic Search
8750,Arjun,Mehta,Male,44,Mumbai,Maharashtra,2023-08-31,Premium,Instagram
8751,Kavya,Verma,Female,26,Rajkot,Gujarat,2024-07-06,Regular,Facebook
8752,Aanya,Kapoor,Male,34,Surat,Gujarat,2024-03-14,Regular,Instagram
8753,Yash,Desai,Male,22,Pune,Maharashtra,2024-02-12,Regular,Google Ads
8754,Riya,Malhotra,Female,43,Mumbai,Maharashtra,2024-08-11,Premium,Instagram
8755,Nisha,Kapoor,Male,38,Delhi,Delhi,2025-03-06,Regular,Facebook
8756,Kavya,Sharma,Male,18,Jaipur,Rajasthan,2024-10-03,Premium,Organic Search
8757,Priya,Singh,Male,18,Pune,Maharashtra,2024-07-17,Budget,Facebook
8758,Meera,Malhotra,Female,52,Ahmedabad,Gujarat,2025-03-21,Regular,Organic Search
8759,Kabir,Singh,Male,26,Pune,Maharashtra,2024-01-05,Regular,Google Ads
8760,Karan,Trivedi,Female,40,Delhi,Delhi,2025-06-25,Regular,Google Ads
8761,Diya,Thakkar,Female,55,Ahmedabad,Gujarat,2025-02-08,Regular,Email
8762,Meera,Trivedi,Male,58,Delhi,Delhi,2024-10-19,Budget,YouTube
8763,Rahul,Reddy,Female,21,Rajkot,Gujarat,2025-09-19,Regular,Organic Search
8764,Riya,Malhotra,Male,36,Hyderabad,Telangana,2025-09-15,VIP,Organic Search
8765,Nisha,Reddy,Male,54,Surat,Gujarat,2025-12-13,Premium,Instagram
8766,Priya,Gupta,Female,22,Pune,Maharashtra,2023-05-02,Regular,Email
8767,Ishaan,Joshi,Female,45,Vadodara,Gujarat,2023-06-16,Premium,Organic Search
8768,Rohan,Parmar,Female,59,Vadodara,Gujarat,2025-08-01,Premium,Instagram
8769,Diya,Reddy,Male,40,Ahmedabad,Gujarat,2025-04-13,Regular,Facebook
8770,Karan,Agarwal,Male,55,Rajkot,Gujarat,2023-01-22,Regular,Google Ads
8771,Nisha,Gupta,Male,40,Mumbai,Maharashtra,2024-02-12,Regular,Instagram
8772,Rohan,Mehta,Female,35,Pune,Maharashtra,2024-04-26,Budget,YouTube
8773,Ishaan,Mehta,Male,46,Jaipur,Rajasthan,2023-10-26,Premium,Facebook
8774,Ananya,Pandya,Male,45,Rajkot,Gujarat,2023-10-04,Budget,Referral
8775,Aditya,Trivedi,Male,26,Indore,Madhya Pradesh,2025-03-26,Regular,Facebook
8776,Simran,Singh,Male,56,Vadodara,Gujarat,2023-11-18,Regular,Email
8777,Rohan,Patel,Female,27,Vadodara,Gujarat,2023-04-25,Premium,YouTube
8778,Sneha,Kumar,Male,19,Lucknow,Uttar Pradesh,2023-09-29,Budget,Facebook
8779,Priya,Mehta,Female,30,Pune,Maharashtra,2023-09-21,Regular,YouTube
8780,Rohan,Patel,Male,55,Pune,Maharashtra,2023-09-07,Regular,Google Ads
8781,Aryan,Gupta,Male,44,Ahmedabad,Gujarat,2025-05-27,Premium,Referral
8782,Ananya,Thakkar,Male,58,Pune,Maharashtra,2024-03-14,Premium,Organic Search
8783,Aditya,Patel,Female,37,Kolkata,West Bengal,2025-12-17,Budget,YouTube
8784,Rahul,Thakkar,Female,57,Jaipur,Rajasthan,2023-01-05,Regular,Email
8785,Isha,Patel,Female,27,Surat,Gujarat,2025-05-12,Budget,Email
8786,Simran,Malhotra,Male,33,Delhi,Delhi,2023-09-22,Premium,Instagram
8787,Priya,Mehta,Male,32,Bengaluru,Karnataka,2023-04-05,Budget,Referral
8788,Kabir,Joshi,Female,30,Chennai,Tamil Nadu,2025-03-29,Premium,Google Ads
8789,Priya,Kumar,Male,55,Chennai,Tamil Nadu,2024-11-27,Budget,Google Ads
8790,Pooja,Sharma,Male,37,Ahmedabad,Gujarat,2025-01-10,Premium,YouTube
8791,Ishaan,Desai,Female,41,Rajkot,Gujarat,2023-11-13,Budget,Email
8792,Rahul,Kapoor,Male,58,Hyderabad,Telangana,2025-02-12,Regular,Email
8793,Kabir,Shah,Male,24,Lucknow,Uttar Pradesh,2023-04-29,Regular,Email
8794,Dev,Trivedi,Male,40,Vadodara,Gujarat,2025-03-04,Budget,Organic Search
8795,Neha,Trivedi,Female,41,Indore,Madhya Pradesh,2023-07-21,Budget,Google Ads
8796,Aditya,Kapoor,Male,46,Jaipur,Rajasthan,2025-12-12,Budget,Email
8797,Sneha,Singh,Female,22,Pune,Maharashtra,2023-11-13,Budget,Instagram
8798,Krish,Verma,Male,60,Kolkata,West Bengal,2025-03-23,Budget,Facebook
8799,Sneha,Verma,Female,52,Rajkot,Gujarat,2023-02-07,Regular,Email
8800,Krish,Kapoor,Female,18,Surat,Gujarat,2024-02-17,Regular,Instagram
8801,Dev,Sharma,Female,53,Rajkot,Gujarat,2023-08-31,Premium,Instagram
8802,Yash,Desai,Female,35,Jaipur,Rajasthan,2025-12-23,Budget,Facebook
8803,Rahul,Parmar,Male,23,Surat,Gujarat,2025-05-04,Budget,Google Ads
8804,Yash,Shah,Female,40,Surat,Gujarat,2023-07-20,Premium,Email
8805,Sneha,Malhotra,Male,27,Lucknow,Uttar Pradesh,2023-11-03,Regular,Referral
8806,Krish,Malhotra,Male,24,Delhi,Delhi,2023-06-24,Budget,Instagram
8807,Vivaan,Shah,Female,25,Ahmedabad,Gujarat,2025-08-29,Regular,Instagram
8808,Aryan,Soni,Male,30,Indore,Madhya Pradesh,2025-10-12,Budget,Organic Search
8809,Dev,Mehta,Male,47,Indore,Madhya Pradesh,2025-09-20,Budget,Facebook
8810,Simran,Joshi,Male,35,Mumbai,Maharashtra,2024-08-19,Premium,Referral
8811,Isha,Joshi,Male,31,Pune,Maharashtra,2024-11-02,Budget,Instagram
8812,Isha,Parmar,Female,28,Indore,Madhya Pradesh,2024-11-24,Premium,Email
8813,Aditya,Trivedi,Male,59,Surat,Gujarat,2024-07-01,Premium,Google Ads
8814,Meera,Soni,Male,55,Chennai,Tamil Nadu,2024-07-02,Regular,Instagram
8815,Aarav,Kapoor,Male,30,Rajkot,Gujarat,2023-09-30,Regular,Google Ads
8816,Yash,Verma,Male,59,Hyderabad,Telangana,2025-09-02,Budget,Instagram
8817,Karan,Patel,Male,50,Bengaluru,Karnataka,2025-02-22,Regular,Instagram
8818,Arjun,Verma,Female,30,Nagpur,Maharashtra,2025-07-28,Regular,Email
8819,Dev,Shah,Male,42,Jaipur,Rajasthan,2024-03-27,Premium,Google Ads
8820,Raj,Parmar,Female,41,Nagpur,Maharashtra,2024-07-14,Budget,Referral
8821,Vivaan,Thakkar,Male,46,Vadodara,Gujarat,2023-04-04,Regular,YouTube
8822,Dev,Joshi,Female,53,Rajkot,Gujarat,2024-05-31,Regular,Email
8823,Priya,Joshi,Male,23,Bengaluru,Karnataka,2025-08-11,Premium,Google Ads
8824,Kavya,Soni,Male,35,Delhi,Delhi,2023-06-23,Regular,Google Ads
8825,Pooja,Thakkar,Female,45,Rajkot,Gujarat,2024-11-25,Regular,Google Ads
8826,Arjun,Reddy,Female,22,Pune,Maharashtra,2025-06-26,VIP,Organic Search
8827,Aanya,Soni,Female,35,Nagpur,Maharashtra,2023-02-25,Budget,YouTube
8828,Rohan,Shah,Male,54,Bengaluru,Karnataka,2024-11-25,Budget,Email
8829,Meera,Sharma,Female,24,Mumbai,Maharashtra,2024-09-25,Regular,Organic Search
8830,Vivaan,Trivedi,Female,26,Delhi,Delhi,2023-09-01,Regular,YouTube
8831,Yash,Patel,Female,52,Chennai,Tamil Nadu,2025-06-12,Budget,Instagram
8832,Isha,Kumar,Male,29,Vadodara,Gujarat,2023-07-23,Budget,Facebook
8833,Dev,Sharma,Male,57,Mumbai,Maharashtra,2023-01-16,Budget,YouTube
8834,Vivaan,Trivedi,Male,56,Ahmedabad,Gujarat,2023-05-06,Premium,Instagram
8835,Rahul,Mehta,Female,41,Mumbai,Maharashtra,2024-08-21,Regular,YouTube
8836,Kabir,Desai,Male,26,Vadodara,Gujarat,2024-04-10,Premium,Google Ads
8837,Meera,Kumar,Male,29,Kolkata,West Bengal,2025-02-28,Regular,Facebook
8838,Ishaan,Pandya,Male,53,Kolkata,West Bengal,2023-03-20,Regular,Facebook
8839,Pooja,Pandya,Male,54,Vadodara,Gujarat,2025-02-27,Regular,Referral
8840,Yash,Singh,Female,26,Surat,Gujarat,2023-09-21,Regular,Instagram
8841,Aryan,Joshi,Male,56,Mumbai,Maharashtra,2023-11-01,Regular,Organic Search
8842,Vivaan,Malhotra,Female,39,Hyderabad,Telangana,2025-01-09,Budget,Organic Search
8843,Kabir,Soni,Female,34,Rajkot,Gujarat,2023-05-05,Premium,Referral
8844,Simran,Parmar,Female,50,Vadodara,Gujarat,2024-09-09,Premium,YouTube
8845,Ishaan,Shah,Female,41,Rajkot,Gujarat,2025-01-11,Regular,YouTube
8846,Tanya,Malhotra,Female,32,Rajkot,Gujarat,2023-03-22,VIP,Organic Search
8847,Priya,Trivedi,Female,46,Chennai,Tamil Nadu,2025-05-21,Regular,YouTube
8848,Arjun,Thakkar,Male,49,Ahmedabad,Gujarat,2023-06-24,Regular,Instagram
8849,Dev,Kapoor,Female,50,Chennai,Tamil Nadu,2024-11-06,Premium,YouTube
8850,Priya,Thakkar,Male,46,Vadodara,Gujarat,2023-12-14,Regular,Facebook
8851,Riya,Pandya,Female,32,Rajkot,Gujarat,2025-05-27,Regular,Facebook
8852,Diya,Patel,Male,44,Kolkata,West Bengal,2025-04-22,Regular,Email
8853,Kabir,Desai,Female,51,Jaipur,Rajasthan,2024-07-27,Regular,YouTube
8854,Arjun,Mishra,Male,21,Indore,Madhya Pradesh,2024-12-24,Budget,YouTube
8855,Dev,Trivedi,Male,35,Kolkata,West Bengal,2024-08-30,Budget,Referral
8856,Yash,Desai,Female,38,Delhi,Delhi,2024-07-22,Premium,Facebook
8857,Krish,Joshi,Female,25,Kolkata,West Bengal,2023-08-22,Regular,Facebook
8858,Diya,Sharma,Female,23,Delhi,Delhi,2023-12-24,Budget,Google Ads
8859,Kavya,Shah,Female,37,Hyderabad,Telangana,2025-12-24,Premium,Google Ads
8860,Aanya,Mishra,Male,19,Bengaluru,Karnataka,2023-10-20,Budget,Email
8861,Priya,Thakkar,Male,39,Chennai,Tamil Nadu,2025-09-17,Budget,Facebook
8862,Kavya,Shah,Female,38,Kolkata,West Bengal,2024-06-12,VIP,Email
8863,Priya,Mishra,Female,23,Surat,Gujarat,2023-05-15,Premium,YouTube
8864,Yash,Kumar,Male,49,Hyderabad,Telangana,2025-03-30,Budget,YouTube
8865,Aanya,Sharma,Female,23,Surat,Gujarat,2023-05-10,Premium,Facebook
8866,Karan,Soni,Male,30,Bengaluru,Karnataka,2024-07-22,Premium,Instagram
8867,Riya,Mehta,Female,18,Kolkata,West Bengal,2024-06-05,Regular,Email
8868,Neha,Shah,Female,39,Chennai,Tamil Nadu,2024-04-04,Regular,Instagram
8869,Sneha,Verma,Male,41,Surat,Gujarat,2024-08-15,Budget,YouTube
8870,Karan,Trivedi,Male,58,Nagpur,Maharashtra,2025-07-30,Budget,Referral
8871,Aryan,Mishra,Female,47,Kolkata,West Bengal,2025-06-19,Regular,Organic Search
8872,Aarav,Kapoor,Male,39,Lucknow,Uttar Pradesh,2024-09-05,Premium,Email
8873,Simran,Joshi,Female,29,Surat,Gujarat,2024-06-22,Regular,YouTube
8874,Rahul,Desai,Male,43,Chennai,Tamil Nadu,2023-09-18,Budget,Google Ads
8875,Rahul,Desai,Female,21,Indore,Madhya Pradesh,2024-08-31,Budget,Facebook
8876,Kavya,Verma,Female,36,Delhi,Delhi,2023-08-16,Regular,Google Ads
8877,Yash,Mishra,Female,33,Delhi,Delhi,2025-01-30,Regular,Organic Search
8878,Kavya,Pandya,Male,29,Jaipur,Rajasthan,2023-09-15,Budget,Organic Search
8879,Yash,Parmar,Male,50,Indore,Madhya Pradesh,2025-04-05,Regular,Email
8880,Dev,Trivedi,Male,38,Chennai,Tamil Nadu,2025-11-09,Regular,Google Ads
8881,Sneha,Joshi,Male,53,Vadodara,Gujarat,2024-02-28,Budget,Referral
8882,Simran,Mehta,Female,26,Ahmedabad,Gujarat,2024-02-17,Budget,Organic Search
8883,Rahul,Parmar,Male,56,Delhi,Delhi,2023-12-11,Budget,Email
8884,Isha,Joshi,Male,59,Rajkot,Gujarat,2024-10-11,Premium,Instagram
8885,Meera,Kapoor,Male,25,Ahmedabad,Gujarat,2024-04-11,Regular,Facebook
8886,Aanya,Malhotra,Female,37,Hyderabad,Telangana,2023-07-08,Regular,Instagram
8887,Rahul,Soni,Male,27,Lucknow,Uttar Pradesh,2025-08-10,Regular,Referral
8888,Neha,Trivedi,Male,49,Mumbai,Maharashtra,2023-09-27,Regular,YouTube
8889,Meera,Desai,Female,45,Chennai,Tamil Nadu,2024-10-26,Budget,Organic Search
8890,Dev,Singh,Female,27,Kolkata,West Bengal,2023-01-21,Regular,Facebook
8891,Neha,Agarwal,Female,25,Nagpur,Maharashtra,2024-12-14,Regular,Google Ads
8892,Kabir,Trivedi,Female,50,Lucknow,Uttar Pradesh,2024-03-04,Budget,Email
8893,Priya,Kapoor,Female,30,Lucknow,Uttar Pradesh,2024-07-29,Budget,Facebook
8894,Neha,Soni,Female,52,Lucknow,Uttar Pradesh,2024-08-18,Regular,YouTube
8895,Rahul,Reddy,Female,46,Nagpur,Maharashtra,2024-08-07,Regular,Organic Search
8896,Priya,Gupta,Male,22,Hyderabad,Telangana,2025-10-14,Budget,Instagram
8897,Pooja,Malhotra,Female,20,Pune,Maharashtra,2025-09-17,Regular,Organic Search
8898,Karan,Reddy,Female,54,Surat,Gujarat,2024-10-20,Premium,YouTube
8899,Neha,Kapoor,Female,58,Bengaluru,Karnataka,2025-12-06,Budget,Google Ads
8900,Aarav,Pandya,Female,23,Jaipur,Rajasthan,2023-08-11,Regular,Email
8901,Nisha,Soni,Female,59,Kolkata,West Bengal,2025-08-17,Regular,Organic Search
8902,Aanya,Desai,Male,33,Pune,Maharashtra,2023-06-07,Budget,Email
8903,Neha,Parmar,Male,52,Lucknow,Uttar Pradesh,2025-12-06,Premium,Google Ads
8904,Tanya,Reddy,Male,35,Ahmedabad,Gujarat,2025-03-11,Premium,Email
8905,Pooja,Mishra,Male,28,Kolkata,West Bengal,2024-12-22,Premium,Facebook
8906,Riya,Thakkar,Male,40,Kolkata,West Bengal,2023-11-15,Budget,Facebook
8907,Yash,Mishra,Male,28,Chennai,Tamil Nadu,2023-10-25,Premium,Google Ads
8908,Diya,Reddy,Male,46,Chennai,Tamil Nadu,2024-03-20,Regular,Google Ads
8909,Dev,Soni,Female,59,Kolkata,West Bengal,2023-04-15,Budget,YouTube
8910,Nisha,Mehta,Female,44,Ahmedabad,Gujarat,2025-06-01,Budget,Email
8911,Dev,Mehta,Female,26,Nagpur,Maharashtra,2025-12-27,Premium,Organic Search
8912,Krish,Kapoor,Female,52,Nagpur,Maharashtra,2024-06-21,Regular,Referral
8913,Pooja,Pandya,Female,26,Vadodara,Gujarat,2024-11-03,Premium,Instagram
8914,Riya,Thakkar,Female,35,Delhi,Delhi,2025-03-11,Budget,Google Ads
8915,Dev,Singh,Male,38,Bengaluru,Karnataka,2025-03-27,Premium,YouTube
8916,Dev,Trivedi,Female,53,Rajkot,Gujarat,2025-11-30,Budget,Google Ads
8917,Simran,Malhotra,Female,18,Hyderabad,Telangana,2025-08-25,Budget,Organic Search
8918,Pooja,Thakkar,Female,44,Surat,Gujarat,2025-05-12,VIP,Google Ads
8919,Ishaan,Gupta,Male,57,Nagpur,Maharashtra,2023-08-30,Budget,Facebook
8920,Sneha,Parmar,Male,55,Vadodara,Gujarat,2025-07-31,Regular,Referral
8921,Vivaan,Malhotra,Male,46,Surat,Gujarat,2023-01-20,Premium,Email
8922,Pooja,Thakkar,Female,57,Jaipur,Rajasthan,2025-06-12,Premium,Referral
8923,Riya,Agarwal,Female,36,Bengaluru,Karnataka,2025-04-20,Regular,Google Ads
8924,Kabir,Verma,Female,41,Hyderabad,Telangana,2025-01-13,Regular,Email
8925,Sneha,Trivedi,Male,18,Jaipur,Rajasthan,2025-11-05,Regular,YouTube
8926,Karan,Shah,Male,53,Indore,Madhya Pradesh,2023-10-28,Budget,Google Ads
8927,Kabir,Sharma,Female,40,Indore,Madhya Pradesh,2023-06-14,Budget,Referral
8928,Aarav,Pandya,Male,30,Lucknow,Uttar Pradesh,2025-02-19,Regular,Instagram
8929,Priya,Reddy,Female,47,Jaipur,Rajasthan,2023-12-19,Regular,Referral
8930,Vivaan,Agarwal,Male,54,Nagpur,Maharashtra,2025-10-17,Budget,Facebook
8931,Aanya,Shah,Male,28,Hyderabad,Telangana,2025-05-20,Budget,Instagram
8932,Ananya,Malhotra,Male,24,Pune,Maharashtra,2025-01-28,Regular,Facebook
8933,Aarav,Sharma,Female,52,Delhi,Delhi,2025-05-27,Regular,Google Ads
8934,Rohan,Trivedi,Male,28,Pune,Maharashtra,2025-01-22,Regular,Referral
8935,Vivaan,Mehta,Female,60,Nagpur,Maharashtra,2025-05-15,Budget,Google Ads
8936,Riya,Kumar,Female,57,Delhi,Delhi,2025-10-29,Premium,Email
8937,Aditya,Desai,Female,38,Pune,Maharashtra,2023-08-16,Premium,Facebook
8938,Meera,Desai,Male,20,Lucknow,Uttar Pradesh,2025-11-21,Budget,YouTube
8939,Aanya,Malhotra,Male,47,Surat,Gujarat,2024-03-06,Budget,Instagram
8940,Kavya,Sharma,Male,41,Surat,Gujarat,2025-02-27,Regular,Referral
8941,Aanya,Kumar,Female,55,Nagpur,Maharashtra,2023-06-19,Premium,YouTube
8942,Krish,Trivedi,Male,20,Ahmedabad,Gujarat,2023-03-11,Budget,Facebook
8943,Neha,Pandya,Male,54,Hyderabad,Telangana,2023-01-02,Budget,YouTube
8944,Kabir,Thakkar,Female,50,Chennai,Tamil Nadu,2025-12-15,Budget,Facebook
8945,Yash,Verma,Female,39,Mumbai,Maharashtra,2024-10-31,Regular,Email
8946,Priya,Soni,Female,48,Delhi,Delhi,2023-09-28,VIP,Email
8947,Dev,Verma,Male,29,Surat,Gujarat,2024-06-27,Premium,YouTube
8948,Sneha,Kumar,Male,31,Jaipur,Rajasthan,2023-09-27,Regular,Organic Search
8949,Riya,Mehta,Female,29,Kolkata,West Bengal,2023-07-09,Regular,Organic Search
8950,Isha,Kapoor,Male,44,Bengaluru,Karnataka,2024-12-22,Budget,YouTube
8951,Ishaan,Gupta,Female,30,Rajkot,Gujarat,2023-01-22,Regular,Referral
8952,Vivaan,Shah,Male,41,Vadodara,Gujarat,2023-01-14,Regular,Organic Search
8953,Simran,Shah,Female,55,Kolkata,West Bengal,2024-07-21,Budget,Facebook
8954,Simran,Reddy,Male,26,Rajkot,Gujarat,2024-07-28,Budget,Email
8955,Arjun,Kumar,Female,25,Kolkata,West Bengal,2024-08-14,Regular,Referral
8956,Aarav,Shah,Female,54,Indore,Madhya Pradesh,2024-07-05,Premium,YouTube
8957,Ananya,Soni,Female,32,Hyderabad,Telangana,2025-03-16,Regular,Referral
8958,Raj,Reddy,Male,24,Indore,Madhya Pradesh,2025-07-02,Budget,Facebook
8959,Kabir,Trivedi,Male,41,Ahmedabad,Gujarat,2023-10-06,Budget,Facebook
8960,Pooja,Malhotra,Male,33,Mumbai,Maharashtra,2025-02-06,Budget,YouTube
8961,Arjun,Patel,Female,41,Bengaluru,Karnataka,2023-02-17,Budget,Instagram
8962,Dev,Pandya,Female,60,Bengaluru,Karnataka,2025-01-13,Regular,Referral
8963,Meera,Agarwal,Female,24,Mumbai,Maharashtra,2024-11-16,Budget,Google Ads
8964,Aanya,Parmar,Female,60,Jaipur,Rajasthan,2024-09-16,Regular,Facebook
8965,Rohan,Verma,Female,45,Mumbai,Maharashtra,2024-01-16,Regular,Email
8966,Meera,Patel,Female,19,Lucknow,Uttar Pradesh,2023-11-06,Regular,Organic Search
8967,Simran,Kapoor,Female,51,Lucknow,Uttar Pradesh,2024-07-05,Regular,Referral
8968,Sneha,Malhotra,Female,55,Hyderabad,Telangana,2024-06-25,Budget,Google Ads
8969,Nisha,Gupta,Female,20,Pune,Maharashtra,2025-02-05,Regular,Facebook
8970,Kavya,Patel,Male,18,Bengaluru,Karnataka,2023-07-03,Premium,Referral
8971,Diya,Trivedi,Female,48,Hyderabad,Telangana,2024-04-10,Regular,Instagram
8972,Aarav,Singh,Male,40,Bengaluru,Karnataka,2024-09-30,Budget,Google Ads
8973,Yash,Gupta,Female,37,Jaipur,Rajasthan,2024-08-16,Premium,Email
8974,Neha,Patel,Male,33,Rajkot,Gujarat,2024-12-04,Regular,Google Ads
8975,Vivaan,Thakkar,Female,49,Surat,Gujarat,2023-01-01,Regular,Referral
8976,Priya,Trivedi,Male,34,Nagpur,Maharashtra,2025-10-04,Regular,Organic Search
8977,Pooja,Kumar,Female,35,Chennai,Tamil Nadu,2023-12-28,Budget,YouTube
8978,Kabir,Trivedi,Female,21,Nagpur,Maharashtra,2024-12-19,Regular,Facebook
8979,Aanya,Singh,Female,52,Delhi,Delhi,2023-10-10,Regular,Organic Search
8980,Pooja,Pandya,Male,57,Vadodara,Gujarat,2025-04-10,Premium,YouTube
8981,Diya,Desai,Female,53,Surat,Gujarat,2023-06-18,Budget,Instagram
8982,Rohan,Agarwal,Male,40,Bengaluru,Karnataka,2025-06-07,Regular,Google Ads
8983,Simran,Pandya,Male,32,Ahmedabad,Gujarat,2023-05-02,Premium,YouTube
8984,Kavya,Soni,Male,30,Hyderabad,Telangana,2024-03-16,Budget,Instagram
8985,Raj,Pandya,Male,31,Mumbai,Maharashtra,2024-09-30,Premium,YouTube
8986,Meera,Shah,Male,31,Bengaluru,Karnataka,2024-04-18,Budget,Email
8987,Aditya,Mehta,Female,54,Lucknow,Uttar Pradesh,2025-01-01,Budget,YouTube
8988,Simran,Malhotra,Male,22,Nagpur,Maharashtra,2025-07-29,Regular,Facebook
8989,Kabir,Soni,Male,39,Pune,Maharashtra,2024-10-21,Premium,Referral
8990,Nisha,Singh,Male,45,Vadodara,Gujarat,2023-10-19,Budget,YouTube
8991,Simran,Joshi,Male,21,Kolkata,West Bengal,2025-07-26,Regular,YouTube
8992,Simran,Malhotra,Female,55,Delhi,Delhi,2023-09-04,Budget,YouTube
8993,Yash,Kapoor,Female,46,Hyderabad,Telangana,2023-07-07,Budget,Organic Search
8994,Vivaan,Malhotra,Female,54,Ahmedabad,Gujarat,2024-07-10,Regular,YouTube
8995,Ishaan,Singh,Male,52,Jaipur,Rajasthan,2025-06-08,Regular,YouTube
8996,Yash,Gupta,Male,37,Nagpur,Maharashtra,2023-09-04,Budget,Google Ads
8997,Tanya,Reddy,Male,52,Vadodara,Gujarat,2025-08-16,Regular,Google Ads
8998,Aanya,Sharma,Female,52,Ahmedabad,Gujarat,2023-10-19,Regular,Referral
8999,Raj,Joshi,Male,37,Mumbai,Maharashtra,2025-06-13,Budget,Organic Search
9000,Rohan,Singh,Female,19,Ahmedabad,Gujarat,2023-05-31,Regular,Email
9001,Kavya,Verma,Male,35,Kolkata,West Bengal,2023-05-31,Budget,Google Ads
9002,Yash,Soni,Male,47,Lucknow,Uttar Pradesh,2023-05-04,Regular,Instagram
9003,Vivaan,Agarwal,Female,59,Bengaluru,Karnataka,2023-09-29,Premium,Facebook
9004,Rohan,Reddy,Male,46,Mumbai,Maharashtra,2024-10-20,Premium,YouTube
9005,Karan,Gupta,Female,56,Chennai,Tamil Nadu,2024-08-30,Budget,YouTube
9006,Simran,Singh,Male,39,Kolkata,West Bengal,2025-09-07,Regular,YouTube
9007,Simran,Agarwal,Female,46,Jaipur,Rajasthan,2024-07-08,Regular,Email
9008,Neha,Singh,Male,27,Nagpur,Maharashtra,2024-06-14,Premium,Email
9009,Yash,Gupta,Male,37,Pune,Maharashtra,2024-12-25,Premium,Instagram
9010,Diya,Mehta,Male,33,Indore,Madhya Pradesh,2024-10-07,Regular,Organic Search
9011,Sneha,Thakkar,Male,23,Delhi,Delhi,2023-03-05,VIP,YouTube
9012,Kabir,Kumar,Male,34,Ahmedabad,Gujarat,2024-06-01,VIP,Email
9013,Tanya,Desai,Female,23,Nagpur,Maharashtra,2023-11-25,Regular,YouTube
9014,Aryan,Desai,Female,39,Kolkata,West Bengal,2024-11-20,Regular,Google Ads
9015,Ananya,Malhotra,Male,35,Lucknow,Uttar Pradesh,2024-04-23,Regular,YouTube
9016,Rohan,Malhotra,Female,49,Indore,Madhya Pradesh,2024-01-26,Regular,Instagram
9017,Raj,Mishra,Female,45,Hyderabad,Telangana,2024-07-28,Regular,Instagram
9018,Rohan,Joshi,Female,59,Pune,Maharashtra,2024-02-16,Regular,Email
9019,Ishaan,Kapoor,Female,27,Lucknow,Uttar Pradesh,2025-05-18,Budget,YouTube
9020,Dev,Patel,Male,58,Chennai,Tamil Nadu,2024-05-21,Premium,Instagram
9021,Riya,Reddy,Female,39,Pune,Maharashtra,2025-08-15,Premium,Google Ads
9022,Raj,Soni,Female,45,Rajkot,Gujarat,2023-10-21,Budget,Organic Search
9023,Aryan,Kapoor,Male,32,Bengaluru,Karnataka,2025-02-01,Premium,Email
9024,Priya,Thakkar,Male,60,Pune,Maharashtra,2024-05-22,Regular,Google Ads
9025,Krish,Soni,Male,46,Vadodara,Gujarat,2023-04-29,Regular,Instagram
9026,Aanya,Malhotra,Male,24,Indore,Madhya Pradesh,2024-04-22,Regular,Referral
9027,Ananya,Soni,Male,51,Rajkot,Gujarat,2024-07-17,Regular,Email
9028,Dev,Trivedi,Male,49,Chennai,Tamil Nadu,2025-04-21,Regular,YouTube
9029,Neha,Kapoor,Male,19,Indore,Madhya Pradesh,2025-12-07,Premium,Referral
9030,Karan,Pandya,Male,43,Rajkot,Gujarat,2024-04-19,Regular,Facebook
9031,Kabir,Joshi,Female,28,Hyderabad,Telangana,2025-08-03,Regular,YouTube
9032,Tanya,Reddy,Male,42,Surat,Gujarat,2025-01-21,Regular,Organic Search
9033,Aditya,Singh,Female,36,Surat,Gujarat,2024-07-03,VIP,YouTube
9034,Ananya,Verma,Male,37,Lucknow,Uttar Pradesh,2024-12-28,Budget,Google Ads
9035,Diya,Desai,Male,50,Vadodara,Gujarat,2023-05-16,Regular,YouTube
9036,Arjun,Malhotra,Female,34,Indore,Madhya Pradesh,2024-06-01,Premium,Facebook
9037,Priya,Reddy,Male,47,Rajkot,Gujarat,2025-01-28,Regular,Email
9038,Rahul,Desai,Male,35,Jaipur,Rajasthan,2023-11-20,Premium,Email
9039,Aarav,Reddy,Female,49,Surat,Gujarat,2023-04-21,Budget,Referral
9040,Arjun,Malhotra,Female,57,Mumbai,Maharashtra,2024-12-24,Premium,Facebook
9041,Ishaan,Reddy,Female,21,Indore,Madhya Pradesh,2024-05-02,Premium,Google Ads
9042,Yash,Gupta,Female,49,Chennai,Tamil Nadu,2023-12-31,Premium,Referral
9043,Simran,Thakkar,Female,36,Ahmedabad,Gujarat,2025-02-05,Regular,Facebook
9044,Rohan,Patel,Female,20,Kolkata,West Bengal,2025-04-11,Budget,Email
9045,Sneha,Mishra,Male,55,Bengaluru,Karnataka,2023-04-23,Regular,Referral
9046,Priya,Mishra,Male,45,Kolkata,West Bengal,2023-11-16,Regular,Facebook
9047,Diya,Verma,Male,55,Kolkata,West Bengal,2023-06-24,Regular,Google Ads
9048,Raj,Mishra,Male,23,Bengaluru,Karnataka,2025-11-08,Regular,Referral
9049,Raj,Parmar,Male,57,Bengaluru,Karnataka,2023-05-06,Regular,YouTube
9050,Isha,Desai,Female,34,Pune,Maharashtra,2025-09-21,Budget,YouTube
9051,Nisha,Desai,Female,59,Lucknow,Uttar Pradesh,2023-09-11,Regular,Organic Search
9052,Karan,Reddy,Male,22,Chennai,Tamil Nadu,2025-07-17,Budget,Email
9053,Kabir,Reddy,Female,36,Hyderabad,Telangana,2025-02-05,Budget,Organic Search
9054,Raj,Trivedi,Male,60,Ahmedabad,Gujarat,2023-10-19,Regular,Google Ads
9055,Sneha,Sharma,Female,59,Hyderabad,Telangana,2023-07-18,Premium,YouTube
9056,Nisha,Malhotra,Male,52,Delhi,Delhi,2024-11-17,Premium,YouTube
9057,Diya,Trivedi,Male,39,Jaipur,Rajasthan,2025-02-20,Regular,YouTube
9058,Arjun,Singh,Male,41,Delhi,Delhi,2025-07-29,Premium,Instagram
9059,Kabir,Soni,Female,27,Jaipur,Rajasthan,2023-08-06,Budget,YouTube
9060,Diya,Desai,Female,19,Pune,Maharashtra,2024-09-21,VIP,Instagram
9061,Priya,Gupta,Male,45,Vadodara,Gujarat,2025-03-28,Premium,Facebook
9062,Dev,Malhotra,Female,58,Surat,Gujarat,2025-04-12,Regular,Email
9063,Pooja,Agarwal,Male,54,Nagpur,Maharashtra,2023-01-23,Budget,Email
9064,Yash,Verma,Male,34,Kolkata,West Bengal,2024-09-28,Regular,Referral
9065,Yash,Agarwal,Female,23,Jaipur,Rajasthan,2024-12-11,Budget,Referral
9066,Simran,Joshi,Male,60,Jaipur,Rajasthan,2024-11-29,Regular,Instagram
9067,Rohan,Pandya,Male,22,Chennai,Tamil Nadu,2023-11-25,Budget,Google Ads
9068,Diya,Soni,Male,56,Surat,Gujarat,2024-12-11,Regular,Referral
9069,Aarav,Kapoor,Female,24,Nagpur,Maharashtra,2024-04-17,Budget,Referral
9070,Tanya,Patel,Male,49,Ahmedabad,Gujarat,2024-04-22,Budget,Instagram
9071,Aryan,Mehta,Male,21,Kolkata,West Bengal,2025-07-10,Budget,Organic Search
9072,Yash,Kapoor,Male,38,Chennai,Tamil Nadu,2024-07-09,Budget,YouTube
9073,Rohan,Sharma,Male,59,Bengaluru,Karnataka,2024-08-10,Regular,Referral
9074,Kavya,Malhotra,Female,49,Hyderabad,Telangana,2024-11-24,Regular,Organic Search
9075,Riya,Trivedi,Male,35,Surat,Gujarat,2023-04-29,Regular,Google Ads
9076,Kavya,Shah,Male,50,Mumbai,Maharashtra,2025-11-29,Regular,Organic Search
9077,Tanya,Gupta,Female,31,Bengaluru,Karnataka,2023-09-17,Budget,Email
9078,Neha,Kapoor,Female,23,Kolkata,West Bengal,2025-08-06,Regular,Facebook
9079,Aditya,Agarwal,Female,28,Bengaluru,Karnataka,2025-01-25,Regular,Facebook
9080,Rohan,Mishra,Female,37,Surat,Gujarat,2023-01-06,Premium,Instagram
9081,Vivaan,Desai,Female,46,Bengaluru,Karnataka,2023-11-07,Regular,Referral
9082,Krish,Shah,Female,52,Indore,Madhya Pradesh,2023-03-07,Regular,Instagram
9083,Vivaan,Parmar,Male,33,Bengaluru,Karnataka,2024-12-31,Premium,Instagram
9084,Raj,Mehta,Male,24,Indore,Madhya Pradesh,2023-01-29,Premium,Instagram
9085,Karan,Trivedi,Female,57,Vadodara,Gujarat,2024-10-21,Premium,Organic Search
9086,Dev,Patel,Male,53,Surat,Gujarat,2025-06-18,Regular,Email
9087,Raj,Thakkar,Female,48,Jaipur,Rajasthan,2025-06-22,Budget,YouTube
9088,Diya,Soni,Male,59,Rajkot,Gujarat,2023-12-27,Premium,Email
9089,Simran,Verma,Female,60,Mumbai,Maharashtra,2025-08-19,Budget,Facebook
9090,Krish,Malhotra,Female,60,Chennai,Tamil Nadu,2023-01-26,Regular,Organic Search
9091,Ishaan,Desai,Male,23,Delhi,Delhi,2023-03-12,Regular,Facebook
9092,Dev,Soni,Female,46,Vadodara,Gujarat,2023-06-26,Regular,Organic Search
9093,Rahul,Patel,Male,44,Bengaluru,Karnataka,2023-01-27,Regular,Facebook
9094,Arjun,Malhotra,Female,60,Ahmedabad,Gujarat,2025-04-19,Budget,YouTube
9095,Priya,Soni,Female,19,Vadodara,Gujarat,2025-03-27,VIP,YouTube
9096,Aarav,Reddy,Male,39,Nagpur,Maharashtra,2024-07-28,Budget,Google Ads
9097,Karan,Mehta,Female,26,Delhi,Delhi,2025-09-26,Budget,YouTube
9098,Neha,Singh,Male,28,Mumbai,Maharashtra,2024-06-14,Regular,Facebook
9099,Aryan,Kapoor,Male,33,Surat,Gujarat,2024-05-07,Premium,YouTube
9100,Kabir,Kapoor,Male,30,Chennai,Tamil Nadu,2023-10-05,Regular,YouTube
9101,Rohan,Mehta,Male,35,Hyderabad,Telangana,2025-09-25,Regular,YouTube
9102,Meera,Shah,Male,42,Ahmedabad,Gujarat,2025-04-18,Regular,Instagram
9103,Dev,Soni,Female,50,Nagpur,Maharashtra,2025-04-26,Budget,Organic Search
9104,Ishaan,Shah,Female,27,Rajkot,Gujarat,2025-06-18,Regular,Referral
9105,Pooja,Patel,Male,47,Vadodara,Gujarat,2023-10-20,Regular,Referral
9106,Ananya,Thakkar,Female,18,Lucknow,Uttar Pradesh,2025-11-17,Premium,YouTube
9107,Rahul,Singh,Male,50,Kolkata,West Bengal,2023-09-13,Budget,Instagram
9108,Ananya,Parmar,Female,32,Jaipur,Rajasthan,2025-06-23,Regular,Facebook
9109,Rohan,Parmar,Male,46,Ahmedabad,Gujarat,2024-10-26,Regular,Google Ads
9110,Meera,Mishra,Female,19,Pune,Maharashtra,2023-09-22,Regular,Organic Search
9111,Kavya,Gupta,Male,28,Chennai,Tamil Nadu,2024-02-05,Regular,Organic Search
9112,Meera,Sharma,Female,51,Mumbai,Maharashtra,2024-04-04,Regular,Email
9113,Dev,Agarwal,Male,58,Hyderabad,Telangana,2025-02-15,Budget,Referral
9114,Yash,Pandya,Male,36,Kolkata,West Bengal,2025-10-17,Premium,Google Ads
9115,Kavya,Mehta,Female,19,Kolkata,West Bengal,2024-02-07,Regular,Organic Search
9116,Arjun,Soni,Male,37,Surat,Gujarat,2025-09-21,Regular,Email
9117,Aanya,Soni,Male,58,Surat,Gujarat,2023-10-28,Regular,Referral
9118,Diya,Singh,Female,48,Lucknow,Uttar Pradesh,2025-12-30,Regular,Facebook
9119,Kabir,Agarwal,Female,21,Kolkata,West Bengal,2023-08-02,Regular,Instagram
9120,Arjun,Mehta,Male,46,Vadodara,Gujarat,2025-05-23,Regular,YouTube
9121,Pooja,Kumar,Male,47,Vadodara,Gujarat,2024-01-09,Budget,Instagram
9122,Sneha,Singh,Male,30,Hyderabad,Telangana,2023-12-10,Regular,Email
9123,Yash,Agarwal,Male,32,Hyderabad,Telangana,2025-05-11,Budget,Referral
9124,Vivaan,Verma,Female,37,Rajkot,Gujarat,2023-10-28,Regular,YouTube
9125,Arjun,Gupta,Male,51,Delhi,Delhi,2025-01-18,Regular,Email
9126,Rohan,Malhotra,Male,45,Mumbai,Maharashtra,2024-03-12,Budget,Organic Search
9127,Aditya,Mehta,Female,37,Pune,Maharashtra,2023-04-12,Regular,Email
9128,Aryan,Parmar,Female,42,Indore,Madhya Pradesh,2023-01-10,Budget,Referral
9129,Priya,Mishra,Male,44,Jaipur,Rajasthan,2025-11-30,Premium,Organic Search
9130,Aanya,Reddy,Female,47,Bengaluru,Karnataka,2024-01-05,Budget,YouTube
9131,Ishaan,Gupta,Female,58,Nagpur,Maharashtra,2023-05-06,VIP,Google Ads
9132,Aditya,Kapoor,Female,37,Pune,Maharashtra,2025-02-23,Regular,Google Ads
9133,Pooja,Thakkar,Male,18,Hyderabad,Telangana,2024-01-18,Budget,Referral
9134,Sneha,Sharma,Male,52,Rajkot,Gujarat,2023-11-23,Budget,Referral
9135,Vivaan,Agarwal,Male,60,Hyderabad,Telangana,2024-03-25,Budget,Email
9136,Aryan,Soni,Female,41,Bengaluru,Karnataka,2024-06-06,Budget,Facebook
9137,Krish,Joshi,Male,42,Indore,Madhya Pradesh,2025-10-06,Budget,Instagram
9138,Arjun,Singh,Male,57,Bengaluru,Karnataka,2025-07-30,Regular,Google Ads
9139,Aryan,Pandya,Male,29,Kolkata,West Bengal,2025-09-09,Budget,YouTube
9140,Raj,Kumar,Female,28,Pune,Maharashtra,2023-09-30,Regular,Email
9141,Aanya,Sharma,Male,47,Indore,Madhya Pradesh,2024-05-16,Regular,Instagram
9142,Ananya,Kapoor,Male,30,Indore,Madhya Pradesh,2025-05-15,Regular,Referral
9143,Tanya,Soni,Male,42,Rajkot,Gujarat,2023-12-07,Budget,Organic Search
9144,Dev,Pandya,Male,42,Pune,Maharashtra,2023-09-29,Premium,Instagram
9145,Diya,Kumar,Female,34,Jaipur,Rajasthan,2024-01-30,Regular,Email
9146,Yash,Reddy,Male,29,Bengaluru,Karnataka,2025-06-28,Regular,Instagram
9147,Riya,Pandya,Male,28,Chennai,Tamil Nadu,2023-07-14,Budget,Facebook
9148,Rohan,Patel,Female,27,Nagpur,Maharashtra,2025-11-22,Regular,Email
9149,Vivaan,Shah,Female,34,Pune,Maharashtra,2023-07-30,Regular,Referral
9150,Dev,Singh,Female,33,Nagpur,Maharashtra,2025-03-23,Premium,Instagram
9151,Aarav,Shah,Female,37,Lucknow,Uttar Pradesh,2024-11-24,Premium,Instagram
9152,Karan,Desai,Female,22,Nagpur,Maharashtra,2025-01-22,Regular,Referral
9153,Simran,Sharma,Male,58,Jaipur,Rajasthan,2025-09-27,Premium,Google Ads
9154,Isha,Trivedi,Female,49,Lucknow,Uttar Pradesh,2025-12-10,Regular,Instagram
9155,Diya,Gupta,Female,44,Vadodara,Gujarat,2025-06-10,Budget,Instagram
9156,Nisha,Sharma,Female,21,Kolkata,West Bengal,2024-06-24,Regular,Organic Search
9157,Nisha,Trivedi,Male,58,Nagpur,Maharashtra,2024-06-01,Budget,Google Ads
9158,Neha,Mehta,Male,24,Kolkata,West Bengal,2025-07-23,Regular,Email
9159,Aditya,Agarwal,Male,31,Surat,Gujarat,2023-05-13,Budget,Organic Search
9160,Krish,Joshi,Female,56,Surat,Gujarat,2023-04-06,Regular,Google Ads
9161,Dev,Soni,Male,41,Delhi,Delhi,2024-02-28,Regular,YouTube
9162,Kavya,Pandya,Female,35,Jaipur,Rajasthan,2025-05-07,Regular,YouTube
9163,Karan,Shah,Female,55,Kolkata,West Bengal,2025-08-31,Regular,Facebook
9164,Simran,Parmar,Male,56,Delhi,Delhi,2023-03-23,Regular,Instagram
9165,Isha,Kumar,Male,57,Surat,Gujarat,2025-02-27,VIP,Referral
9166,Rahul,Soni,Male,18,Ahmedabad,Gujarat,2023-11-11,Regular,YouTube
9167,Sneha,Gupta,Female,34,Pune,Maharashtra,2025-07-04,Regular,Email
9168,Kavya,Verma,Male,43,Lucknow,Uttar Pradesh,2024-01-01,Premium,Email
9169,Arjun,Verma,Male,39,Bengaluru,Karnataka,2024-01-01,Budget,Referral
9170,Isha,Joshi,Male,56,Kolkata,West Bengal,2023-03-12,Premium,YouTube
9171,Nisha,Reddy,Male,35,Hyderabad,Telangana,2023-11-22,Regular,Google Ads
9172,Aryan,Shah,Male,55,Surat,Gujarat,2025-04-23,Budget,Organic Search
9173,Arjun,Malhotra,Female,45,Pune,Maharashtra,2023-08-02,Budget,Referral
9174,Karan,Pandya,Female,38,Jaipur,Rajasthan,2025-12-06,Regular,Facebook
9175,Sneha,Desai,Male,55,Hyderabad,Telangana,2023-03-30,Budget,Organic Search
9176,Vivaan,Singh,Female,50,Indore,Madhya Pradesh,2025-09-22,Budget,Google Ads
9177,Isha,Kapoor,Female,47,Lucknow,Uttar Pradesh,2023-08-05,Regular,Facebook
9178,Neha,Verma,Female,59,Rajkot,Gujarat,2023-10-28,Regular,Referral
9179,Kabir,Mehta,Male,25,Rajkot,Gujarat,2025-07-14,Regular,YouTube
9180,Sneha,Thakkar,Female,47,Rajkot,Gujarat,2025-05-02,Budget,Organic Search
9181,Ananya,Reddy,Male,56,Indore,Madhya Pradesh,2025-06-12,Budget,Google Ads
9182,Ananya,Reddy,Female,26,Rajkot,Gujarat,2023-06-19,Regular,YouTube
9183,Kabir,Malhotra,Male,50,Delhi,Delhi,2024-09-11,Regular,Facebook
9184,Diya,Sharma,Female,60,Hyderabad,Telangana,2024-11-12,Premium,Email
9185,Meera,Parmar,Female,46,Vadodara,Gujarat,2024-10-04,Regular,Referral
9186,Ishaan,Gupta,Male,48,Rajkot,Gujarat,2023-02-06,Premium,Google Ads
9187,Vivaan,Agarwal,Male,20,Vadodara,Gujarat,2025-02-09,Budget,YouTube
9188,Sneha,Mishra,Female,55,Bengaluru,Karnataka,2025-10-07,Regular,Facebook
9189,Neha,Parmar,Male,28,Pune,Maharashtra,2024-09-27,Regular,Email
9190,Isha,Gupta,Male,22,Hyderabad,Telangana,2024-03-01,Regular,Google Ads
9191,Tanya,Pandya,Male,48,Jaipur,Rajasthan,2024-02-12,VIP,Facebook
9192,Simran,Malhotra,Male,37,Delhi,Delhi,2025-02-13,Regular,Google Ads
9193,Diya,Malhotra,Female,21,Ahmedabad,Gujarat,2025-05-14,Regular,Google Ads
9194,Pooja,Desai,Male,25,Mumbai,Maharashtra,2023-08-05,Premium,Organic Search
9195,Ananya,Kumar,Female,59,Kolkata,West Bengal,2023-06-19,Budget,Instagram
9196,Raj,Verma,Female,52,Bengaluru,Karnataka,2024-09-01,Budget,Organic Search
9197,Ananya,Trivedi,Male,30,Chennai,Tamil Nadu,2023-12-24,Regular,YouTube
9198,Nisha,Trivedi,Male,22,Mumbai,Maharashtra,2023-07-05,Budget,Instagram
9199,Arjun,Pandya,Male,57,Vadodara,Gujarat,2024-12-25,Regular,Google Ads
9200,Diya,Parmar,Male,36,Rajkot,Gujarat,2025-05-19,VIP,Facebook
9201,Yash,Malhotra,Female,35,Surat,Gujarat,2025-04-03,Regular,YouTube
9202,Arjun,Patel,Female,50,Indore,Madhya Pradesh,2024-11-09,Regular,Facebook
9203,Aditya,Patel,Male,21,Lucknow,Uttar Pradesh,2023-10-11,Budget,Organic Search
9204,Kavya,Singh,Female,35,Kolkata,West Bengal,2023-07-03,Regular,Facebook
9205,Isha,Mehta,Male,41,Surat,Gujarat,2023-05-22,Budget,Referral
9206,Kavya,Verma,Female,60,Vadodara,Gujarat,2023-08-19,Regular,Email
9207,Aanya,Soni,Female,46,Indore,Madhya Pradesh,2024-01-23,Budget,Google Ads
9208,Pooja,Sharma,Female,48,Vadodara,Gujarat,2025-01-04,Regular,Facebook
9209,Aanya,Reddy,Male,45,Jaipur,Rajasthan,2023-06-07,Regular,Google Ads
9210,Sneha,Thakkar,Male,26,Nagpur,Maharashtra,2024-07-30,Regular,Instagram
9211,Tanya,Malhotra,Female,43,Chennai,Tamil Nadu,2025-12-11,Budget,Organic Search
9212,Isha,Kapoor,Male,19,Surat,Gujarat,2025-10-23,Budget,Referral
9213,Yash,Agarwal,Male,23,Lucknow,Uttar Pradesh,2023-03-18,Regular,Referral
9214,Sneha,Kapoor,Female,46,Rajkot,Gujarat,2024-08-04,Premium,Instagram
9215,Priya,Mehta,Male,43,Ahmedabad,Gujarat,2024-08-30,Regular,Facebook
9216,Neha,Pandya,Male,45,Mumbai,Maharashtra,2025-11-05,Regular,Referral
9217,Arjun,Desai,Female,24,Jaipur,Rajasthan,2023-08-18,Premium,Google Ads
9218,Yash,Trivedi,Female,51,Surat,Gujarat,2025-06-22,Budget,Email
9219,Simran,Kapoor,Female,27,Chennai,Tamil Nadu,2025-07-05,Regular,YouTube
9220,Sneha,Kapoor,Female,58,Rajkot,Gujarat,2025-06-07,Regular,Organic Search
9221,Kavya,Soni,Male,57,Delhi,Delhi,2025-10-26,Budget,Instagram
9222,Priya,Mishra,Male,39,Nagpur,Maharashtra,2023-05-23,VIP,Organic Search
9223,Riya,Mehta,Female,44,Pune,Maharashtra,2023-07-26,Regular,Organic Search
9224,Ananya,Mishra,Female,56,Ahmedabad,Gujarat,2024-03-04,Budget,Instagram
9225,Sneha,Patel,Male,39,Lucknow,Uttar Pradesh,2023-06-15,Budget,Email
9226,Tanya,Gupta,Male,36,Surat,Gujarat,2023-09-17,Regular,Facebook
9227,Diya,Mishra,Male,53,Delhi,Delhi,2024-01-29,Regular,Instagram
9228,Rohan,Verma,Female,26,Rajkot,Gujarat,2023-05-01,VIP,Instagram
9229,Priya,Agarwal,Female,36,Bengaluru,Karnataka,2025-08-07,Regular,YouTube
9230,Ananya,Mehta,Female,19,Bengaluru,Karnataka,2024-02-17,Regular,Email
9231,Isha,Mishra,Female,45,Chennai,Tamil Nadu,2023-06-17,Budget,Email
9232,Aanya,Parmar,Male,56,Pune,Maharashtra,2024-02-25,Budget,Google Ads
9233,Rohan,Pandya,Female,39,Jaipur,Rajasthan,2025-02-26,Regular,Email
9234,Raj,Patel,Female,23,Chennai,Tamil Nadu,2023-09-25,Premium,Referral
9235,Meera,Soni,Male,24,Mumbai,Maharashtra,2023-02-07,Regular,YouTube
9236,Raj,Malhotra,Female,23,Lucknow,Uttar Pradesh,2025-07-14,Regular,Referral
9237,Aanya,Trivedi,Male,50,Rajkot,Gujarat,2023-12-04,Regular,Email
9238,Krish,Singh,Female,31,Rajkot,Gujarat,2023-11-26,Regular,Google Ads
9239,Arjun,Shah,Male,18,Kolkata,West Bengal,2023-07-18,Budget,YouTube
9240,Arjun,Desai,Male,42,Rajkot,Gujarat,2025-03-20,Regular,Instagram
9241,Riya,Mehta,Male,23,Mumbai,Maharashtra,2023-01-05,Regular,Facebook
9242,Riya,Thakkar,Female,45,Chennai,Tamil Nadu,2025-09-15,Regular,Instagram
9243,Meera,Sharma,Female,35,Pune,Maharashtra,2025-06-13,Regular,Google Ads
9244,Raj,Mishra,Female,44,Surat,Gujarat,2023-04-13,Budget,YouTube
9245,Yash,Mishra,Female,19,Hyderabad,Telangana,2024-03-10,Regular,Instagram
9246,Karan,Trivedi,Female,57,Rajkot,Gujarat,2024-10-11,Regular,Google Ads
9247,Pooja,Shah,Female,38,Bengaluru,Karnataka,2024-01-16,Budget,Referral
9248,Yash,Kapoor,Male,40,Pune,Maharashtra,2023-03-07,Regular,Organic Search
9249,Priya,Mehta,Female,19,Vadodara,Gujarat,2024-08-01,Regular,Instagram
9250,Arjun,Kapoor,Female,33,Pune,Maharashtra,2023-09-27,Premium,Organic Search
9251,Nisha,Shah,Male,21,Chennai,Tamil Nadu,2023-02-16,Premium,Facebook
9252,Vivaan,Agarwal,Male,51,Rajkot,Gujarat,2025-07-04,Regular,Referral
9253,Vivaan,Singh,Female,22,Vadodara,Gujarat,2023-12-31,Budget,Instagram
9254,Rohan,Mishra,Male,51,Bengaluru,Karnataka,2023-03-09,Regular,Instagram
9255,Sneha,Parmar,Female,39,Pune,Maharashtra,2025-11-15,Regular,Instagram
9256,Dev,Gupta,Male,37,Indore,Madhya Pradesh,2023-07-26,Regular,Google Ads
9257,Dev,Kapoor,Female,56,Indore,Madhya Pradesh,2023-03-14,Budget,YouTube
9258,Aryan,Parmar,Male,30,Bengaluru,Karnataka,2023-01-30,Regular,Email
9259,Raj,Singh,Male,51,Bengaluru,Karnataka,2025-10-23,Regular,Google Ads
9260,Karan,Verma,Female,23,Nagpur,Maharashtra,2024-06-04,Regular,Referral
9261,Rohan,Mehta,Female,46,Kolkata,West Bengal,2025-06-06,VIP,Organic Search
9262,Simran,Sharma,Male,50,Rajkot,Gujarat,2024-02-05,Regular,Email
9263,Dev,Singh,Male,18,Pune,Maharashtra,2024-10-15,Regular,Organic Search
9264,Dev,Mehta,Male,24,Lucknow,Uttar Pradesh,2025-08-07,Regular,Referral
9265,Rahul,Patel,Male,39,Jaipur,Rajasthan,2025-04-27,Budget,Email
9266,Nisha,Malhotra,Female,49,Pune,Maharashtra,2025-07-23,Regular,Instagram
9267,Tanya,Gupta,Male,31,Kolkata,West Bengal,2024-03-06,Regular,Referral
9268,Meera,Malhotra,Male,41,Delhi,Delhi,2024-06-22,Premium,Facebook
9269,Priya,Trivedi,Female,36,Vadodara,Gujarat,2023-03-12,Regular,Email
9270,Kabir,Sharma,Female,44,Chennai,Tamil Nadu,2023-09-13,Regular,Referral
9271,Aarav,Soni,Female,40,Ahmedabad,Gujarat,2023-05-27,Regular,Referral
9272,Tanya,Pandya,Female,38,Nagpur,Maharashtra,2025-06-20,Regular,Email
9273,Isha,Malhotra,Female,46,Nagpur,Maharashtra,2024-10-31,Regular,Instagram
9274,Karan,Pandya,Female,18,Vadodara,Gujarat,2023-05-20,Regular,Facebook
9275,Krish,Reddy,Male,48,Pune,Maharashtra,2024-10-16,Budget,Organic Search
9276,Priya,Verma,Male,44,Mumbai,Maharashtra,2024-09-12,Premium,Instagram
9277,Priya,Patel,Male,53,Kolkata,West Bengal,2025-05-20,Regular,Organic Search
9278,Isha,Patel,Female,44,Vadodara,Gujarat,2023-03-05,Regular,Email
9279,Aryan,Joshi,Female,32,Hyderabad,Telangana,2025-05-17,Budget,Referral
9280,Isha,Shah,Male,42,Pune,Maharashtra,2025-04-14,Regular,Google Ads
9281,Rohan,Parmar,Male,32,Indore,Madhya Pradesh,2024-05-27,Regular,Organic Search
9282,Simran,Desai,Female,57,Delhi,Delhi,2025-10-27,Budget,Referral
9283,Pooja,Mishra,Female,36,Indore,Madhya Pradesh,2025-10-21,Premium,Organic Search
9284,Riya,Thakkar,Male,28,Lucknow,Uttar Pradesh,2023-02-16,Regular,Organic Search
9285,Kabir,Kumar,Male,58,Ahmedabad,Gujarat,2025-05-17,Premium,Email
9286,Rahul,Mishra,Male,50,Indore,Madhya Pradesh,2025-02-16,Regular,Google Ads
9287,Ishaan,Verma,Male,58,Surat,Gujarat,2025-10-22,Budget,YouTube
9288,Meera,Sharma,Male,40,Nagpur,Maharashtra,2024-06-18,Regular,Facebook
9289,Arjun,Mishra,Female,29,Surat,Gujarat,2023-12-25,Regular,Referral
9290,Aanya,Shah,Male,19,Surat,Gujarat,2025-03-25,Regular,Organic Search
9291,Aarav,Desai,Male,60,Indore,Madhya Pradesh,2024-08-18,Regular,Organic Search
9292,Raj,Sharma,Female,38,Rajkot,Gujarat,2023-07-23,Regular,YouTube
9293,Krish,Agarwal,Male,31,Surat,Gujarat,2025-08-28,Budget,Instagram
9294,Neha,Malhotra,Female,51,Vadodara,Gujarat,2023-08-15,Premium,Email
9295,Aarav,Soni,Female,32,Nagpur,Maharashtra,2025-08-05,Regular,YouTube
9296,Ishaan,Patel,Male,38,Kolkata,West Bengal,2025-03-27,Regular,Facebook
9297,Isha,Agarwal,Male,40,Rajkot,Gujarat,2023-05-31,Budget,Google Ads
9298,Arjun,Trivedi,Female,38,Pune,Maharashtra,2023-01-17,Regular,Google Ads
9299,Simran,Malhotra,Female,31,Jaipur,Rajasthan,2023-10-31,Regular,Instagram
9300,Yash,Mehta,Female,38,Rajkot,Gujarat,2025-02-19,Premium,Organic Search
9301,Dev,Parmar,Male,29,Nagpur,Maharashtra,2025-12-20,Regular,Instagram
9302,Rahul,Reddy,Male,59,Chennai,Tamil Nadu,2023-09-24,Regular,Email
9303,Pooja,Joshi,Male,22,Ahmedabad,Gujarat,2023-02-04,Budget,Organic Search
9304,Aarav,Trivedi,Male,19,Rajkot,Gujarat,2025-02-24,Premium,YouTube
9305,Karan,Desai,Male,39,Lucknow,Uttar Pradesh,2023-03-09,Regular,Email
9306,Simran,Singh,Female,23,Ahmedabad,Gujarat,2023-07-08,Premium,Google Ads
9307,Nisha,Pandya,Male,19,Chennai,Tamil Nadu,2023-02-10,Regular,Google Ads
9308,Priya,Singh,Male,46,Rajkot,Gujarat,2024-08-30,Budget,Referral
9309,Tanya,Desai,Female,53,Chennai,Tamil Nadu,2024-11-13,Regular,YouTube
9310,Diya,Desai,Male,24,Jaipur,Rajasthan,2025-08-02,Regular,Email
9311,Neha,Soni,Male,33,Mumbai,Maharashtra,2025-06-25,Regular,Organic Search
9312,Krish,Malhotra,Male,50,Chennai,Tamil Nadu,2025-12-26,Budget,Instagram
9313,Sneha,Parmar,Female,50,Mumbai,Maharashtra,2025-08-04,Premium,YouTube
9314,Riya,Agarwal,Female,31,Indore,Madhya Pradesh,2025-05-02,Budget,Referral
9315,Riya,Verma,Male,60,Surat,Gujarat,2025-08-31,Premium,Instagram
9316,Rahul,Sharma,Male,29,Vadodara,Gujarat,2025-12-29,Budget,Organic Search
9317,Kavya,Thakkar,Male,60,Surat,Gujarat,2025-10-07,VIP,YouTube
9318,Pooja,Trivedi,Female,23,Mumbai,Maharashtra,2025-01-26,VIP,Instagram
9319,Tanya,Mishra,Female,29,Pune,Maharashtra,2025-10-03,Regular,Facebook
9320,Rohan,Malhotra,Male,48,Jaipur,Rajasthan,2024-07-01,VIP,Google Ads
9321,Neha,Patel,Male,29,Jaipur,Rajasthan,2025-07-03,Premium,Referral
9322,Priya,Singh,Male,27,Surat,Gujarat,2024-04-28,Budget,YouTube
9323,Aanya,Mishra,Male,57,Ahmedabad,Gujarat,2024-08-10,Premium,Referral
9324,Ananya,Pandya,Female,44,Rajkot,Gujarat,2023-10-09,Budget,Organic Search
9325,Rahul,Kumar,Female,24,Indore,Madhya Pradesh,2024-09-21,Budget,Organic Search
9326,Pooja,Mishra,Male,53,Chennai,Tamil Nadu,2024-02-23,Regular,Facebook
9327,Meera,Thakkar,Female,50,Surat,Gujarat,2023-08-11,Budget,YouTube
9328,Aarav,Joshi,Female,44,Indore,Madhya Pradesh,2023-03-21,Budget,Google Ads
9329,Aarav,Mehta,Male,25,Surat,Gujarat,2025-04-05,VIP,Referral
9330,Raj,Thakkar,Male,22,Vadodara,Gujarat,2024-11-12,VIP,Google Ads
9331,Aditya,Mishra,Male,25,Indore,Madhya Pradesh,2024-02-17,Premium,Instagram
9332,Dev,Joshi,Male,57,Delhi,Delhi,2023-11-30,Regular,Referral
9333,Priya,Reddy,Female,38,Surat,Gujarat,2025-06-07,Premium,Google Ads
9334,Aditya,Kapoor,Male,41,Surat,Gujarat,2025-10-22,Budget,Referral
9335,Aryan,Desai,Male,24,Ahmedabad,Gujarat,2023-09-15,Premium,Referral
9336,Kabir,Gupta,Male,36,Mumbai,Maharashtra,2025-02-01,Regular,Organic Search
9337,Aditya,Trivedi,Male,48,Hyderabad,Telangana,2025-04-16,Premium,Google Ads
9338,Pooja,Verma,Female,53,Indore,Madhya Pradesh,2024-03-30,Regular,Google Ads
9339,Raj,Mishra,Male,44,Surat,Gujarat,2023-01-19,VIP,Email
9340,Rahul,Joshi,Male,46,Mumbai,Maharashtra,2025-08-11,Premium,Email
9341,Raj,Trivedi,Female,40,Mumbai,Maharashtra,2025-09-05,Premium,Google Ads
9342,Sneha,Mehta,Male,37,Bengaluru,Karnataka,2024-03-08,Regular,Organic Search
9343,Riya,Desai,Male,23,Delhi,Delhi,2023-09-09,Premium,Referral
9344,Riya,Kapoor,Male,29,Kolkata,West Bengal,2025-03-06,Premium,Organic Search
9345,Yash,Malhotra,Female,29,Nagpur,Maharashtra,2025-06-25,Budget,Referral
9346,Raj,Kapoor,Male,20,Kolkata,West Bengal,2024-10-10,Regular,Email
9347,Vivaan,Kumar,Male,59,Hyderabad,Telangana,2025-06-28,Budget,Organic Search
9348,Priya,Kumar,Male,56,Bengaluru,Karnataka,2025-01-07,Premium,YouTube
9349,Neha,Gupta,Female,52,Chennai,Tamil Nadu,2023-08-09,Budget,Referral
9350,Sneha,Desai,Male,36,Jaipur,Rajasthan,2023-04-23,VIP,Facebook
9351,Diya,Malhotra,Male,21,Lucknow,Uttar Pradesh,2024-07-13,Regular,Facebook
9352,Sneha,Reddy,Male,48,Mumbai,Maharashtra,2025-12-17,Budget,Email
9353,Rahul,Desai,Female,59,Hyderabad,Telangana,2023-07-16,Premium,Organic Search
9354,Meera,Shah,Female,55,Chennai,Tamil Nadu,2025-11-07,Budget,Facebook
9355,Priya,Agarwal,Male,50,Ahmedabad,Gujarat,2025-02-18,Regular,Email
9356,Raj,Soni,Male,23,Hyderabad,Telangana,2023-08-03,Premium,Instagram
9357,Isha,Malhotra,Female,25,Kolkata,West Bengal,2024-09-27,Regular,Referral
9358,Sneha,Patel,Male,45,Lucknow,Uttar Pradesh,2025-11-05,Regular,Google Ads
9359,Aryan,Trivedi,Female,32,Chennai,Tamil Nadu,2024-11-07,Regular,Facebook
9360,Isha,Mehta,Female,48,Mumbai,Maharashtra,2024-10-21,VIP,Google Ads
9361,Vivaan,Mehta,Female,25,Indore,Madhya Pradesh,2023-08-21,Budget,Organic Search
9362,Meera,Joshi,Male,23,Mumbai,Maharashtra,2023-01-25,Budget,Facebook
9363,Meera,Trivedi,Female,46,Lucknow,Uttar Pradesh,2025-07-26,Regular,YouTube
9364,Neha,Trivedi,Female,51,Bengaluru,Karnataka,2025-10-15,Regular,YouTube
9365,Karan,Soni,Male,24,Nagpur,Maharashtra,2023-03-12,Regular,Email
9366,Kavya,Desai,Male,57,Pune,Maharashtra,2023-01-25,Budget,Google Ads
9367,Dev,Shah,Male,27,Pune,Maharashtra,2024-04-02,Regular,Email
9368,Dev,Sharma,Female,30,Indore,Madhya Pradesh,2023-07-30,Premium,Instagram
9369,Nisha,Malhotra,Female,39,Nagpur,Maharashtra,2024-06-24,Budget,Email
9370,Riya,Sharma,Male,38,Rajkot,Gujarat,2025-02-09,Budget,Referral
9371,Aryan,Thakkar,Female,18,Mumbai,Maharashtra,2025-11-28,Regular,Organic Search
9372,Isha,Soni,Male,58,Chennai,Tamil Nadu,2024-11-07,Budget,Referral
9373,Nisha,Kumar,Male,59,Kolkata,West Bengal,2023-04-05,Regular,Email
9374,Ananya,Kapoor,Male,19,Indore,Madhya Pradesh,2023-08-08,Regular,Email
9375,Vivaan,Mishra,Male,46,Mumbai,Maharashtra,2025-06-24,Regular,Facebook
9376,Arjun,Soni,Male,28,Bengaluru,Karnataka,2025-12-25,Regular,Facebook
9377,Meera,Gupta,Female,54,Nagpur,Maharashtra,2023-07-12,Regular,Instagram
9378,Isha,Gupta,Female,24,Vadodara,Gujarat,2023-06-24,Premium,Google Ads
9379,Rohan,Agarwal,Male,52,Rajkot,Gujarat,2023-04-22,Premium,YouTube
9380,Karan,Reddy,Female,47,Rajkot,Gujarat,2023-04-21,Regular,Organic Search
9381,Aanya,Singh,Female,33,Delhi,Delhi,2024-03-28,Regular,Google Ads
9382,Priya,Desai,Male,32,Bengaluru,Karnataka,2024-02-17,Budget,YouTube
9383,Kavya,Pandya,Female,57,Pune,Maharashtra,2024-08-26,Regular,Facebook
9384,Nisha,Patel,Female,37,Hyderabad,Telangana,2025-08-17,Regular,Organic Search
9385,Karan,Soni,Male,45,Mumbai,Maharashtra,2023-07-05,Budget,Email
9386,Isha,Gupta,Female,54,Surat,Gujarat,2023-02-20,Budget,Referral
9387,Karan,Thakkar,Female,20,Hyderabad,Telangana,2025-11-30,Budget,Instagram
9388,Arjun,Desai,Female,46,Jaipur,Rajasthan,2023-12-21,Budget,Organic Search
9389,Kabir,Patel,Female,54,Vadodara,Gujarat,2023-12-29,Regular,Instagram
9390,Raj,Malhotra,Female,26,Vadodara,Gujarat,2024-06-19,Premium,Referral
9391,Arjun,Trivedi,Male,44,Rajkot,Gujarat,2023-02-05,Premium,Instagram
9392,Rahul,Agarwal,Male,49,Kolkata,West Bengal,2023-10-04,Regular,Google Ads
9393,Pooja,Verma,Male,56,Nagpur,Maharashtra,2025-10-06,Regular,Facebook
9394,Rohan,Singh,Male,48,Nagpur,Maharashtra,2023-07-01,Regular,Organic Search
9395,Yash,Singh,Male,43,Indore,Madhya Pradesh,2024-04-15,Regular,Facebook
9396,Arjun,Pandya,Female,57,Ahmedabad,Gujarat,2024-02-21,Regular,Email
9397,Neha,Singh,Female,20,Jaipur,Rajasthan,2025-06-07,Budget,Organic Search
9398,Aryan,Gupta,Male,28,Vadodara,Gujarat,2024-02-08,Regular,Referral
9399,Arjun,Thakkar,Male,46,Rajkot,Gujarat,2024-05-28,Regular,Referral
9400,Meera,Shah,Male,44,Surat,Gujarat,2024-07-19,Budget,Google Ads
9401,Neha,Parmar,Female,27,Rajkot,Gujarat,2024-03-16,Budget,Email
9402,Krish,Mehta,Female,52,Mumbai,Maharashtra,2025-09-18,Budget,YouTube
9403,Rohan,Singh,Female,40,Nagpur,Maharashtra,2025-12-05,Regular,Facebook
9404,Aanya,Reddy,Female,23,Vadodara,Gujarat,2023-03-16,Regular,Instagram
9405,Dev,Pandya,Female,28,Rajkot,Gujarat,2024-02-10,Budget,Organic Search
9406,Pooja,Soni,Female,60,Ahmedabad,Gujarat,2023-01-03,Budget,Referral
9407,Meera,Desai,Male,44,Hyderabad,Telangana,2025-10-29,Budget,Email
9408,Yash,Patel,Female,48,Lucknow,Uttar Pradesh,2024-05-28,Premium,YouTube
9409,Aanya,Singh,Male,47,Ahmedabad,Gujarat,2024-06-23,Regular,Instagram
9410,Isha,Patel,Male,20,Nagpur,Maharashtra,2023-10-17,Budget,Instagram
9411,Neha,Gupta,Female,30,Hyderabad,Telangana,2023-06-30,Regular,Email
9412,Ishaan,Singh,Female,57,Mumbai,Maharashtra,2023-09-23,Budget,Email
9413,Aditya,Patel,Female,38,Vadodara,Gujarat,2023-03-24,Regular,Email
9414,Sneha,Verma,Female,60,Rajkot,Gujarat,2023-09-15,Budget,Facebook
9415,Isha,Trivedi,Female,28,Chennai,Tamil Nadu,2025-08-07,VIP,Referral
9416,Aarav,Trivedi,Female,20,Chennai,Tamil Nadu,2023-07-18,VIP,Referral
9417,Ananya,Parmar,Female,55,Vadodara,Gujarat,2024-10-09,Regular,Google Ads
9418,Tanya,Pandya,Female,48,Bengaluru,Karnataka,2023-09-23,Regular,Referral
9419,Aryan,Reddy,Male,41,Mumbai,Maharashtra,2025-09-23,Regular,Email
9420,Ananya,Trivedi,Male,59,Vadodara,Gujarat,2025-05-19,VIP,Referral
9421,Tanya,Gupta,Female,29,Rajkot,Gujarat,2024-12-31,Regular,Facebook
9422,Neha,Thakkar,Male,60,Chennai,Tamil Nadu,2025-05-10,Budget,Organic Search
9423,Tanya,Kapoor,Female,44,Ahmedabad,Gujarat,2023-01-19,Budget,Google Ads
9424,Aditya,Kapoor,Male,38,Vadodara,Gujarat,2024-01-06,Budget,Organic Search
9425,Kavya,Trivedi,Male,42,Rajkot,Gujarat,2025-11-12,Regular,YouTube
9426,Nisha,Patel,Female,47,Rajkot,Gujarat,2024-09-10,Budget,Google Ads
9427,Meera,Verma,Female,47,Mumbai,Maharashtra,2024-10-04,Regular,Facebook
9428,Raj,Joshi,Female,27,Vadodara,Gujarat,2024-01-14,Regular,Facebook
9429,Yash,Sharma,Male,20,Nagpur,Maharashtra,2025-03-27,Premium,Referral
9430,Riya,Agarwal,Male,30,Mumbai,Maharashtra,2025-04-03,Regular,Google Ads
9431,Aarav,Agarwal,Female,44,Ahmedabad,Gujarat,2023-03-31,Regular,Google Ads
9432,Priya,Trivedi,Male,35,Jaipur,Rajasthan,2023-05-24,Regular,Referral
9433,Isha,Sharma,Female,41,Hyderabad,Telangana,2024-09-12,Premium,Organic Search
9434,Raj,Soni,Male,31,Delhi,Delhi,2025-05-13,Budget,Facebook
9435,Aarav,Verma,Female,56,Vadodara,Gujarat,2023-07-23,Budget,Facebook
9436,Dev,Verma,Male,21,Hyderabad,Telangana,2025-05-14,Regular,YouTube
9437,Ananya,Kumar,Female,33,Chennai,Tamil Nadu,2023-06-02,Premium,Facebook
9438,Nisha,Malhotra,Female,27,Delhi,Delhi,2024-06-12,Regular,Facebook
9439,Nisha,Pandya,Female,54,Nagpur,Maharashtra,2023-12-05,Regular,Instagram
9440,Karan,Desai,Male,44,Bengaluru,Karnataka,2025-01-18,Budget,Instagram
9441,Tanya,Reddy,Female,18,Surat,Gujarat,2025-12-15,Budget,Instagram
9442,Kavya,Malhotra,Male,22,Ahmedabad,Gujarat,2024-07-09,Premium,Email
9443,Aanya,Desai,Female,30,Hyderabad,Telangana,2025-01-22,Budget,Referral
9444,Diya,Pandya,Female,20,Nagpur,Maharashtra,2025-07-19,Regular,Email
9445,Krish,Soni,Female,34,Hyderabad,Telangana,2024-07-04,Premium,Facebook
9446,Nisha,Gupta,Male,36,Jaipur,Rajasthan,2023-04-08,Budget,Instagram
9447,Tanya,Verma,Male,54,Mumbai,Maharashtra,2025-03-03,Budget,Referral
9448,Aanya,Kapoor,Male,22,Pune,Maharashtra,2024-02-26,Regular,YouTube
9449,Nisha,Thakkar,Female,59,Pune,Maharashtra,2023-03-21,Regular,YouTube
9450,Karan,Thakkar,Male,41,Chennai,Tamil Nadu,2023-10-15,Budget,Organic Search
9451,Isha,Verma,Female,60,Pune,Maharashtra,2025-04-26,Budget,YouTube
9452,Aanya,Patel,Female,50,Vadodara,Gujarat,2023-06-18,Budget,Facebook
9453,Yash,Parmar,Female,38,Indore,Madhya Pradesh,2023-03-12,Budget,Referral
9454,Kabir,Desai,Female,20,Surat,Gujarat,2023-09-20,Budget,Instagram
9455,Kavya,Mehta,Female,21,Bengaluru,Karnataka,2024-12-12,Regular,Facebook
9456,Vivaan,Mehta,Male,49,Vadodara,Gujarat,2024-12-23,Budget,Organic Search
9457,Karan,Thakkar,Male,41,Nagpur,Maharashtra,2024-06-13,Regular,Organic Search
9458,Arjun,Kumar,Female,52,Surat,Gujarat,2025-02-23,Budget,Facebook
9459,Aanya,Singh,Female,35,Vadodara,Gujarat,2023-07-29,Regular,YouTube
9460,Tanya,Reddy,Male,20,Nagpur,Maharashtra,2023-04-27,Regular,Instagram
9461,Rahul,Kapoor,Female,56,Indore,Madhya Pradesh,2024-09-07,Premium,Email
9462,Nisha,Pandya,Female,43,Mumbai,Maharashtra,2023-11-11,Budget,Google Ads
9463,Aryan,Gupta,Female,41,Kolkata,West Bengal,2023-01-11,Budget,Facebook
9464,Nisha,Malhotra,Female,18,Pune,Maharashtra,2025-12-10,Premium,Instagram
9465,Aryan,Mehta,Male,51,Lucknow,Uttar Pradesh,2025-10-27,Premium,Google Ads
9466,Krish,Kumar,Female,29,Bengaluru,Karnataka,2025-08-12,Budget,Google Ads
9467,Kabir,Singh,Male,34,Jaipur,Rajasthan,2023-09-18,Budget,Organic Search
9468,Meera,Pandya,Male,38,Mumbai,Maharashtra,2023-07-19,Premium,Email
9469,Aditya,Parmar,Male,38,Delhi,Delhi,2023-11-26,Budget,Email
9470,Aanya,Mishra,Male,20,Nagpur,Maharashtra,2023-03-31,Premium,Facebook
9471,Rohan,Desai,Female,45,Kolkata,West Bengal,2024-08-13,VIP,Facebook
9472,Krish,Mishra,Female,42,Rajkot,Gujarat,2023-02-24,Budget,Instagram
9473,Tanya,Soni,Female,23,Bengaluru,Karnataka,2023-04-02,Premium,Organic Search
9474,Arjun,Joshi,Male,59,Jaipur,Rajasthan,2023-02-25,Regular,Email
9475,Karan,Soni,Male,47,Surat,Gujarat,2023-03-02,Premium,Referral
9476,Riya,Kapoor,Male,49,Lucknow,Uttar Pradesh,2023-04-27,Regular,Organic Search
9477,Pooja,Mishra,Female,39,Vadodara,Gujarat,2024-08-12,Budget,Email
9478,Tanya,Kapoor,Female,55,Surat,Gujarat,2023-08-24,Regular,Referral
9479,Yash,Verma,Female,31,Surat,Gujarat,2023-02-02,Budget,Instagram
9480,Vivaan,Agarwal,Male,51,Surat,Gujarat,2025-02-24,Premium,Referral
9481,Ishaan,Mishra,Male,60,Jaipur,Rajasthan,2023-01-21,Regular,Email
9482,Krish,Malhotra,Female,43,Surat,Gujarat,2025-07-06,Budget,YouTube
9483,Kavya,Thakkar,Male,57,Jaipur,Rajasthan,2023-10-29,Budget,Google Ads
9484,Sneha,Shah,Male,30,Ahmedabad,Gujarat,2023-10-24,Premium,YouTube
9485,Diya,Patel,Female,47,Hyderabad,Telangana,2025-02-11,Regular,Google Ads
9486,Riya,Pandya,Male,36,Surat,Gujarat,2025-12-03,Premium,Referral
9487,Rahul,Thakkar,Male,59,Indore,Madhya Pradesh,2024-02-23,Budget,Instagram
9488,Sneha,Verma,Female,58,Lucknow,Uttar Pradesh,2023-03-03,Regular,Instagram
9489,Arjun,Mehta,Male,56,Hyderabad,Telangana,2025-05-07,Premium,Google Ads
9490,Ananya,Kapoor,Male,20,Indore,Madhya Pradesh,2024-06-21,Budget,Google Ads
9491,Neha,Gupta,Male,48,Kolkata,West Bengal,2024-11-26,Regular,Google Ads
9492,Pooja,Verma,Male,29,Chennai,Tamil Nadu,2025-03-28,Premium,Google Ads
9493,Aarav,Trivedi,Female,32,Chennai,Tamil Nadu,2025-11-25,Regular,Facebook
9494,Karan,Agarwal,Female,55,Nagpur,Maharashtra,2025-07-08,Regular,Email
9495,Pooja,Singh,Male,57,Mumbai,Maharashtra,2025-09-01,Premium,Email
9496,Yash,Singh,Female,31,Lucknow,Uttar Pradesh,2024-06-25,Regular,Instagram
9497,Dev,Desai,Female,52,Vadodara,Gujarat,2025-02-28,Premium,Facebook
9498,Rohan,Trivedi,Female,33,Rajkot,Gujarat,2023-02-02,Regular,Google Ads
9499,Yash,Agarwal,Male,41,Bengaluru,Karnataka,2024-08-03,Regular,Facebook
9500,Aanya,Malhotra,Male,34,Ahmedabad,Gujarat,2023-12-18,Budget,Google Ads
9501,Dev,Kapoor,Female,35,Vadodara,Gujarat,2023-09-12,Premium,Referral
9502,Rahul,Parmar,Female,59,Rajkot,Gujarat,2025-12-09,Premium,Email
9503,Tanya,Parmar,Female,34,Rajkot,Gujarat,2025-11-12,Budget,Google Ads
9504,Yash,Patel,Female,33,Lucknow,Uttar Pradesh,2023-09-30,Regular,Referral
9505,Karan,Kumar,Male,38,Chennai,Tamil Nadu,2024-11-23,Regular,Email
9506,Aanya,Parmar,Female,41,Bengaluru,Karnataka,2023-09-07,Regular,Google Ads
9507,Vivaan,Agarwal,Male,51,Jaipur,Rajasthan,2025-06-22,VIP,Referral
9508,Dev,Parmar,Male,53,Hyderabad,Telangana,2023-08-20,Budget,Organic Search
9509,Ananya,Shah,Male,60,Hyderabad,Telangana,2024-03-03,VIP,Instagram
9510,Yash,Thakkar,Male,44,Jaipur,Rajasthan,2025-08-14,Budget,Email
9511,Simran,Patel,Male,56,Lucknow,Uttar Pradesh,2024-09-25,Regular,Referral
9512,Isha,Gupta,Male,34,Kolkata,West Bengal,2023-08-30,Regular,Instagram
9513,Arjun,Mishra,Male,42,Hyderabad,Telangana,2023-05-14,Budget,Facebook
9514,Karan,Pandya,Female,55,Lucknow,Uttar Pradesh,2025-12-30,Regular,Organic Search
9515,Aryan,Agarwal,Male,59,Hyderabad,Telangana,2025-10-20,Premium,Google Ads
9516,Meera,Agarwal,Female,38,Hyderabad,Telangana,2023-08-07,Budget,Facebook
9517,Tanya,Singh,Female,21,Bengaluru,Karnataka,2024-11-27,Budget,Google Ads
9518,Nisha,Gupta,Female,42,Pune,Maharashtra,2023-11-03,Regular,Email
9519,Sneha,Kumar,Female,47,Delhi,Delhi,2023-11-10,Premium,Google Ads
9520,Karan,Parmar,Female,50,Jaipur,Rajasthan,2025-07-11,VIP,Referral
9521,Sneha,Singh,Male,56,Indore,Madhya Pradesh,2023-10-08,Budget,YouTube
9522,Vivaan,Mehta,Male,43,Nagpur,Maharashtra,2023-02-04,Premium,YouTube
9523,Rahul,Desai,Female,42,Rajkot,Gujarat,2023-03-11,Regular,YouTube
9524,Aanya,Mehta,Female,33,Mumbai,Maharashtra,2023-12-26,Budget,Instagram
9525,Rahul,Gupta,Female,41,Rajkot,Gujarat,2024-02-12,VIP,YouTube
9526,Raj,Mehta,Male,22,Chennai,Tamil Nadu,2024-08-02,Budget,Google Ads
9527,Simran,Pandya,Female,59,Ahmedabad,Gujarat,2024-06-02,Regular,Facebook
9528,Meera,Verma,Male,56,Surat,Gujarat,2024-08-28,Premium,Instagram
9529,Vivaan,Verma,Male,30,Vadodara,Gujarat,2023-03-22,Regular,Email
9530,Yash,Malhotra,Female,47,Chennai,Tamil Nadu,2023-09-07,Regular,Organic Search
9531,Ananya,Mishra,Male,24,Mumbai,Maharashtra,2025-11-27,Regular,Instagram
9532,Krish,Sharma,Male,34,Pune,Maharashtra,2023-02-14,Budget,Referral
9533,Rahul,Thakkar,Male,44,Ahmedabad,Gujarat,2023-05-17,Premium,Referral
9534,Aanya,Verma,Female,52,Pune,Maharashtra,2025-04-02,Premium,Facebook
9535,Rohan,Singh,Female,22,Rajkot,Gujarat,2025-09-05,Regular,Organic Search
9536,Aanya,Trivedi,Female,59,Bengaluru,Karnataka,2025-03-30,VIP,YouTube
9537,Aditya,Shah,Female,22,Ahmedabad,Gujarat,2024-01-02,Regular,Organic Search
9538,Aditya,Mishra,Female,41,Vadodara,Gujarat,2023-08-17,Regular,Facebook
9539,Kavya,Mishra,Female,24,Indore,Madhya Pradesh,2023-07-02,Regular,Instagram
9540,Kavya,Agarwal,Female,24,Ahmedabad,Gujarat,2024-04-11,Budget,Instagram
9541,Dev,Gupta,Female,31,Chennai,Tamil Nadu,2025-04-17,Premium,Instagram
9542,Meera,Singh,Male,32,Lucknow,Uttar Pradesh,2023-07-23,Premium,Facebook
9543,Aditya,Desai,Female,22,Delhi,Delhi,2025-09-01,Premium,Google Ads
9544,Yash,Joshi,Male,54,Surat,Gujarat,2024-09-14,Regular,Google Ads
9545,Diya,Patel,Male,21,Vadodara,Gujarat,2025-12-27,Premium,Referral
9546,Isha,Kumar,Female,47,Jaipur,Rajasthan,2025-05-18,Regular,YouTube
9547,Karan,Gupta,Male,37,Jaipur,Rajasthan,2024-07-03,Regular,Organic Search
9548,Raj,Desai,Male,43,Indore,Madhya Pradesh,2024-08-26,Premium,Referral
9549,Neha,Verma,Female,26,Vadodara,Gujarat,2025-01-24,Regular,Email
9550,Vivaan,Gupta,Male,47,Surat,Gujarat,2024-09-19,Regular,Facebook
9551,Arjun,Gupta,Female,39,Rajkot,Gujarat,2025-10-12,Budget,Google Ads
9552,Dev,Verma,Male,57,Jaipur,Rajasthan,2023-04-05,Premium,YouTube
9553,Karan,Reddy,Male,58,Ahmedabad,Gujarat,2024-11-15,Budget,Email
9554,Neha,Verma,Female,47,Vadodara,Gujarat,2025-03-07,Budget,YouTube
9555,Isha,Mehta,Male,37,Bengaluru,Karnataka,2024-01-04,Budget,YouTube
9556,Riya,Mishra,Male,45,Ahmedabad,Gujarat,2023-10-06,Regular,Referral
9557,Rahul,Thakkar,Female,24,Ahmedabad,Gujarat,2023-12-17,Budget,Referral
9558,Meera,Patel,Female,21,Indore,Madhya Pradesh,2024-02-10,Regular,Email
9559,Rohan,Trivedi,Male,45,Jaipur,Rajasthan,2024-03-21,Regular,Organic Search
9560,Dev,Agarwal,Male,52,Pune,Maharashtra,2023-11-19,Regular,Instagram
9561,Aryan,Parmar,Female,50,Ahmedabad,Gujarat,2024-09-21,Budget,Google Ads
9562,Nisha,Pandya,Male,24,Rajkot,Gujarat,2023-03-14,Budget,Organic Search
9563,Raj,Kapoor,Female,26,Delhi,Delhi,2024-06-01,Premium,Google Ads
9564,Meera,Patel,Female,51,Chennai,Tamil Nadu,2023-01-22,Regular,Email
9565,Priya,Mishra,Female,56,Indore,Madhya Pradesh,2023-06-28,Budget,Google Ads
9566,Neha,Soni,Male,59,Mumbai,Maharashtra,2024-12-08,VIP,Facebook
9567,Rahul,Trivedi,Male,51,Bengaluru,Karnataka,2025-07-26,Budget,Facebook
9568,Arjun,Malhotra,Male,30,Mumbai,Maharashtra,2025-10-15,Budget,Facebook
9569,Neha,Soni,Female,46,Jaipur,Rajasthan,2025-08-05,Regular,Email
9570,Nisha,Joshi,Male,52,Vadodara,Gujarat,2024-06-14,Budget,Referral
9571,Aditya,Sharma,Female,27,Jaipur,Rajasthan,2023-12-30,Budget,YouTube
9572,Aditya,Pandya,Male,47,Vadodara,Gujarat,2024-02-29,Premium,YouTube
9573,Arjun,Kumar,Female,43,Indore,Madhya Pradesh,2025-08-16,Budget,Instagram
9574,Pooja,Pandya,Female,52,Nagpur,Maharashtra,2025-12-07,Budget,Instagram
9575,Rohan,Joshi,Male,45,Lucknow,Uttar Pradesh,2024-11-02,Premium,Facebook
9576,Kabir,Mishra,Female,46,Nagpur,Maharashtra,2025-11-19,Regular,Facebook
9577,Diya,Pandya,Male,23,Lucknow,Uttar Pradesh,2025-10-09,Budget,Email
9578,Kavya,Patel,Male,20,Lucknow,Uttar Pradesh,2025-05-28,Regular,Facebook
9579,Aditya,Soni,Male,46,Chennai,Tamil Nadu,2025-08-04,Budget,Facebook
9580,Neha,Parmar,Male,19,Indore,Madhya Pradesh,2025-09-14,Regular,Facebook
9581,Yash,Mishra,Male,39,Chennai,Tamil Nadu,2023-06-01,Regular,Google Ads
9582,Pooja,Agarwal,Female,44,Mumbai,Maharashtra,2023-09-12,VIP,YouTube
9583,Kabir,Desai,Male,39,Vadodara,Gujarat,2024-12-03,Regular,Organic Search
9584,Raj,Verma,Female,27,Surat,Gujarat,2024-10-15,Premium,Google Ads
9585,Arjun,Agarwal,Male,36,Vadodara,Gujarat,2025-01-27,Budget,Referral
9586,Krish,Mishra,Female,41,Kolkata,West Bengal,2025-11-23,Regular,Facebook
9587,Krish,Parmar,Female,44,Ahmedabad,Gujarat,2023-07-06,Budget,Organic Search
9588,Raj,Patel,Male,53,Kolkata,West Bengal,2025-05-28,Regular,Facebook
9589,Nisha,Gupta,Female,60,Pune,Maharashtra,2024-11-03,Regular,Google Ads
9590,Rahul,Pandya,Male,34,Lucknow,Uttar Pradesh,2025-05-25,VIP,Google Ads
9591,Isha,Trivedi,Male,27,Bengaluru,Karnataka,2023-04-28,Premium,Email
9592,Arjun,Verma,Male,34,Surat,Gujarat,2025-12-17,Regular,Email
9593,Kabir,Malhotra,Female,27,Mumbai,Maharashtra,2025-11-07,Budget,Facebook
9594,Isha,Gupta,Female,27,Delhi,Delhi,2025-05-20,Regular,Google Ads
9595,Aditya,Trivedi,Female,55,Lucknow,Uttar Pradesh,2024-04-02,Premium,Referral
9596,Isha,Patel,Female,34,Lucknow,Uttar Pradesh,2024-12-06,Budget,Email
9597,Aryan,Desai,Male,43,Surat,Gujarat,2024-10-03,Regular,Organic Search
9598,Vivaan,Joshi,Male,43,Lucknow,Uttar Pradesh,2025-08-23,Budget,Instagram
9599,Pooja,Trivedi,Female,51,Mumbai,Maharashtra,2023-07-31,Budget,Google Ads
9600,Raj,Patel,Female,21,Rajkot,Gujarat,2024-04-30,Budget,YouTube
9601,Riya,Pandya,Male,44,Vadodara,Gujarat,2025-06-09,VIP,Organic Search
9602,Vivaan,Singh,Female,38,Bengaluru,Karnataka,2025-10-23,Budget,Instagram
9603,Riya,Singh,Male,53,Delhi,Delhi,2025-09-28,Budget,Instagram
9604,Tanya,Desai,Female,55,Pune,Maharashtra,2025-09-11,VIP,Organic Search
9605,Ishaan,Reddy,Female,48,Chennai,Tamil Nadu,2023-12-09,Regular,Referral
9606,Nisha,Trivedi,Female,24,Jaipur,Rajasthan,2025-12-16,Premium,Google Ads
9607,Simran,Mishra,Male,51,Pune,Maharashtra,2023-10-21,Regular,Organic Search
9608,Kavya,Soni,Male,35,Kolkata,West Bengal,2023-01-28,Regular,Referral
9609,Ananya,Agarwal,Female,41,Mumbai,Maharashtra,2025-05-08,Budget,Organic Search
9610,Ishaan,Singh,Female,30,Hyderabad,Telangana,2024-07-26,Regular,Facebook
9611,Sneha,Patel,Female,30,Kolkata,West Bengal,2025-07-16,Regular,YouTube
9612,Aditya,Patel,Female,42,Jaipur,Rajasthan,2025-11-21,Regular,Email
9613,Aditya,Sharma,Female,22,Rajkot,Gujarat,2024-02-01,Regular,Referral
9614,Tanya,Desai,Female,56,Bengaluru,Karnataka,2025-11-06,Premium,Email
9615,Simran,Shah,Female,46,Bengaluru,Karnataka,2024-08-23,Regular,Facebook
9616,Yash,Reddy,Female,50,Chennai,Tamil Nadu,2025-12-11,Regular,YouTube
9617,Neha,Mishra,Male,41,Lucknow,Uttar Pradesh,2024-01-05,Budget,Referral
9618,Rohan,Reddy,Male,27,Bengaluru,Karnataka,2023-06-13,Premium,YouTube
9619,Riya,Thakkar,Male,42,Pune,Maharashtra,2024-03-25,Regular,Instagram
9620,Karan,Gupta,Male,58,Nagpur,Maharashtra,2024-06-27,Regular,Instagram
9621,Karan,Singh,Female,27,Nagpur,Maharashtra,2024-12-10,Regular,YouTube
9622,Raj,Trivedi,Male,56,Mumbai,Maharashtra,2023-12-17,Premium,Referral
9623,Aryan,Pandya,Male,33,Mumbai,Maharashtra,2024-01-14,Premium,Referral
9624,Pooja,Verma,Female,45,Rajkot,Gujarat,2023-07-20,Budget,Referral
9625,Priya,Sharma,Male,29,Indore,Madhya Pradesh,2024-05-19,Premium,Google Ads
9626,Raj,Gupta,Male,49,Surat,Gujarat,2025-10-08,Budget,Referral
9627,Yash,Singh,Male,46,Pune,Maharashtra,2025-11-17,Budget,Google Ads
9628,Raj,Reddy,Male,44,Vadodara,Gujarat,2023-12-03,Premium,Google Ads
9629,Neha,Malhotra,Male,43,Surat,Gujarat,2023-10-14,Budget,YouTube
9630,Dev,Malhotra,Female,20,Surat,Gujarat,2024-09-22,Budget,Email
9631,Aarav,Parmar,Female,43,Lucknow,Uttar Pradesh,2025-11-20,Regular,Google Ads
9632,Pooja,Parmar,Female,56,Nagpur,Maharashtra,2024-10-27,Premium,Email
9633,Kabir,Shah,Male,18,Mumbai,Maharashtra,2023-04-17,Budget,Google Ads
9634,Kavya,Reddy,Male,52,Vadodara,Gujarat,2024-05-20,Budget,YouTube
9635,Diya,Patel,Male,44,Hyderabad,Telangana,2023-04-27,Budget,Google Ads
9636,Raj,Malhotra,Female,21,Vadodara,Gujarat,2023-03-20,Budget,Referral
9637,Aditya,Trivedi,Male,36,Nagpur,Maharashtra,2025-01-10,Budget,Email
9638,Aditya,Sharma,Male,39,Hyderabad,Telangana,2023-01-23,Premium,Facebook
9639,Neha,Desai,Male,23,Vadodara,Gujarat,2023-12-27,Budget,Referral
9640,Rohan,Reddy,Male,26,Kolkata,West Bengal,2024-11-30,Regular,Email
9641,Simran,Thakkar,Female,28,Nagpur,Maharashtra,2023-08-05,Premium,Facebook
9642,Ishaan,Shah,Female,39,Vadodara,Gujarat,2025-09-16,Regular,Referral
9643,Karan,Kapoor,Male,26,Ahmedabad,Gujarat,2024-12-07,Budget,Email
9644,Priya,Parmar,Female,46,Chennai,Tamil Nadu,2024-09-19,Regular,Referral
9645,Neha,Joshi,Female,60,Vadodara,Gujarat,2024-07-20,Premium,Referral
9646,Dev,Shah,Female,27,Nagpur,Maharashtra,2024-03-18,Regular,Organic Search
9647,Dev,Shah,Male,51,Chennai,Tamil Nadu,2024-04-03,Regular,Organic Search
9648,Riya,Desai,Female,48,Jaipur,Rajasthan,2023-05-24,Budget,Google Ads
9649,Vivaan,Joshi,Female,39,Bengaluru,Karnataka,2023-11-10,Regular,Google Ads
9650,Aditya,Patel,Male,21,Nagpur,Maharashtra,2025-05-24,Budget,Email
9651,Kabir,Joshi,Female,19,Chennai,Tamil Nadu,2024-12-29,Regular,Google Ads
9652,Ishaan,Gupta,Female,22,Vadodara,Gujarat,2024-09-30,Regular,Google Ads
9653,Raj,Thakkar,Female,32,Lucknow,Uttar Pradesh,2024-04-18,Regular,YouTube
9654,Karan,Malhotra,Male,36,Hyderabad,Telangana,2024-11-15,Regular,Instagram
9655,Raj,Mishra,Male,55,Bengaluru,Karnataka,2024-08-28,Budget,Instagram
9656,Vivaan,Reddy,Female,32,Surat,Gujarat,2025-06-20,Regular,Referral
9657,Rahul,Joshi,Male,25,Vadodara,Gujarat,2023-10-02,Regular,Organic Search
9658,Aryan,Patel,Male,37,Kolkata,West Bengal,2025-01-21,Regular,Email
9659,Riya,Parmar,Male,29,Delhi,Delhi,2023-08-05,Budget,Instagram
9660,Pooja,Pandya,Female,21,Kolkata,West Bengal,2024-11-06,Regular,Facebook
9661,Vivaan,Singh,Female,55,Lucknow,Uttar Pradesh,2024-12-10,Regular,Email
9662,Aanya,Mishra,Male,60,Pune,Maharashtra,2025-07-11,Regular,Email
9663,Diya,Reddy,Female,56,Bengaluru,Karnataka,2024-02-12,Regular,Facebook
9664,Pooja,Patel,Male,53,Delhi,Delhi,2023-05-28,Budget,Instagram
9665,Yash,Malhotra,Male,32,Nagpur,Maharashtra,2024-05-17,Regular,Facebook
9666,Karan,Kapoor,Female,18,Indore,Madhya Pradesh,2023-08-20,Regular,Google Ads
9667,Karan,Singh,Male,48,Vadodara,Gujarat,2024-05-12,Regular,Email
9668,Isha,Verma,Male,26,Surat,Gujarat,2024-02-27,Regular,YouTube
9669,Raj,Malhotra,Male,40,Chennai,Tamil Nadu,2023-09-04,Budget,Organic Search
9670,Ishaan,Mishra,Male,43,Lucknow,Uttar Pradesh,2023-04-15,Budget,Facebook
9671,Rahul,Verma,Female,57,Chennai,Tamil Nadu,2023-08-22,Regular,Organic Search
9672,Sneha,Kapoor,Male,56,Lucknow,Uttar Pradesh,2024-04-19,Regular,Email
9673,Nisha,Shah,Female,35,Hyderabad,Telangana,2025-09-30,Regular,Referral
9674,Krish,Mishra,Male,50,Delhi,Delhi,2025-01-28,Premium,Referral
9675,Rahul,Verma,Female,58,Jaipur,Rajasthan,2025-05-24,Premium,Organic Search
9676,Rahul,Pandya,Male,56,Indore,Madhya Pradesh,2023-04-22,Budget,Email
9677,Vivaan,Gupta,Male,31,Rajkot,Gujarat,2023-01-23,Regular,Facebook
9678,Kavya,Mishra,Female,18,Nagpur,Maharashtra,2025-07-25,Regular,Organic Search
9679,Riya,Mehta,Female,30,Mumbai,Maharashtra,2023-11-11,Regular,YouTube
9680,Pooja,Pandya,Male,32,Delhi,Delhi,2023-07-21,VIP,Email
9681,Ananya,Singh,Male,54,Indore,Madhya Pradesh,2024-09-09,Regular,Google Ads
9682,Tanya,Joshi,Male,22,Ahmedabad,Gujarat,2024-08-28,Regular,Google Ads
9683,Isha,Desai,Male,31,Chennai,Tamil Nadu,2025-09-21,VIP,Organic Search
9684,Kabir,Verma,Male,31,Mumbai,Maharashtra,2023-01-25,Budget,Google Ads
9685,Rohan,Sharma,Female,22,Surat,Gujarat,2024-10-18,Budget,YouTube
9686,Isha,Pandya,Female,28,Kolkata,West Bengal,2024-06-14,Regular,Instagram
9687,Riya,Kapoor,Male,49,Jaipur,Rajasthan,2023-02-15,Budget,Google Ads
9688,Aarav,Malhotra,Female,22,Vadodara,Gujarat,2025-11-24,Budget,Organic Search
9689,Kavya,Singh,Female,53,Rajkot,Gujarat,2023-07-21,VIP,Organic Search
9690,Aanya,Reddy,Male,32,Indore,Madhya Pradesh,2023-12-31,VIP,Facebook
9691,Ananya,Sharma,Female,24,Mumbai,Maharashtra,2024-04-14,Regular,Instagram
9692,Rohan,Sharma,Male,22,Hyderabad,Telangana,2025-02-15,Premium,Facebook
9693,Karan,Kumar,Female,47,Rajkot,Gujarat,2024-02-20,Budget,YouTube
9694,Aanya,Mishra,Female,32,Nagpur,Maharashtra,2024-11-29,Regular,Google Ads
9695,Rahul,Malhotra,Female,47,Ahmedabad,Gujarat,2025-03-20,Budget,Email
9696,Kavya,Pandya,Female,31,Kolkata,West Bengal,2023-07-09,Regular,Organic Search
9697,Priya,Sharma,Female,41,Pune,Maharashtra,2023-12-15,Regular,Google Ads
9698,Rohan,Desai,Male,41,Jaipur,Rajasthan,2024-01-08,Regular,YouTube
9699,Meera,Kumar,Female,52,Delhi,Delhi,2025-09-11,Budget,Google Ads
9700,Dev,Verma,Male,22,Mumbai,Maharashtra,2025-09-13,Budget,Organic Search
9701,Ananya,Soni,Female,29,Chennai,Tamil Nadu,2023-04-21,Regular,Google Ads
9702,Dev,Shah,Female,37,Rajkot,Gujarat,2024-10-07,Regular,Google Ads
9703,Nisha,Verma,Female,22,Chennai,Tamil Nadu,2025-11-02,Regular,YouTube
9704,Diya,Verma,Male,53,Lucknow,Uttar Pradesh,2024-06-06,Budget,Google Ads
9705,Yash,Thakkar,Female,38,Surat,Gujarat,2023-07-16,Premium,Referral
9706,Aanya,Mehta,Female,56,Nagpur,Maharashtra,2023-02-24,Budget,Email
9707,Sneha,Joshi,Male,20,Pune,Maharashtra,2023-07-02,Regular,Organic Search
9708,Aarav,Mehta,Male,46,Chennai,Tamil Nadu,2025-11-08,Budget,Organic Search
9709,Diya,Malhotra,Male,42,Vadodara,Gujarat,2023-12-29,Regular,Email
9710,Kavya,Kapoor,Female,44,Hyderabad,Telangana,2024-04-17,Regular,Instagram
9711,Rahul,Malhotra,Female,53,Jaipur,Rajasthan,2023-01-09,Premium,Instagram
9712,Aditya,Trivedi,Female,39,Vadodara,Gujarat,2024-10-21,Regular,Instagram
9713,Vivaan,Pandya,Female,55,Delhi,Delhi,2023-01-25,Budget,Instagram
9714,Tanya,Patel,Male,52,Bengaluru,Karnataka,2025-12-16,Premium,Email
9715,Vivaan,Reddy,Male,18,Jaipur,Rajasthan,2025-04-03,Regular,Instagram
9716,Raj,Agarwal,Female,20,Surat,Gujarat,2023-03-09,Premium,Facebook
9717,Aryan,Parmar,Male,41,Indore,Madhya Pradesh,2025-10-21,Premium,Referral
9718,Diya,Patel,Male,25,Lucknow,Uttar Pradesh,2023-02-17,Regular,YouTube
9719,Nisha,Kapoor,Male,56,Nagpur,Maharashtra,2025-08-02,VIP,Referral
9720,Rohan,Kumar,Female,35,Kolkata,West Bengal,2025-12-07,Regular,YouTube
9721,Sneha,Mishra,Male,58,Surat,Gujarat,2023-12-21,Regular,Email
9722,Tanya,Sharma,Female,20,Hyderabad,Telangana,2025-10-06,Regular,YouTube
9723,Priya,Singh,Female,35,Vadodara,Gujarat,2024-03-12,Regular,YouTube
9724,Karan,Shah,Female,33,Delhi,Delhi,2024-11-30,Regular,Organic Search
9725,Raj,Parmar,Male,49,Vadodara,Gujarat,2024-09-17,Premium,Google Ads
9726,Riya,Pandya,Male,18,Jaipur,Rajasthan,2023-03-31,Regular,Instagram
9727,Neha,Desai,Male,43,Jaipur,Rajasthan,2024-01-04,Regular,Organic Search
9728,Nisha,Patel,Male,29,Rajkot,Gujarat,2025-07-27,Regular,Instagram
9729,Simran,Mehta,Female,55,Hyderabad,Telangana,2025-08-12,Budget,Organic Search
9730,Raj,Kapoor,Female,38,Mumbai,Maharashtra,2024-05-14,Budget,Organic Search
9731,Nisha,Verma,Female,58,Chennai,Tamil Nadu,2024-12-04,Budget,Google Ads
9732,Simran,Agarwal,Male,30,Nagpur,Maharashtra,2023-05-13,Regular,Email
9733,Karan,Thakkar,Male,29,Jaipur,Rajasthan,2023-06-21,Premium,Facebook
9734,Dev,Pandya,Male,30,Jaipur,Rajasthan,2025-02-01,Regular,Email
9735,Ananya,Desai,Female,35,Delhi,Delhi,2024-03-16,VIP,Facebook
9736,Priya,Kapoor,Female,36,Mumbai,Maharashtra,2025-09-11,Budget,Facebook
9737,Nisha,Mehta,Male,36,Vadodara,Gujarat,2023-04-22,Regular,Organic Search
9738,Rahul,Agarwal,Female,23,Pune,Maharashtra,2025-11-29,Regular,Google Ads
9739,Rohan,Shah,Female,24,Rajkot,Gujarat,2023-04-12,Budget,Email
9740,Sneha,Reddy,Male,24,Surat,Gujarat,2023-12-07,Premium,Instagram
9741,Tanya,Kapoor,Male,45,Lucknow,Uttar Pradesh,2025-07-08,Budget,Organic Search
9742,Vivaan,Thakkar,Female,45,Chennai,Tamil Nadu,2025-03-24,Budget,Referral
9743,Priya,Thakkar,Male,36,Delhi,Delhi,2023-07-15,Regular,Email
9744,Ananya,Gupta,Female,33,Vadodara,Gujarat,2024-05-19,Premium,Email
9745,Simran,Sharma,Male,34,Bengaluru,Karnataka,2025-12-30,Regular,Referral
9746,Diya,Kapoor,Female,39,Surat,Gujarat,2023-08-07,Budget,Facebook
9747,Meera,Joshi,Male,36,Mumbai,Maharashtra,2023-06-14,Budget,Facebook
9748,Aryan,Pandya,Male,46,Vadodara,Gujarat,2024-01-16,Budget,Instagram
9749,Kavya,Gupta,Male,36,Vadodara,Gujarat,2024-01-04,Budget,Referral
9750,Simran,Sharma,Female,52,Rajkot,Gujarat,2023-01-08,Premium,Referral
9751,Meera,Gupta,Female,42,Indore,Madhya Pradesh,2024-03-23,Premium,Instagram
9752,Karan,Parmar,Male,37,Nagpur,Maharashtra,2023-02-03,VIP,Referral
9753,Arjun,Trivedi,Female,54,Indore,Madhya Pradesh,2024-05-11,Premium,Facebook
9754,Aditya,Reddy,Female,36,Surat,Gujarat,2025-05-13,Premium,Email
9755,Neha,Desai,Male,59,Lucknow,Uttar Pradesh,2023-01-22,Premium,Facebook
9756,Riya,Pandya,Male,30,Vadodara,Gujarat,2024-10-24,VIP,YouTube
9757,Ishaan,Verma,Male,29,Lucknow,Uttar Pradesh,2024-08-12,Premium,YouTube
9758,Aarav,Malhotra,Female,32,Mumbai,Maharashtra,2024-11-07,Regular,Facebook
9759,Rahul,Mehta,Male,21,Chennai,Tamil Nadu,2023-09-28,Regular,Instagram
9760,Simran,Patel,Female,32,Mumbai,Maharashtra,2023-01-01,Regular,Facebook
9761,Ishaan,Gupta,Female,34,Ahmedabad,Gujarat,2023-10-14,Regular,Email
9762,Nisha,Verma,Female,44,Bengaluru,Karnataka,2025-07-27,Regular,YouTube
9763,Aarav,Parmar,Male,28,Nagpur,Maharashtra,2025-05-03,Regular,Google Ads
9764,Priya,Patel,Male,40,Indore,Madhya Pradesh,2023-02-19,Regular,Instagram
9765,Karan,Kapoor,Female,32,Hyderabad,Telangana,2024-09-08,Budget,Google Ads
9766,Rahul,Patel,Female,48,Surat,Gujarat,2023-07-09,Budget,Instagram
9767,Krish,Patel,Male,43,Surat,Gujarat,2025-12-02,Premium,Google Ads
9768,Vivaan,Sharma,Male,24,Bengaluru,Karnataka,2025-01-29,Regular,Google Ads
9769,Nisha,Reddy,Male,30,Ahmedabad,Gujarat,2023-03-07,Regular,Referral
9770,Arjun,Desai,Male,30,Ahmedabad,Gujarat,2024-01-31,Premium,Organic Search
9771,Ishaan,Pandya,Male,37,Jaipur,Rajasthan,2023-05-08,Budget,Facebook
9772,Ananya,Parmar,Male,51,Ahmedabad,Gujarat,2024-11-27,Regular,Instagram
9773,Aanya,Thakkar,Male,27,Chennai,Tamil Nadu,2023-07-07,Budget,Referral
9774,Nisha,Mishra,Male,54,Rajkot,Gujarat,2024-07-31,Premium,YouTube
9775,Aarav,Soni,Male,44,Vadodara,Gujarat,2025-04-20,Regular,Google Ads
9776,Aditya,Patel,Female,51,Vadodara,Gujarat,2025-01-31,Regular,Facebook
9777,Aditya,Verma,Male,53,Vadodara,Gujarat,2024-10-28,Premium,Email
9778,Tanya,Thakkar,Male,33,Nagpur,Maharashtra,2025-07-21,Premium,Instagram
9779,Karan,Gupta,Female,38,Indore,Madhya Pradesh,2023-03-20,Regular,Instagram
9780,Aarav,Parmar,Male,33,Chennai,Tamil Nadu,2025-11-08,Premium,YouTube
9781,Pooja,Agarwal,Male,34,Ahmedabad,Gujarat,2023-02-14,Regular,Google Ads
9782,Ishaan,Thakkar,Female,32,Ahmedabad,Gujarat,2023-05-09,Regular,Facebook
9783,Rahul,Singh,Male,30,Hyderabad,Telangana,2024-09-09,Regular,Google Ads
9784,Riya,Desai,Female,50,Kolkata,West Bengal,2025-02-01,Budget,Facebook
9785,Aditya,Agarwal,Female,22,Chennai,Tamil Nadu,2025-03-03,Budget,YouTube
9786,Meera,Singh,Male,44,Hyderabad,Telangana,2024-02-01,Premium,Google Ads
9787,Vivaan,Mishra,Female,18,Surat,Gujarat,2023-10-02,Budget,Email
9788,Aanya,Gupta,Female,47,Delhi,Delhi,2023-05-18,Regular,YouTube
9789,Yash,Sharma,Female,40,Indore,Madhya Pradesh,2025-02-21,Budget,YouTube
9790,Dev,Parmar,Female,32,Vadodara,Gujarat,2023-08-03,Regular,Instagram
9791,Rohan,Thakkar,Male,53,Rajkot,Gujarat,2023-08-16,Regular,Facebook
9792,Aryan,Parmar,Female,36,Chennai,Tamil Nadu,2023-04-17,Premium,Referral
9793,Vivaan,Thakkar,Female,47,Hyderabad,Telangana,2023-06-08,VIP,Google Ads
9794,Vivaan,Thakkar,Male,33,Kolkata,West Bengal,2023-01-30,Premium,Facebook
9795,Tanya,Reddy,Female,35,Bengaluru,Karnataka,2024-08-31,Regular,YouTube
9796,Rahul,Mishra,Male,43,Jaipur,Rajasthan,2025-02-07,VIP,Google Ads
9797,Dev,Parmar,Female,34,Nagpur,Maharashtra,2025-02-22,Regular,Email
9798,Aanya,Singh,Male,28,Ahmedabad,Gujarat,2025-05-31,Regular,Facebook
9799,Yash,Sharma,Female,46,Vadodara,Gujarat,2025-07-11,Budget,Facebook
9800,Arjun,Joshi,Male,26,Lucknow,Uttar Pradesh,2023-12-08,Premium,Email
9801,Kavya,Trivedi,Female,34,Chennai,Tamil Nadu,2023-06-17,Budget,Referral
9802,Priya,Pandya,Male,44,Jaipur,Rajasthan,2024-11-14,Regular,Referral
9803,Isha,Kumar,Male,54,Surat,Gujarat,2024-09-23,Premium,YouTube
9804,Ananya,Malhotra,Male,39,Indore,Madhya Pradesh,2024-03-07,Regular,Referral
9805,Rahul,Sharma,Male,25,Ahmedabad,Gujarat,2023-02-08,Budget,Facebook
9806,Diya,Pandya,Male,20,Surat,Gujarat,2025-09-06,Regular,Instagram
9807,Isha,Desai,Female,55,Delhi,Delhi,2024-01-22,Premium,Instagram
9808,Aditya,Pandya,Female,52,Chennai,Tamil Nadu,2025-02-07,Budget,Google Ads
9809,Dev,Agarwal,Male,49,Jaipur,Rajasthan,2025-03-01,Regular,Email
9810,Rohan,Patel,Male,25,Indore,Madhya Pradesh,2025-01-11,Premium,YouTube
9811,Krish,Thakkar,Female,44,Ahmedabad,Gujarat,2024-02-05,VIP,Instagram
9812,Simran,Shah,Female,49,Hyderabad,Telangana,2023-04-12,Regular,Google Ads
9813,Priya,Kumar,Male,53,Rajkot,Gujarat,2024-10-16,Budget,Organic Search
9814,Raj,Soni,Female,51,Indore,Madhya Pradesh,2025-06-21,Regular,Google Ads
9815,Simran,Joshi,Male,42,Mumbai,Maharashtra,2025-01-21,Regular,Referral
9816,Rahul,Agarwal,Male,48,Pune,Maharashtra,2023-03-28,Premium,Facebook
9817,Yash,Shah,Male,59,Nagpur,Maharashtra,2025-05-08,Premium,YouTube
9818,Simran,Thakkar,Female,30,Indore,Madhya Pradesh,2023-11-15,Premium,Organic Search
9819,Kabir,Kapoor,Male,32,Chennai,Tamil Nadu,2025-08-24,Regular,Organic Search
9820,Rohan,Mehta,Female,30,Indore,Madhya Pradesh,2025-06-05,Regular,Organic Search
9821,Ananya,Patel,Female,50,Chennai,Tamil Nadu,2024-09-24,Budget,Organic Search
9822,Nisha,Joshi,Female,48,Surat,Gujarat,2024-10-13,Regular,Referral
9823,Diya,Trivedi,Female,42,Chennai,Tamil Nadu,2025-08-07,Premium,Referral
9824,Aarav,Pandya,Male,57,Vadodara,Gujarat,2023-08-28,Regular,Organic Search
9825,Diya,Shah,Male,40,Bengaluru,Karnataka,2023-05-23,Regular,Instagram
9826,Rohan,Malhotra,Female,55,Vadodara,Gujarat,2025-08-11,Budget,Email
9827,Aditya,Gupta,Male,20,Hyderabad,Telangana,2023-04-29,Budget,Referral
9828,Riya,Joshi,Female,33,Rajkot,Gujarat,2024-08-18,Regular,Facebook
9829,Ananya,Mishra,Male,19,Surat,Gujarat,2023-06-12,Premium,Instagram
9830,Raj,Thakkar,Male,40,Hyderabad,Telangana,2024-10-15,Budget,Google Ads
9831,Neha,Singh,Male,51,Chennai,Tamil Nadu,2023-12-16,Budget,Referral
9832,Diya,Soni,Male,47,Jaipur,Rajasthan,2023-01-31,Regular,Email
9833,Sneha,Kapoor,Male,27,Hyderabad,Telangana,2024-04-02,Budget,Google Ads
9834,Ishaan,Reddy,Male,18,Vadodara,Gujarat,2023-04-01,Budget,Referral
9835,Priya,Kumar,Female,39,Surat,Gujarat,2023-05-08,Budget,Facebook
9836,Vivaan,Sharma,Male,50,Ahmedabad,Gujarat,2025-02-17,Regular,Email
9837,Kavya,Trivedi,Male,42,Kolkata,West Bengal,2025-08-27,Regular,Email
9838,Nisha,Pandya,Male,39,Mumbai,Maharashtra,2025-04-27,Premium,Facebook
9839,Rahul,Sharma,Female,33,Delhi,Delhi,2025-03-02,Regular,Organic Search
9840,Simran,Soni,Male,47,Vadodara,Gujarat,2024-05-23,Regular,Google Ads
9841,Simran,Desai,Male,35,Pune,Maharashtra,2025-07-24,Budget,Referral
9842,Nisha,Kumar,Male,41,Hyderabad,Telangana,2025-01-14,Regular,Email
9843,Rahul,Reddy,Female,22,Chennai,Tamil Nadu,2025-01-09,Regular,YouTube
9844,Krish,Agarwal,Male,54,Vadodara,Gujarat,2023-08-25,Budget,YouTube
9845,Pooja,Thakkar,Female,40,Bengaluru,Karnataka,2025-10-09,Regular,Referral
9846,Ishaan,Thakkar,Female,59,Delhi,Delhi,2025-09-03,Budget,Google Ads
9847,Kabir,Kumar,Male,44,Jaipur,Rajasthan,2025-10-19,Regular,Email
9848,Kabir,Agarwal,Male,29,Bengaluru,Karnataka,2025-12-10,Regular,Organic Search
9849,Aarav,Reddy,Female,27,Jaipur,Rajasthan,2024-04-13,Regular,Google Ads
9850,Priya,Verma,Female,51,Jaipur,Rajasthan,2024-01-23,Premium,YouTube
9851,Karan,Mehta,Male,50,Rajkot,Gujarat,2025-12-21,Premium,Email
9852,Rahul,Patel,Male,33,Vadodara,Gujarat,2025-01-05,Premium,Email
9853,Priya,Desai,Female,46,Indore,Madhya Pradesh,2024-10-15,Premium,Referral
9854,Kabir,Agarwal,Female,35,Delhi,Delhi,2023-02-10,Budget,Referral
9855,Meera,Soni,Female,44,Delhi,Delhi,2025-08-10,Regular,Referral
9856,Kavya,Malhotra,Female,24,Lucknow,Uttar Pradesh,2025-03-19,Budget,Referral
9857,Priya,Kapoor,Male,53,Indore,Madhya Pradesh,2024-01-17,Budget,Google Ads
9858,Neha,Patel,Female,44,Rajkot,Gujarat,2023-04-06,Regular,Organic Search
9859,Riya,Soni,Male,27,Lucknow,Uttar Pradesh,2025-06-30,Premium,Email
9860,Kabir,Pandya,Female,27,Kolkata,West Bengal,2025-02-25,Regular,Google Ads
9861,Simran,Kapoor,Female,28,Ahmedabad,Gujarat,2023-10-20,Regular,Organic Search
9862,Krish,Pandya,Male,47,Hyderabad,Telangana,2023-12-07,Regular,Instagram
9863,Aanya,Patel,Male,20,Hyderabad,Telangana,2024-12-19,Regular,Organic Search
9864,Pooja,Shah,Male,46,Jaipur,Rajasthan,2025-08-14,Premium,Instagram
9865,Diya,Soni,Male,31,Mumbai,Maharashtra,2024-06-21,Regular,Organic Search
9866,Aryan,Patel,Female,30,Indore,Madhya Pradesh,2025-05-21,Premium,Organic Search
9867,Ananya,Gupta,Male,36,Kolkata,West Bengal,2025-08-17,Budget,YouTube
9868,Simran,Gupta,Male,42,Chennai,Tamil Nadu,2024-01-16,Premium,YouTube
9869,Dev,Agarwal,Male,27,Mumbai,Maharashtra,2025-05-08,Budget,Facebook
9870,Kavya,Kumar,Female,32,Ahmedabad,Gujarat,2024-08-21,Regular,Instagram
9871,Diya,Desai,Female,45,Bengaluru,Karnataka,2025-07-18,VIP,Organic Search
9872,Arjun,Reddy,Male,57,Mumbai,Maharashtra,2025-11-12,Regular,Organic Search
9873,Riya,Mehta,Female,55,Delhi,Delhi,2025-01-31,Regular,Instagram
9874,Raj,Reddy,Female,24,Indore,Madhya Pradesh,2023-12-30,Regular,Organic Search
9875,Kavya,Shah,Male,31,Nagpur,Maharashtra,2024-07-19,Budget,Referral
9876,Rohan,Gupta,Female,47,Mumbai,Maharashtra,2025-08-26,Budget,Referral
9877,Kavya,Soni,Male,57,Indore,Madhya Pradesh,2025-04-06,Budget,Facebook
9878,Karan,Desai,Male,29,Jaipur,Rajasthan,2024-05-19,Budget,Google Ads
9879,Sneha,Kumar,Male,45,Bengaluru,Karnataka,2023-08-06,Premium,Instagram
9880,Aryan,Mehta,Female,31,Ahmedabad,Gujarat,2024-04-26,Premium,Referral
9881,Kabir,Parmar,Male,18,Kolkata,West Bengal,2025-07-25,Regular,Instagram
9882,Diya,Singh,Female,21,Bengaluru,Karnataka,2025-01-18,Premium,Organic Search
9883,Rahul,Thakkar,Female,35,Indore,Madhya Pradesh,2025-04-15,Budget,YouTube
9884,Tanya,Desai,Female,53,Surat,Gujarat,2024-05-03,Budget,Facebook
9885,Diya,Shah,Female,49,Rajkot,Gujarat,2025-03-10,Premium,Facebook
9886,Rahul,Verma,Male,45,Rajkot,Gujarat,2023-07-30,Regular,YouTube
9887,Krish,Verma,Male,45,Kolkata,West Bengal,2024-10-27,Budget,Organic Search
9888,Priya,Desai,Female,55,Kolkata,West Bengal,2023-09-16,Regular,Instagram
9889,Aarav,Trivedi,Male,49,Jaipur,Rajasthan,2024-01-07,VIP,Email
9890,Pooja,Thakkar,Female,25,Indore,Madhya Pradesh,2025-09-18,Regular,Facebook
9891,Aryan,Shah,Female,42,Vadodara,Gujarat,2023-03-29,Budget,Instagram
9892,Pooja,Malhotra,Male,37,Surat,Gujarat,2024-02-04,Regular,Google Ads
9893,Nisha,Mishra,Female,50,Chennai,Tamil Nadu,2023-11-05,Regular,Organic Search
9894,Neha,Mehta,Male,47,Bengaluru,Karnataka,2023-01-04,Regular,Facebook
9895,Raj,Patel,Female,54,Vadodara,Gujarat,2023-08-14,Premium,YouTube
9896,Simran,Mehta,Female,33,Vadodara,Gujarat,2023-12-05,Premium,Organic Search
9897,Meera,Gupta,Female,42,Indore,Madhya Pradesh,2023-02-27,Premium,Facebook
9898,Isha,Agarwal,Female,55,Mumbai,Maharashtra,2024-07-09,Regular,YouTube
9899,Ishaan,Mishra,Male,59,Hyderabad,Telangana,2025-07-07,Regular,Google Ads
9900,Tanya,Thakkar,Female,27,Nagpur,Maharashtra,2024-06-07,Regular,Instagram
9901,Tanya,Pandya,Female,22,Bengaluru,Karnataka,2024-06-09,Regular,YouTube
9902,Kabir,Reddy,Male,25,Nagpur,Maharashtra,2025-12-04,Budget,YouTube
9903,Sneha,Reddy,Female,50,Nagpur,Maharashtra,2023-01-24,Regular,Referral
9904,Rohan,Shah,Female,54,Hyderabad,Telangana,2025-02-01,Budget,Google Ads
9905,Dev,Soni,Female,18,Kolkata,West Bengal,2023-08-30,Premium,Email
9906,Karan,Verma,Female,48,Delhi,Delhi,2023-07-22,Regular,Facebook
9907,Dev,Trivedi,Female,24,Ahmedabad,Gujarat,2023-08-25,Premium,Organic Search
9908,Arjun,Soni,Female,40,Pune,Maharashtra,2025-08-08,Regular,Referral
9909,Aryan,Sharma,Male,41,Vadodara,Gujarat,2025-10-18,Premium,Email
9910,Nisha,Gupta,Female,31,Nagpur,Maharashtra,2023-10-21,Budget,Facebook
9911,Simran,Trivedi,Male,40,Delhi,Delhi,2023-07-29,Premium,Google Ads
9912,Krish,Singh,Female,26,Hyderabad,Telangana,2025-02-26,Budget,Google Ads
9913,Vivaan,Parmar,Male,25,Nagpur,Maharashtra,2025-10-22,Regular,Email
9914,Pooja,Sharma,Male,25,Delhi,Delhi,2023-08-17,Budget,Google Ads
9915,Aryan,Sharma,Male,20,Ahmedabad,Gujarat,2024-02-14,Regular,Instagram
9916,Priya,Verma,Male,49,Jaipur,Rajasthan,2025-02-08,Premium,Email
9917,Nisha,Verma,Female,21,Pune,Maharashtra,2025-08-20,Premium,YouTube
9918,Aarav,Agarwal,Female,55,Lucknow,Uttar Pradesh,2024-04-02,Budget,YouTube
9919,Sneha,Reddy,Female,19,Nagpur,Maharashtra,2024-07-07,Regular,Google Ads
9920,Dev,Malhotra,Male,26,Lucknow,Uttar Pradesh,2023-08-01,Premium,Google Ads
9921,Dev,Verma,Male,18,Mumbai,Maharashtra,2024-01-21,Regular,Facebook
9922,Riya,Gupta,Male,28,Mumbai,Maharashtra,2024-06-11,Budget,Organic Search
9923,Pooja,Mehta,Male,46,Rajkot,Gujarat,2025-09-16,Regular,Email
9924,Kavya,Agarwal,Male,43,Indore,Madhya Pradesh,2023-04-12,Regular,Referral
9925,Aditya,Malhotra,Male,44,Jaipur,Rajasthan,2024-01-25,Budget,Email
9926,Rahul,Parmar,Male,55,Vadodara,Gujarat,2025-04-20,Regular,Instagram
9927,Simran,Soni,Female,46,Ahmedabad,Gujarat,2023-08-23,Regular,Organic Search
9928,Rahul,Agarwal,Male,50,Surat,Gujarat,2023-04-24,Budget,YouTube
9929,Priya,Singh,Female,45,Delhi,Delhi,2025-09-08,Regular,Organic Search
9930,Vivaan,Kumar,Female,48,Vadodara,Gujarat,2025-12-26,Premium,YouTube
9931,Simran,Joshi,Male,36,Lucknow,Uttar Pradesh,2025-03-19,Regular,Instagram
9932,Simran,Kumar,Male,43,Lucknow,Uttar Pradesh,2025-11-29,Budget,Facebook
9933,Aanya,Mishra,Male,46,Surat,Gujarat,2023-04-13,Regular,Instagram
9934,Sneha,Malhotra,Male,28,Rajkot,Gujarat,2024-02-15,Budget,Facebook
9935,Vivaan,Desai,Female,58,Chennai,Tamil Nadu,2025-03-18,Premium,Facebook
9936,Yash,Agarwal,Male,49,Indore,Madhya Pradesh,2025-11-26,Premium,Organic Search
9937,Kavya,Malhotra,Female,38,Ahmedabad,Gujarat,2023-03-08,VIP,Referral
9938,Rohan,Kumar,Male,55,Mumbai,Maharashtra,2024-02-07,Regular,Facebook
9939,Riya,Soni,Female,51,Indore,Madhya Pradesh,2023-07-25,Regular,Organic Search
9940,Karan,Patel,Female,57,Hyderabad,Telangana,2023-12-07,Premium,Google Ads
9941,Neha,Patel,Female,39,Jaipur,Rajasthan,2025-12-11,Budget,Google Ads
9942,Diya,Reddy,Female,44,Vadodara,Gujarat,2024-03-01,Budget,Facebook
9943,Riya,Agarwal,Female,25,Jaipur,Rajasthan,2025-08-13,Regular,Instagram
9944,Aarav,Thakkar,Male,57,Vadodara,Gujarat,2023-07-28,Premium,Instagram
9945,Aarav,Patel,Male,48,Kolkata,West Bengal,2024-11-06,Regular,Instagram
9946,Isha,Trivedi,Male,18,Indore,Madhya Pradesh,2025-11-11,Regular,Google Ads
9947,Nisha,Kapoor,Female,56,Delhi,Delhi,2024-01-04,Regular,Referral
9948,Aarav,Agarwal,Male,51,Mumbai,Maharashtra,2025-09-20,Regular,Organic Search
9949,Priya,Joshi,Female,41,Ahmedabad,Gujarat,2023-03-23,Budget,Facebook
9950,Riya,Singh,Female,45,Rajkot,Gujarat,2024-01-12,Regular,YouTube
9951,Raj,Trivedi,Male,21,Rajkot,Gujarat,2023-01-03,Regular,Instagram
9952,Aryan,Mishra,Female,35,Jaipur,Rajasthan,2024-11-14,Regular,Organic Search
9953,Ananya,Agarwal,Male,46,Lucknow,Uttar Pradesh,2025-02-02,Regular,Organic Search
9954,Aditya,Gupta,Female,40,Indore,Madhya Pradesh,2023-09-23,Regular,Referral
9955,Krish,Parmar,Male,54,Pune,Maharashtra,2024-03-10,Premium,Google Ads
9956,Sneha,Agarwal,Female,44,Vadodara,Gujarat,2024-11-12,Regular,Email
9957,Ishaan,Kumar,Male,33,Delhi,Delhi,2024-12-25,Regular,Facebook
9958,Neha,Sharma,Male,44,Surat,Gujarat,2025-03-03,Premium,Instagram
9959,Kavya,Trivedi,Female,26,Surat,Gujarat,2024-01-11,Premium,Google Ads
9960,Yash,Mishra,Female,22,Rajkot,Gujarat,2024-01-01,Regular,Email
9961,Raj,Parmar,Female,25,Pune,Maharashtra,2025-02-05,Budget,Facebook
9962,Simran,Kapoor,Male,35,Indore,Madhya Pradesh,2024-03-03,Regular,YouTube
9963,Raj,Singh,Male,52,Rajkot,Gujarat,2025-10-28,Budget,Facebook
9964,Aarav,Singh,Female,23,Nagpur,Maharashtra,2025-11-30,Budget,Facebook
9965,Neha,Singh,Male,60,Vadodara,Gujarat,2024-10-04,Regular,Organic Search
9966,Dev,Reddy,Male,40,Delhi,Delhi,2024-07-17,Premium,Instagram
9967,Aditya,Patel,Female,43,Jaipur,Rajasthan,2023-09-01,Regular,Referral
9968,Neha,Gupta,Male,56,Lucknow,Uttar Pradesh,2025-04-24,Budget,Facebook
9969,Tanya,Joshi,Male,41,Ahmedabad,Gujarat,2025-07-27,Budget,Email
9970,Arjun,Verma,Male,27,Ahmedabad,Gujarat,2023-10-30,Regular,Email
9971,Diya,Kapoor,Female,32,Delhi,Delhi,2024-01-05,Regular,Facebook
9972,Kabir,Sharma,Male,55,Hyderabad,Telangana,2025-04-30,Premium,Facebook
9973,Diya,Sharma,Female,37,Rajkot,Gujarat,2023-10-02,VIP,Referral
9974,Nisha,Gupta,Male,46,Indore,Madhya Pradesh,2023-03-11,Premium,Email
9975,Isha,Mehta,Male,23,Mumbai,Maharashtra,2023-02-16,Regular,Email
9976,Meera,Kapoor,Male,26,Indore,Madhya Pradesh,2023-04-27,Regular,Instagram
9977,Kavya,Trivedi,Male,22,Ahmedabad,Gujarat,2024-05-31,Budget,YouTube
9978,Ananya,Pandya,Male,56,Kolkata,West Bengal,2025-04-11,Budget,Email
9979,Diya,Reddy,Female,36,Rajkot,Gujarat,2024-09-10,Budget,YouTube
9980,Ananya,Kapoor,Male,22,Surat,Gujarat,2025-01-25,Budget,YouTube
9981,Pooja,Mishra,Male,37,Nagpur,Maharashtra,2025-08-17,Budget,Email
9982,Vivaan,Kapoor,Male,28,Jaipur,Rajasthan,2023-02-05,Premium,Referral
9983,Ishaan,Gupta,Male,44,Surat,Gujarat,2025-06-23,Regular,Referral
9984,Aarav,Thakkar,Female,46,Lucknow,Uttar Pradesh,2024-02-11,Premium,Instagram
9985,Ananya,Patel,Male,24,Vadodara,Gujarat,2024-02-16,Premium,Facebook
9986,Simran,Kumar,Male,20,Ahmedabad,Gujarat,2024-05-02,VIP,Referral
9987,Meera,Trivedi,Male,22,Delhi,Delhi,2025-02-17,Premium,Google Ads
9988,Arjun,Patel,Male,30,Indore,Madhya Pradesh,2025-04-11,Regular,Facebook
9989,Ishaan,Thakkar,Female,33,Pune,Maharashtra,2024-10-05,Regular,Google Ads
9990,Rohan,Sharma,Female,29,Chennai,Tamil Nadu,2024-02-17,Regular,Email
9991,Aditya,Pandya,Male,56,Surat,Gujarat,2023-05-04,Premium,Facebook
9992,Raj,Mishra,Male,44,Bengaluru,Karnataka,2025-10-02,Premium,Facebook
9993,Dev,Joshi,Male,50,Hyderabad,Telangana,2024-10-14,VIP,Google Ads
9994,Ishaan,Pandya,Male,32,Ahmedabad,Gujarat,2023-08-20,Regular,Instagram
9995,Aanya,Agarwal,Male,38,Bengaluru,Karnataka,2024-03-08,Regular,Referral
9996,Vivaan,Malhotra,Female,34,Kolkata,West Bengal,2024-05-05,VIP,Email
9997,Karan,Verma,Female,54,Pune,Maharashtra,2023-03-27,VIP,Email
9998,Aryan,Malhotra,Male,32,Kolkata,West Bengal,2025-11-19,Regular,Referral
9999,Dev,Shah,Male,37,Vadodara,Gujarat,2025-05-24,Regular,Email
10000,Aanya,Trivedi,Male,36,Ahmedabad,Gujarat,2023-06-05,Premium,Facebook
